estagio,gene,HR,ic_inf,ic_sup,p,n,eventos,fdr
I,nrip1,0.7287929744043956,0.6301984160605187,0.8428126539280292,1.9912693128318143e-05,479,216,0.00973730693974757
I,e2f7,1.269307305314694,1.102784743349026,1.460975086064762,0.000888903565260656,479,216,0.07244564056874346
I,stat5a,0.786019418225175,0.6833909901454301,0.9040600984446181,0.0007439861324013586,479,216,0.07244564056874346
I,mmp11,1.2761747569815787,1.1097707108763322,1.4675301793385296,0.0006237456780556804,479,216,0.07244564056874346
I,fn1,1.2595237216827357,1.1079702621522853,1.431807386598871,0.0004196226676532353,479,216,0.07244564056874346
I,dnah2,0.7834512503814816,0.6787731241222225,0.904272487980512,0.0008527759766795564,479,216,0.07244564056874346
I,mmp9,1.2164790692745608,1.0744001824054312,1.3773464954836379,0.001985152922747308,479,216,0.12407240022751356
I,cdkn2c,0.7750582820148252,0.6592425466479808,0.9112205266092139,0.0020298143186505287,479,216,0.12407240022751356
I,stat5b,0.8126932845152963,0.7076689890113624,0.9333041082087827,0.003307460241591724,479,216,0.13477900484486274
I,rps6,0.8247118272533348,0.7268418626673631,0.9357600778737792,0.002788712358580548,479,216,0.13477900484486274
I,smad6,1.226614017730308,1.0724890023978237,1.402887997106367,0.0028687320326877337,479,216,0.13477900484486274
I,mapt,0.8083251863057674,0.7019734818347325,0.9307895863936395,0.0031120617320526496,479,216,0.13477900484486274
I,bcl2,0.8051202946014778,0.6952374224807839,0.9323702490958575,0.0037881761111184967,479,216,0.14249370141053422
I,mmp17,1.2264793715319255,1.0660879172343933,1.4110014985402162,0.004304805007800065,479,216,0.15036068920101656
I,abcb1,0.825739311652393,0.7189402363639491,0.9484034643221683,0.006735798400158757,479,216,0.21958702784517548
I,e2f6,0.8393180976067856,0.7380327384800025,0.954503550101472,0.007593588789622924,479,216,0.23207905738285062
I,col12a1,1.1846702197281078,1.0421115680730355,1.3467305924890034,0.009583200889632663,479,216,0.260343624168354
I,flt3,0.8204314748585447,0.706766342872402,0.9523767108135883,0.00928837631188186,479,216,0.260343624168354
I,mmp25,0.8323513879191645,0.7210680356947826,0.9608092422283091,0.012212867344054095,479,216,0.2986046065621226
I,smad7,1.2044109931224862,1.0418092086480109,1.3923910715252665,0.011954564975748093,479,216,0.2986046065621226
I,gata3,0.8441237797630353,0.7381119645286043,0.9653616115225836,0.01333085354084378,479,216,0.31041844673679087
I,cdkn1a,1.1957472169409915,1.03283965781319,1.3843498320440528,0.0167398375349791,479,216,0.3274312221841912
I,diras3,0.8309653200056577,0.7142909286511109,0.9666976512722526,0.01645242634402637,479,216,0.3274312221841912
I,mmp13,1.151194507872007,1.0265046206686075,1.2910305207310995,0.016075297941010435,479,216,0.3274312221841912
I,wwox,1.1602945585185005,1.0284486551476004,1.3090429510401052,0.01570214447098974,479,216,0.3274312221841912
I,map3k1,0.8475756883916302,0.7392940503384892,0.9717169335038341,0.0177222698149616,479,216,0.3333149976737009
I,atr,1.1461576494737313,1.0215021832679743,1.2860250119529377,0.020227485818970544,479,216,0.34332444693135933
I,itgav,1.1772072828218896,1.0247798293353592,1.3523070488494047,0.02111395222075812,479,216,0.34332444693135933
I,map2k5,0.8468309190994225,0.7344132274149044,0.9764565489472544,0.02214803702046822,479,216,0.34332444693135933
I,vegfa,1.1925299328597307,1.027236701494307,1.384420590403054,0.02072474566605529,479,216,0.34332444693135933
I,lama2,0.860668472344595,0.756114556476021,0.9796798817633536,0.023169134455490507,479,216,0.34332444693135933
I,lipi,1.1189623148517789,1.0166001107123632,1.2316314437356126,0.021658050988021805,479,216,0.34332444693135933
I,prkcz,0.8500957829257448,0.7392790370290382,0.9775237818893403,0.02266949771506011,479,216,0.34332444693135933
I,mmp15,1.1819961773005008,1.0220883547720163,1.3669219071228271,0.024161107712490797,479,216,0.34749357857082347
I,stab2,0.8216399868553825,0.6920211191074115,0.9755370889120646,0.024915847715710104,479,216,0.34810998665663545
I,cdk6,1.1764024046582282,1.0190734617404105,1.3580204662793876,0.02656159448226954,479,216,0.3515065159345015
I,mmp2,1.156846869843411,1.017058425570314,1.3158483786376887,0.02659660754514633,479,216,0.3515065159345015
I,dll4,1.1655029000913755,1.0157632615567784,1.3373165397215698,0.029044251205600224,479,216,0.3569153877141878
I,gsk3b,1.159602550137373,1.0141062822630826,1.3259735175728438,0.030407386545855467,479,216,0.3569153877141878
I,herc2,0.8516716160255895,0.7364141393862806,0.9849682437495472,0.03045546747031878,479,216,0.3569153877141878
I,sgcd,1.1490911369061598,1.0130429463884416,1.3034101324367666,0.03065530937422472,479,216,0.3569153877141878
I,spry2,0.8524967598872312,0.7386811489144053,0.9838490215789164,0.0290604782526216,479,216,0.3569153877141878
I,bmp2,1.1404664980697097,1.010019007396869,1.2877617388326181,0.03393676028156116,479,216,0.3859319948298467
I,mtor,0.8554469256263916,0.7397811519040876,0.9891971979552696,0.03516030878421987,479,216,0.390758886260989
I,ptprd,1.1523510317908658,1.0088162811515324,1.3163079594172504,0.03668157931606525,479,216,0.39860649523457575
I,igf1r,0.863981556412553,0.7524178744071691,0.9920871834805858,0.03821119622077125,479,216,0.40620162939037263
I,src,1.1565213912413963,1.0062961569403095,1.3291730462986098,0.040523253993882034,479,216,0.4208029663641458
I,peg3,0.8482067837770545,0.7241418568353363,0.9935273610471776,0.04130581264924131,479,216,0.4208029663641458
I,pik3r1,0.8660750455602658,0.7523823610348552,0.9969478597431761,0.04522695914954437,479,216,0.4423196604825439
I,hsd17b6,1.149222022916447,1.0031154579893022,1.3166094166303388,0.04498432695080404,479,216,0.4423196604825439
I,brca2,1.1402999305485848,0.9955004926827153,1.306161012643047,0.05810859711992647,479,216,0.4803660929354405
I,cdk1,1.1373522074147522,0.9930953440167226,1.3025637986370693,0.06290800245606308,479,216,0.4803660929354405
I,dtx2,1.1486128150803154,0.9837530610517871,1.341100171577789,0.0796451093888219,479,216,0.4803660929354405
I,acvr1,1.1289954454569033,0.9855324308367536,1.2933422340858156,0.08015465375986908,479,216,0.4803660929354405
I,akt2,0.8853354891856084,0.7741124369987599,1.0125388650909586,0.07539693731870188,479,216,0.4803660929354405
I,aurka,1.1556006414690196,0.9966705165359572,1.339873930659643,0.055392503286604326,479,216,0.4803660929354405
I,csf1,1.1262588920654488,0.99405277225558,1.2760480402647678,0.06199455204416446,479,216,0.4803660929354405
I,csf1r,1.1385061113333341,0.990143038791134,1.3090999126003822,0.06862056305442311,479,216,0.4803660929354405
I,cxcl8,1.120966168427906,0.9873694397902284,1.2726392980391452,0.07779155965110375,479,216,0.4803660929354405
I,eif5a2,1.146122188891783,0.9966984600699892,1.3179473275978069,0.05567582789978505,479,216,0.4803660929354405
I,erbb3,0.8804402669203019,0.7704556022108743,1.0061255462226184,0.06144680979021705,479,216,0.4803660929354405
I,kit,0.8735875901318354,0.7587196885438308,1.0058461499754012,0.060255052058386854,479,216,0.4803660929354405
I,mapk9,1.1344256018865044,0.9886168030707931,1.301739402181093,0.07235737790723576,479,216,0.4803660929354405
I,nfkb1,0.8769455648053318,0.7568528724103649,1.0160938164673743,0.0805521873634072,479,216,0.4803660929354405
I,tgfb3,0.8863291826917197,0.778423104263317,1.0091933497200438,0.06848546859517708,479,216,0.4803660929354405
I,vegfb,1.134801672223591,0.9906083526593735,1.2999838249135653,0.06817164717690304,479,216,0.4803660929354405
I,tbx3,0.8831117910522066,0.7747633072340909,1.0066125076052386,0.06270513256174884,479,216,0.4803660929354405
I,nr1i2,0.8797379826497382,0.7639606012532492,1.0130612977253182,0.07512189154383069,479,216,0.4803660929354405
I,akap9,0.8877969130176953,0.777876017388189,1.0132506223937436,0.07760274627638525,479,216,0.4803660929354405
I,dnah5,0.87775837106846,0.7620209569304564,1.0110742374911745,0.07071499646398745,479,216,0.4803660929354405
I,muc16,1.1334080563150541,0.9925526808993042,1.2942525337354809,0.06437701602591502,479,216,0.4803660929354405
I,nr2f1,0.8624307092862612,0.734461321658016,1.0126969336396583,0.07091791759012954,479,216,0.4803660929354405
I,nt5e,1.1312926892196857,0.9971496202195302,1.283481558565048,0.055411186112935634,479,216,0.4803660929354405
I,ptprm,1.1373777543340644,0.9957602336654904,1.2991361899360334,0.057783160537635415,479,216,0.4803660929354405
I,sik2,0.8758525555171731,0.7575442785416762,1.0126374401278777,0.0733977310179639,479,216,0.4803660929354405
I,smarcc1,0.8711986032741507,0.7515480300003718,1.0098982048378937,0.06735581037292666,479,216,0.4803660929354405
I,usp9x,1.1415633801259868,0.9859403266713344,1.321750328688079,0.07662629894506642,479,216,0.4803660929354405
I,akt3,1.137622972989652,0.9968859594182004,1.2982287657347726,0.05566170777968765,479,216,0.4803660929354405
I,hsd17b13,0.8707849781308254,0.7473091208833643,1.0146624160588131,0.0761630045113987,479,216,0.4803660929354405
I,hsd3b7,0.8841153380251784,0.7743489575449936,1.0094414453782705,0.06860265432434369,479,216,0.4803660929354405
I,rdh5,0.8706769293439708,0.7514464156894624,1.0088255123238545,0.0653254306492973,479,216,0.4803660929354405
I,ugt2b7,1.1250797249744797,0.9878979122689648,1.2813109247709629,0.07566139051613022,479,216,0.4803660929354405
I,ctbp1,0.8812802149387984,0.7639328548134245,1.0166532468776426,0.08301954719937987,479,216,0.4891151636204429
I,thada,0.8862615589942233,0.7724974987838079,1.016779409884783,0.0849665694165682,479,216,0.4946268148178792
I,bche,1.1124392072196785,0.9824371687272682,1.2596439030932998,0.09285738561747475,479,216,0.5342030772581783
I,mapk3,0.8891743519816201,0.7746145974726389,1.0206766446198565,0.0950889332520671,479,216,0.5406800972123351
I,tp53,0.8839649446581042,0.7617018275973,1.0258528929216593,0.10439656017186544,479,216,0.5450801866901228
I,notch1,1.1212602853762583,0.9761657823028315,1.2879212223523988,0.10549452685492261,479,216,0.5450801866901228
I,hes4,0.8887700835078317,0.7714737354957054,1.023900393486455,0.1024923593773416,479,216,0.5450801866901228
I,mmp1,1.0975427164950475,0.9821353737336164,1.2265111783439855,0.10059893037676197,479,216,0.5450801866901228
I,pik3r2,0.8937730586611159,0.7813447438351264,1.0223787728672682,0.10156863228334138,479,216,0.5450801866901228
I,smad9,0.893112128026665,0.7785096692362087,1.0245849277773094,0.10667170923967477,479,216,0.5450801866901228
I,col6a3,1.113985065448839,0.9789801604473697,1.267607635149588,0.10149198038629119,479,216,0.5450801866901228
I,fancd2,1.1241779330258455,0.9761963963670452,1.2945919794474312,0.1040726871750717,479,216,0.5450801866901228
I,cyp3a7,1.1536408116801202,0.9695970215872909,1.372618822812823,0.1070096072029689,479,216,0.5450801866901228
I,hsd17b4,0.8872388216760376,0.7700466147715186,1.022266329841152,0.09786763312536646,479,216,0.5450801866901228
I,bmp7,1.1077038781225563,0.9752361498524156,1.2581648883641532,0.1154675958745135,479,216,0.5515156037528558
I,map2k3,1.1182195303161535,0.9732372795684676,1.284799651874116,0.11477618972180147,479,216,0.5515156037528558
I,mmp21,0.9002696473879391,0.7909550015778909,1.0246922219230572,0.11168684681248897,479,216,0.5515156037528558
I,pdgfrb,1.1199250899594422,0.9733367198930871,1.2885902498966972,0.11356005624874953,479,216,0.5515156037528558
I,lamb3,0.8997580845572855,0.7891765572620419,1.0258345908485769,0.11439521076080425,479,216,0.5515156037528558
I,prkcq,1.1138093517270364,0.9750824045550001,1.2722732624436628,0.11224888613054591,479,216,0.5515156037528558
I,setdb1,0.8958886721699488,0.7810684095179343,1.0275879847935456,0.11616790835694099,479,216,0.5515156037528558
I,dtwd2,1.1153700269383693,0.9702903699731397,1.2821422694599527,0.12459926830619063,479,216,0.5858561750166078
I,cdk4,0.886359789483198,0.7589508076201396,1.0351575734878387,0.12761889650877792,479,216,0.5943394323123086
I,mmp14,1.0983602904202219,0.9726560180008008,1.2403103514967415,0.13030922505938727,479,216,0.6011435005098149
I,akt1s1,0.8980012345152568,0.7806873982099121,1.032943812132725,0.13202039100137655,479,216,0.60334552523059
I,maml1,1.108782039900167,0.9686599545937818,1.2691735692952613,0.13412440616405638,479,216,0.6072855056872553
I,aph1b,0.8944125202813816,0.7714941756914906,1.0369148357070563,0.1390383093114641,479,216,0.6169062829745079
I,dtx3,0.8992203579881067,0.7778979828362932,1.0394643900116993,0.15084924784312875,479,216,0.6169062829745079
I,spen,0.906378629782046,0.7947089929574221,1.033739680569581,0.14283592296874137,479,216,0.6169062829745079
I,akt1,1.1057226446713126,0.9631656213100854,1.2693793672535014,0.153564783369992,479,216,0.6169062829745079
I,folr1,1.1058220384445698,0.9664546758677165,1.265286837804156,0.1433247167080483,479,216,0.6169062829745079
I,mapk1,1.1038354025215955,0.9685391185296597,1.2580313717320444,0.13865751047227892,479,216,0.6169062829745079
I,mapk12,1.0997349743070757,0.9646281239056247,1.2537650351903993,0.1551727460242627,479,216,0.6169062829745079
I,mlst8,0.8961342382209745,0.7743310867104444,1.0370971625632068,0.14121676018474733,479,216,0.6169062829745079
I,opcml,0.899622773010578,0.779233075517828,1.0386123987119251,0.14899025467000573,479,216,0.6169062829745079
I,cbfb,1.1025400045576392,0.9637768340938929,1.2612820921274952,0.15492094716973873,479,216,0.6169062829745079
I,tubb4b,1.1083553917797169,0.962604533016853,1.2761748281375094,0.15267586062438515,479,216,0.6169062829745079
I,birc6,0.8951709595964311,0.769907632418239,1.0408145252279901,0.14991260843320994,479,216,0.6169062829745079
I,col22a1,1.1034070568673617,0.9667853624772786,1.2593355054786601,0.1445380584916438,479,216,0.6169062829745079
I,nras,1.1045971461698003,0.9634641670655811,1.2664039795508193,0.15377669189252624,479,216,0.6169062829745079
I,ugt2b15,0.8831285750459512,0.7455518309153265,1.0460923677233498,0.15031120749687313,479,216,0.6169062829745079
I,stk11,0.904671199888626,0.7863527464904693,1.0407924224346126,0.16124865434066088,479,216,0.624502815051635
I,rb1,1.0938136593947763,0.9522805930785518,1.256382131668518,0.20467142290451282,479,216,0.624502815051635
I,myc,0.9022909889422255,0.776354715119942,1.0486559981806274,0.18007008822509954,479,216,0.624502815051635
I,mdm2,1.0788012032442111,0.9644843969077963,1.2066675623290744,0.18443748014648367,479,216,0.624502815051635
I,adam17,1.1176554902234346,0.9566071814424598,1.3058168693057453,0.1611687950412643,479,216,0.624502815051635
I,hdac2,1.0937566669010341,0.9578615423074889,1.2489317020793669,0.18552036332061272,479,216,0.624502815051635
I,jag1,0.905670120486058,0.7853558146727186,1.044416240151031,0.17307301052920526,479,216,0.624502815051635
I,notch3,1.1021194197596291,0.9497072051609207,1.2789912604753644,0.2003883597027572,479,216,0.624502815051635
I,nrarp,0.9030126629637988,0.7754945478398285,1.0514991649449887,0.18903334603001182,479,216,0.624502815051635
I,hey2,0.9091583864996203,0.7845167623664313,1.053602690717933,0.20554805782874436,479,216,0.624502815051635
I,dlec1,0.9202140558776291,0.8088972745092233,1.0468497488120796,0.2062413814996068,479,216,0.624502815051635
I,dph1,1.0991537989128028,0.9577834619835749,1.2613906186711386,0.1783335315193414,479,216,0.624502815051635
I,folr3,1.0948591811876685,0.9566329584059791,1.253058047078299,0.18813870515372683,479,216,0.624502815051635
I,igf1,0.9117177782970958,0.7959660136070408,1.0443025117318145,0.18213930998568056,479,216,0.624502815051635
I,inhba,0.9093106657741543,0.7885154402033545,1.0486109018707308,0.1911226880240934,479,216,0.624502815051635
I,kras,1.1062887534950825,0.9493056726934395,1.289231531333039,0.19577821361467126,479,216,0.624502815051635
I,map2k1,1.1039661140683577,0.9553708468722976,1.2756734047319078,0.17992723070749808,479,216,0.624502815051635
I,mmp16,1.0991365416409715,0.958750004185819,1.2600794074534662,0.17517311336033564,479,216,0.624502815051635
I,mmp24,1.09550649989108,0.9608262920855504,1.2490649987300169,0.1729175137006752,479,216,0.624502815051635
I,mmp3,0.9163214431251608,0.8016997849351477,1.0473309372272055,0.1999479019320708,479,216,0.624502815051635
I,rps6ka1,0.911569505958602,0.791635945042913,1.0496731097127798,0.198302403120913,479,216,0.624502815051635
I,tgfbr1,1.0984896595672113,0.9547244961648941,1.2639033951923215,0.18932998516122562,479,216,0.624502815051635
I,tsc1,0.9109289356219987,0.7906263109903331,1.0495369483897348,0.19672995052522538,479,216,0.624502815051635
I,runx1,0.9167716976244769,0.8116836503770413,1.0354654121403726,0.1618390201077531,479,216,0.624502815051635
I,bbc3,0.9043048790669326,0.7814380558489404,1.0464902600831893,0.17699653056807002,479,216,0.624502815051635
I,cyp3a4,0.9132578601284176,0.7952198778328402,1.0488167390373715,0.1987979572340597,479,216,0.624502815051635
I,map2,1.106545249900837,0.9577407161509114,1.2784695997879765,0.16944643752491972,479,216,0.624502815051635
I,alk,1.1109748616295723,0.9576961029549218,1.2887858051887084,0.1647347984507495,479,216,0.624502815051635
I,arid2,0.9107147713232552,0.7876958961378271,1.0529461925256043,0.20653208073780793,479,216,0.624502815051635
I,clrn2,1.094140636411104,0.9526822894972766,1.2566033245750998,0.2027657547091848,479,216,0.624502815051635
I,gpr32,1.0907434315125097,0.9550031727235908,1.2457772574667971,0.2002030480173286,479,216,0.624502815051635
I,large1,0.9049948437186511,0.7826290857221463,1.0464927538459994,0.17803291786680117,479,216,0.624502815051635
I,nr3c1,0.9047752818055628,0.7822104620190031,1.0465448243345634,0.1778520546958069,479,216,0.624502815051635
I,pbrm1,0.9095814168739917,0.7888000336944607,1.0488568947538426,0.19231918312585575,479,216,0.624502815051635
I,smarcc2,0.9241700190771891,0.8176983226046746,1.0445052907049333,0.2066867790609079,479,216,0.624502815051635
I,taf4b,0.9081371208343593,0.7881389912466077,1.046405569825777,0.18265238315430096,479,216,0.624502815051635
I,tg,1.1018041756399761,0.9478116656812782,1.2808161003009972,0.2068905031459404,479,216,0.624502815051635
I,hsd17b8,0.9144922607079389,0.7986723728974431,1.0471078295356349,0.19576047677834477,479,216,0.624502815051635
I,tulp4,1.1006144209606195,0.961377819801738,1.2600166954926142,0.1647701136675533,479,216,0.624502815051635
I,wfdc2,0.9014709337369279,0.7659771103176548,1.0609322829967052,0.21195578315477964,479,216,0.6281598664405288
I,zfyve9,0.9151281621390863,0.79667741312028,1.051190280216498,0.20981797090427035,479,216,0.6281598664405288
I,cyp3a43,0.9151104754140036,0.7963915723627085,1.0515269262932958,0.21083435330397188,479,216,0.6281598664405288
I,fgfr1,0.8931185129312166,0.7471626147933305,1.0675864428269144,0.21438459380062877,479,216,0.6315305202922137
I,ugt2b17,0.9120115903011499,0.7870679335523203,1.0567895163630636,0.22050228246064568,479,216,0.6456623719955433
I,ahnak2,1.0930740736446565,0.9460723600519619,1.2629170673673422,0.22717163332746104,479,216,0.6577869607609002
I,gh1,1.0984502632898678,0.9431353041015644,1.2793423972936595,0.2273333259071414,479,216,0.6577869607609002
I,fgf2,1.0746090875315284,0.9550371020925013,1.2091516533495845,0.23186056454911483,479,216,0.6669400944971597
I,ccnb1,1.0871568761800243,0.9466180441963269,1.2485606847151782,0.23672669503531374,479,216,0.6691292131344996
I,afdn,1.0902753896678221,0.9451739528920087,1.2576525428765566,0.23556752637846948,479,216,0.6691292131344996
I,fam20c,1.0897543759457593,0.9457230087833671,1.2557213781027523,0.23468030545680468,479,216,0.6691292131344996
I,stat1,1.0846161824702127,0.9474310652862523,1.2416652845564318,0.23908372883852994,479,216,0.6719077207013858
I,acvr1b,0.924825247191319,0.8111099434841021,1.054483112571099,0.24302468250570705,479,216,0.6752219871891519
I,lifr,0.9179975045794072,0.7952470418527272,1.0596951312773109,0.24269771190118664,479,216,0.6752219871891519
I,sox9,0.9197967418830266,0.798785056325755,1.0591410538777162,0.24539288006261994,479,216,0.67794982118995
I,arid1a,0.9283452064933954,0.8178282348390654,1.0537968557527944,0.2502657802833934,479,216,0.6798887031032188
I,ncoa3,1.0886045005197185,0.9419857444246774,1.2580442597627284,0.2500491283265246,479,216,0.6798887031032188
I,ppp2r2a,0.9232775731159176,0.8060859432165971,1.0575069373089983,0.2490702973690157,479,216,0.6798887031032188
I,e2f3,1.0846651846207345,0.9424754006753066,1.2483069180217778,0.2569651619302882,479,216,0.6837232426999547
I,terc,0.9158358763064263,0.7864942505492432,1.0664481676048112,0.25772467430750745,479,216,0.6837232426999547
I,or6a2,1.083744705050172,0.941953207387134,1.246879968679352,0.2609665592083995,479,216,0.6837232426999547
I,cdk8,1.0883947182636695,0.9405335395290406,1.2595011373410738,0.25553520131936536,479,216,0.6837232426999547
I,hsd17b14,1.0696047539670026,0.9529693257514705,1.2005153773513753,0.2533565859481518,479,216,0.6837232426999547
I,prkci,1.0851132693291499,0.9413209392797937,1.2508707265930799,0.2600722438775842,479,216,0.6837232426999547
I,slc29a1,1.0803318007536535,0.944032057146035,1.2363105584020304,0.2614647165335205,479,216,0.6837232426999547
I,ubr5,1.0816874162679326,0.9423390121730897,1.2416419689705902,0.26445161764383496,479,216,0.6878555373821027
I,nf1,1.0832328945279506,0.9402627986800509,1.2479420704877637,0.26826999771846866,479,216,0.6898671668649743
I,jak1,0.9331544529976408,0.8246833875008053,1.0558927781826766,0.27249417176906654,479,216,0.6898671668649743
I,hes2,0.9192386664303969,0.7892360834510141,1.0706552115127432,0.27906640739990607,479,216,0.6898671668649743
I,apaf1,1.0836530817280114,0.9374048358114563,1.252718096469057,0.2774384668401413,479,216,0.6898671668649743
I,bmp4,0.9221301147933528,0.7958408049711739,1.0684598518916124,0.28068047837690346,479,216,0.6898671668649743
I,bmp6,0.9127901954581035,0.7737752196280515,1.076780335928759,0.2790585975851383,479,216,0.6898671668649743
I,erbb2,0.9144478112883966,0.7797772048879469,1.0723765638805793,0.2712069487567415,479,216,0.6898671668649743
I,folr2,1.0788667743108191,0.9414107714589186,1.236392818097923,0.2749688350665921,479,216,0.6898671668649743
I,rab25,0.9326483842727685,0.8239794141371962,1.055648956469894,0.2699577604248963,479,216,0.6898671668649743
I,ctcf,1.0781326016118562,0.9420013645047476,1.233936542405604,0.2746640751940571,479,216,0.6898671668649743
I,tbl1xr1,1.0821530685141656,0.9375282526233338,1.2490879719281522,0.28074348917408976,479,216,0.6898671668649743
I,serpini1,1.071386237760684,0.9444746541831298,1.2153512700198157,0.2837607557540873,479,216,0.6937950478187435
I,akr1c3,0.919633665854178,0.788097280846986,1.0731239656904703,0.2874078643566589,479,216,0.6992161476139611
I,rasgef1b,1.0751248663823718,0.9394046457674483,1.2304532275007047,0.2927635517897691,479,216,0.7087196872534509
I,gldc,0.928507301364112,0.8069614774832441,1.0683605509587253,0.3000986744022458,479,216,0.7158451306473083
I,hes6,1.0790616711952123,0.9345319579613292,1.245943576699799,0.2996861973671652,479,216,0.7158451306473083
I,srd5a1,1.0766659911148038,0.9370470532190487,1.2370879908762062,0.2972228223202015,479,216,0.7158451306473083
I,palb2,0.9250485676935334,0.7973775904915203,1.073161401569333,0.3038785853196064,479,216,0.7213428554431432
I,acvr1c,0.9304123029448267,0.81005541837051,1.0686516426400223,0.3074835663728506,479,216,0.7263742220112268
I,stat2,1.0734109487694015,0.9345439537923812,1.2329126524893257,0.3162338608256052,479,216,0.7383582739719091
I,casp8,0.9313480930145812,0.8096278664382902,1.07136785468835,0.3196014700496103,479,216,0.7383582739719091
I,map3k4,1.0692893704766846,0.9382271157468465,1.2186598944161535,0.3152833626673478,479,216,0.7383582739719091
I,raf1,1.0766234827407084,0.9311638355058013,1.2448057789520015,0.3188002915681901,479,216,0.7383582739719091
I,mtap,0.9198857335023557,0.780264370801784,1.0844910960520204,0.32010624556655365,479,216,0.7383582739719091
I,psen2,0.9328026737884236,0.8110144444842761,1.0728795697099354,0.32981523211933045,479,216,0.7467110967347883
I,izumo1r,0.9322040692650493,0.8094434279816289,1.0735826578037764,0.32983557647180833,479,216,0.7467110967347883
I,tert,0.9386055114879898,0.8263209885287556,1.0661478026404665,0.32972904535456493,479,216,0.7467110967347883
I,smarcd1,0.9403274691592386,0.8312359812464148,1.0637361341475646,0.3281170588864709,479,216,0.7467110967347883
I,ccnd3,1.0731190542232358,0.9301595136739041,1.2380505575742522,0.3333242474352787,479,216,0.7511315990592226
I,hes5,0.9249407983003616,0.7880047432525961,1.0856730085522766,0.33985618654742583,479,216,0.7610156916339064
I,rassf1,0.9368696450508738,0.8192297657546063,1.0714023934533963,0.34082297846181087,479,216,0.7610156916339064
I,map3k10,1.068165366332855,0.9320167424311739,1.2242025254361346,0.34317412893080146,479,216,0.7627824956689179
I,pten,0.9336620545971756,0.8090012077859478,1.0775321764726802,0.3478690884932031,479,216,0.7697193858514766
I,dtx1,1.0682533330097956,0.928471964498087,1.2290787736422695,0.35613754481445337,479,216,0.7697384817892213
I,braf,0.9370940849357965,0.8166717435018344,1.0752733041261215,0.35454437681183104,479,216,0.7697384817892213
I,gdf2,1.0637140986149338,0.9326248599161373,1.2132291687934693,0.3573223627119698,479,216,0.7697384817892213
I,tgfb1,1.0684084123526816,0.9283235051176747,1.229632266438499,0.35612639570570603,479,216,0.7697384817892213
I,tgfbr3,0.9359515964824227,0.8130911191669118,1.0773766559589846,0.3565707829650593,479,216,0.7697384817892213
I,klrg1,0.935002660072141,0.8106982538545728,1.0783666674811951,0.35581722857718456,479,216,0.7697384817892213
I,rps6ka2,0.9403470943595004,0.824059881419984,1.0730441777442792,0.3611284732010367,479,216,0.7704913298857146
I,ros1,1.0669078018644451,0.9282346276869415,1.2262979894595412,0.3619441517406161,479,216,0.7704913298857146
I,ackr3,1.0651095104906687,0.9299174274472619,1.2199559185076252,0.36239878501782075,479,216,0.7704913298857146
I,maml2,0.9371060857219518,0.8142960416522513,1.0784380261940945,0.36475205316808545,479,216,0.7721374631999731
I,abcc1,1.06430600497579,0.9292022238869418,1.2190535527230402,0.36822185357932513,479,216,0.7735164809825985
I,abcc10,1.069146897580084,0.9241501610103325,1.23689324184659,0.3685671576052054,479,216,0.7735164809825985
I,cul1,0.9338957745659471,0.8004124231035931,1.089639906350193,0.3848108987854185,479,216,0.7874154242452248
I,pdgfra,0.9452786026038296,0.8332313562943893,1.0723931952279382,0.38200190127092937,479,216,0.7874154242452248
I,ncor1,0.944897889026136,0.8321298579207113,1.072947944587659,0.3820650424434793,479,216,0.7874154242452248
I,setd1a,0.9432059492733565,0.8269343790458223,1.075825948573069,0.38370372016187193,479,216,0.7874154242452248
I,spaca1,0.9405901428359537,0.8196667613891196,1.0793530474516366,0.3830186244731614,479,216,0.7874154242452248
I,cyp11b2,1.0646220220659002,0.9243950906560762,1.2261208019433094,0.38485130142046775,479,216,0.7874154242452248
I,numbl,1.0648808529196379,0.9219050274228586,1.230030423073858,0.3927870034604952,479,216,0.7974267490737099
I,pde4dip,1.0607397202087496,0.9265051971987903,1.2144224958806369,0.393005821118127,479,216,0.7974267490737099
I,dnah11,1.0648817563631463,0.9203039585254119,1.232172419264616,0.3984457010860021,479,216,0.805123751367996
I,e2f4,1.0622360433970217,0.9221521557821787,1.2236000369534303,0.40272948810327647,479,216,0.8051873520769902
I,numb,1.062724564663059,0.9213911051294275,1.2257373595761427,0.4034169759894941,479,216,0.8051873520769902
I,hsd17b3,0.9400509417631212,0.8135121840556755,1.0862723268681274,0.4019722880271741,479,216,0.8051873520769902
I,fanca,1.0606710631081966,0.9227715410717776,1.2191783708548096,0.40716092286380645,479,216,0.8093564686195177
I,gdf11,1.064572023582497,0.9162065959024062,1.236962927862672,0.4138519675839123,479,216,0.8193263649738182
I,slc19a1,0.9413390656280427,0.8135226465524763,1.0892373312932933,0.4168362887517685,479,216,0.821907037095221
I,brca1,0.9478860031915166,0.823240086869937,1.0914044266995702,0.45685312075145756,479,216,0.8326436646626094
I,cdh1,0.9512864348615305,0.8256696523315115,1.0960144636492217,0.4894723508119959,479,216,0.8326436646626094
I,nbn,1.0506143035235778,0.9233925265682398,1.195364249774184,0.45341160061049934,479,216,0.8326436646626094
I,msh6,0.946837561731088,0.8148232289768592,1.1002403176828583,0.47581731873767485,479,216,0.8326436646626094
I,rbl2,1.0422048972272298,0.9227439981156313,1.1771315229603991,0.5057160908073518,479,216,0.8326436646626094
I,ccne1,1.0605428142236812,0.9073240977989623,1.239635388864872,0.46030614003691395,479,216,0.8326436646626094
I,cdk2,1.0526227424617955,0.9079267524065545,1.2203788852028903,0.49667337380126875,479,216,0.8326436646626094
I,cir1,0.9546923294788134,0.8365127596589577,1.0895678917525085,0.4916499633229633,479,216,0.8326436646626094
I,hdac1,0.9494858332606841,0.8236849920113714,1.094500150307813,0.4747421433561966,479,216,0.8326436646626094
I,hes1,1.049673025517381,0.9176732824902021,1.2006598443281762,0.4795619219906819,479,216,0.8326436646626094
I,psenen,0.9547918002217698,0.8348721557889401,1.0919365024328251,0.4993119197336149,479,216,0.8326436646626094
I,snw1,0.9516754554502155,0.8317947055797152,1.0888337788531144,0.47088622007287617,479,216,0.8326436646626094
I,hey1,1.0603190926805615,0.9106984245616376,1.2345212728836077,0.45044903632740174,479,216,0.8326436646626094
I,acvr2a,0.9541719353164768,0.8349588165858364,1.0904059745945496,0.49087187382843,479,216,0.8326436646626094
I,bmp15,1.052173989466794,0.9222861177022992,1.200354296634676,0.4493236506670626,479,216,0.8326436646626094
I,casp6,0.9536986601400597,0.8320126733070328,1.0931818270721247,0.49605464778042696,479,216,0.8326436646626094
I,cxcr1,1.0590510864565406,0.9098575161069852,1.2327086207120996,0.45895005069131534,479,216,0.8326436646626094
I,egfr,1.0612274066698568,0.8931837572603785,1.2608867990631425,0.4992686099409396,479,216,0.8326436646626094
I,mapk6,1.0519679029747784,0.9178132736527965,1.2057316021208329,0.46670214082987993,479,216,0.8326436646626094
I,mmp19,1.0438459206338517,0.9200018104419035,1.1843610454424653,0.5054333542250129,479,216,0.8326436646626094
I,mmp26,0.9521399402318305,0.8346520802951486,1.0861657056723484,0.46546364661284667,479,216,0.8326436646626094
I,mmp27,0.9547879217873478,0.8389763502883785,1.0865860226902162,0.4831305099211024,479,216,0.8326436646626094
I,nfkb2,0.9486383979113162,0.8197587198245061,1.0977801006915822,0.47909971450389555,479,216,0.8326436646626094
I,ptk2,1.052783187601572,0.9146521920812988,1.2117747595120956,0.4735050598159072,479,216,0.8326436646626094
I,rps6kb2,1.0567494000672326,0.9217247467319439,1.2115539899540315,0.428727757103625,479,216,0.8326436646626094
I,smad5,0.9410130211284735,0.8011753943540565,1.1052579899152686,0.45887224744235855,479,216,0.8326436646626094
I,myh9,1.048171732711784,0.9182833999271303,1.1964323664602967,0.48580036067754373,479,216,0.8326436646626094
I,cyp2c8,0.9561123147879008,0.8484758258294187,1.0774034223019369,0.4614265975405796,479,216,0.8326436646626094
I,tubb1,1.0544030779729778,0.9180285686698253,1.2110362234693626,0.4534611608128044,479,216,0.8326436646626094
I,tubb4a,1.0382995259310315,0.9304899140595716,1.158600312866567,0.5016206693103101,479,216,0.8326436646626094
I,adgra2,0.9521348518550758,0.834331987255773,1.0865708015089823,0.4666938327215362,479,216,0.8326436646626094
I,apc,1.0456860642408377,0.9231905323772939,1.1844351806032314,0.4822103899893053,479,216,0.8326436646626094
I,arid5b,0.9559889808412669,0.8382433397628439,1.0902740148803203,0.5021190166385501,479,216,0.8326436646626094
I,chd1,0.9485175816023648,0.8245734681722208,1.0910921068113848,0.4594361275231158,479,216,0.8326436646626094
I,ctnna3,1.050458413887278,0.9169952081628365,1.2033463964520812,0.47766812400910375,479,216,0.8326436646626094
I,gps2,1.0466107676096932,0.9185193042613071,1.1925651358601448,0.49400200968886543,479,216,0.8326436646626094
I,l1cam,0.9405871508112075,0.8077971933615077,1.095205820893735,0.4302303065844181,479,216,0.8326436646626094
I,magea8,1.051938323707235,0.9075889798766221,1.2192460038842863,0.5013430164229709,479,216,0.8326436646626094
I,map3k13,1.0546412600032289,0.9152704078025579,1.2152345119204777,0.4619307718664746,479,216,0.8326436646626094
I,men1,0.9492778240285347,0.8216166001004986,1.0967748060130786,0.4799401875283821,479,216,0.8326436646626094
I,nrg3,1.0546622450777134,0.9018400312986009,1.2333811015138603,0.5051839824904543,479,216,0.8326436646626094
I,setd2,0.9511525202910118,0.8319147941930982,1.0874805006123658,0.4636703836285706,479,216,0.8326436646626094
I,stmn2,0.9496877330513173,0.8201712572339549,1.09965666603564,0.49015336280476174,479,216,0.8326436646626094
I,ush2a,1.05254969158825,0.9131971426246286,1.213167235804535,0.4796841709119648,479,216,0.8326436646626094
I,cyp21a2,0.9527067974699774,0.8354315856365969,1.0864447281507477,0.4697540737801068,479,216,0.8326436646626094
I,hsd17b2,0.9473817523520933,0.8149782857817929,1.101295826340622,0.48159163435157226,479,216,0.8326436646626094
I,srd5a2,1.044915936006753,0.9204581426531967,1.1862020256278485,0.497123235917009,479,216,0.8326436646626094
I,srd5a3,1.0479341898695687,0.9187620451541388,1.1952671228526337,0.4854343183632641,479,216,0.8326436646626094
I,star,1.0533775752919228,0.9193431875932083,1.2069533239624863,0.4539259092327964,479,216,0.8326436646626094
I,rbl1,1.050005608768094,0.9058247464636106,1.2171358562997117,0.5173150121045624,479,216,0.8347441755038025
I,psen1,1.0494285913853818,0.9078727610067246,1.2130558550912944,0.5140125188914505,479,216,0.8347441755038025
I,hes7,0.9581047597758775,0.8391835659910688,1.0938783454619767,0.5267689323004681,479,216,0.8347441755038025
I,dab2,1.0443327271688851,0.9169643737576418,1.1893928229367179,0.513323745789521,479,216,0.8347441755038025
I,inha,1.0546326261305825,0.8942192598852389,1.2438224337080723,0.5274763808398262,479,216,0.8347441755038025
I,rps6kb1,0.9546044282744904,0.8310738113374547,1.096496607220425,0.5111324775851438,479,216,0.8347441755038025
I,sptbn1,0.961055374630311,0.8510273962591487,1.0853086953085012,0.5219587128624783,479,216,0.8347441755038025
I,asxl1,1.0481827700952442,0.9072685160797448,1.2109834079461983,0.5229291305997117,479,216,0.8347441755038025
I,nek1,0.9541814469108508,0.8287266641978844,1.098627898633033,0.5143236825168865,479,216,0.8347441755038025
I,palld,1.0446361854552477,0.9125588582786346,1.195829452602049,0.5266101836527463,479,216,0.8347441755038025
I,ptpn22,1.0406951919068756,0.9205977974073518,1.1764599975236045,0.5237460243114558,479,216,0.8347441755038025
I,prkd1,1.0443618535940584,0.9135749427848819,1.19387215012446,0.5248735249336841,479,216,0.8347441755038025
I,fbxw7,0.9591138198290652,0.8379309229334435,1.0978223791606838,0.5446876731316954,479,216,0.8479685591840004
I,map2k4,0.9584284879402591,0.835154761428366,1.099898137351686,0.545538198195844,479,216,0.8479685591840004
I,smad3,0.9597345041548405,0.8412905734909379,1.0948539630525878,0.540842310645933,479,216,0.8479685591840004
I,clk3,0.9584652917512494,0.8370513851733608,1.0974902279165883,0.5393107256449585,479,216,0.8479685591840004
I,akr1c1,1.0417477152606078,0.9126940156340159,1.189049433502443,0.5444345799933163,479,216,0.8479685591840004
I,akr1c2,1.0495217971405892,0.8970318730374817,1.227934074341623,0.5462374154252763,479,216,0.8479685591840004
I,cdkn2a,0.9543119753575736,0.8096023554533682,1.1248872241742505,0.5772790091410749,479,216,0.8550363838538302
I,e2f2,1.0426951533367843,0.9056711694485727,1.2004502511148512,0.5608194970928191,479,216,0.8550363838538302
I,e2f8,1.0393732404448448,0.907402268390318,1.1905378359580303,0.577245036326932,479,216,0.8550363838538302
I,tp53bp1,0.9622457200211921,0.8376757957641764,1.1053403123035535,0.5863887872150585,479,216,0.8550363838538302
I,rfng,0.9632839771936883,0.8440076336100928,1.0994166210903733,0.5791389763729966,479,216,0.8550363838538302
I,bcl2l1,1.0421589077368156,0.9019590470840491,1.2041513331302998,0.5753544797704685,479,216,0.8550363838538302
I,foxo3,0.9638587160578138,0.8429942344456025,1.1020521689944798,0.5902491485406015,479,216,0.8550363838538302
I,map2k2,0.9640497622149754,0.8455493950319349,1.099157482090859,0.5842927942219336,479,216,0.8550363838538302
I,mmp12,1.0365726642310438,0.9155218273423087,1.1736289142883547,0.5707639822378745,479,216,0.8550363838538302
I,pdgfa,1.041098643577884,0.9076163978149703,1.1942119911772182,0.5650703825760997,479,216,0.8550363838538302
I,pdgfb,1.0406023953528334,0.9035196761760366,1.1984834129977238,0.5807923540954604,479,216,0.8550363838538302
I,smad2,0.9592011839724975,0.8317110235450996,1.1062338784600112,0.5670133610810852,479,216,0.8550363838538302
I,tsc2,0.9619866468918585,0.8351835390971891,1.1080418440700992,0.5910067438498867,479,216,0.8550363838538302
I,kmt2c,0.9614754972231935,0.8382628978678127,1.102798578002152,0.5744719643300558,479,216,0.8550363838538302
I,aff2,1.0342978875275821,0.915436168948251,1.1685928046442442,0.5882161819546181,479,216,0.8550363838538302
I,foxp1,0.9596249070979422,0.8264181830204148,1.114302639079259,0.5888410833594626,479,216,0.8550363838538302
I,kdm6a,1.0405173860996675,0.9109220232412686,1.1885500659247148,0.5583879599216899,479,216,0.8550363838538302
I,npnt,1.0392563804313586,0.9063711763863287,1.191624195920955,0.5812030053943422,479,216,0.8550363838538302
I,siah1,1.0421170468141647,0.9075003888044946,1.1967024506637844,0.5588283542299644,479,216,0.8550363838538302
I,cyp19a1,1.0425476023795972,0.900144807081044,1.2074785019890557,0.578171556423124,479,216,0.8550363838538302
I,ddc,1.0434482424360616,0.8984875601747678,1.2117966713207724,0.5773144975638327,479,216,0.8550363838538302
I,pik3r3,0.9628152026927984,0.8443962443497939,1.0978413520185628,0.5714516870547779,479,216,0.8550363838538302
I,ran,0.9586687999414307,0.831509780893815,1.1052736709762245,0.5609964013641964,479,216,0.8550363838538302
I,prkacg,1.041245991733735,0.8972754384410283,1.2083170550007494,0.5944896488949971,479,216,0.8575381661051729
I,arl11,1.037953326840405,0.9032564235296414,1.1927367252912875,0.5994058331198908,479,216,0.8620866246930196
I,agtr2,0.9651434537727741,0.8441518926272294,1.1034766308008297,0.6036589496812734,479,216,0.8656575554080431
I,aph1a,0.9666178810873829,0.8490851415878943,1.100419831031917,0.6077491481991969,479,216,0.866441205450167
I,mapk14,1.0388529063217797,0.8985321325361836,1.2010871085122252,0.6066657962458495,479,216,0.866441205450167
I,hsd3b2,0.9658676900360915,0.8446015158234833,1.104545015818591,0.6119123788557335,479,216,0.8698405618036444
I,heyl,1.0353645008847039,0.9021740396662378,1.188218240117854,0.620838465643305,479,216,0.877427773698197
I,eif4ebp1,1.0376357821013409,0.8966428077607661,1.20079925582176,0.6200226686846968,479,216,0.877427773698197
I,map3k5,0.9659552043995787,0.8400016386888255,1.1107948055471388,0.6270277719030148,479,216,0.8836212693388307
I,bard1,0.9668575459327501,0.838984327838971,1.1142204724311866,0.6414552889821957,479,216,0.8860780686787958
I,fgf1,1.0316654663237024,0.9073385589977393,1.1730281093537813,0.6342091675832587,479,216,0.8860780686787958
I,ctnna1,1.0361336955416793,0.8930966940730997,1.202079284540478,0.6395595536483201,479,216,0.8860780686787958
I,ppp2cb,1.0302921003019243,0.909181889359271,1.1675351482117884,0.6399825315047886,479,216,0.8860780686787958
I,prps2,0.9682167762440848,0.8477867364449573,1.1057541779097553,0.6336463480204515,479,216,0.8860780686787958
I,shank2,0.968106778606622,0.844664474504772,1.1095893849846008,0.6414026504591105,479,216,0.8860780686787958
I,smarcb1,1.0321853055322623,0.9035875865367864,1.17908492860128,0.6407745289393487,479,216,0.8860780686787958
I,bmpr1b,1.0310954431802777,0.903133527302283,1.1771878474303274,0.6505918543060372,479,216,0.8961673711426822
I,ccnd1,0.9676280583548229,0.8377888962599195,1.1175894828582702,0.6544089053971696,479,216,0.8988931312899323
I,kdm3a,0.9694990702068088,0.8446702790911201,1.1127755650917965,0.6595967062339935,479,216,0.9034812026566466
I,asxl2,0.9728941907552304,0.859934025875012,1.1006927019106558,0.6625502449420182,479,216,0.9049918150185668
I,thsd7a,1.0335923630959964,0.8901900530520438,1.2000956081093268,0.6646018095644441,479,216,0.9052654174847163
I,atm,0.9733143479555064,0.859753797545461,1.1018745397120044,0.6691480658293139,479,216,0.9068503824352646
I,hsd17b12,0.9667422401769972,0.8276848293002007,1.1291623645350921,0.6694744132088559,479,216,0.9068503824352646
I,mapk8,0.9703377942457447,0.8437571251291116,1.1159081291285338,0.6728707128216831,479,216,0.9089330899718316
I,hla-g,1.028177388942595,0.9001586139112202,1.174402740578646,0.6821127639977942,479,216,0.9188791779474417
I,arrdc1,0.9712898138650297,0.8403167587934983,1.122676529589241,0.6934526405769277,479,216,0.9239736818586312
I,maml3,0.9721765525579834,0.8463399501712183,1.1167229541182855,0.6899034898718789,479,216,0.9239736818586312
I,bmp3,1.0292571742546275,0.8924209870504602,1.1870746498868705,0.6919554303785771,479,216,0.9239736818586312
I,cyp11a1,1.0303035415917716,0.8895317249473054,1.1933530396337813,0.6904289675862816,479,216,0.9239736818586312
I,ncoa2,0.9735348347655163,0.8485766070673797,1.1168939452353595,0.7019596432521509,479,216,0.932767025951907
I,sbno1,1.0265317395001703,0.8966190584607386,1.1752676928486099,0.7044636335788352,479,216,0.9335574981573183
I,msh2,0.9761041703637392,0.8472716012872973,1.1245264800022612,0.7377048096598487,479,216,0.9394209685512136
I,ncor2,1.023378782868468,0.9006891336918527,1.162780913024376,0.7228304164202787,479,216,0.9394209685512136
I,bmpr2,1.0247206092764118,0.8886379864336322,1.1816424045634064,0.7369383746331489,479,216,0.9394209685512136
I,chek1,1.0246559529161121,0.8914163454273577,1.1778108256956843,0.7318223356485365,479,216,0.9394209685512136
I,erbb4,0.9750484169795499,0.8416076896252138,1.129646778628772,0.7364892371935285,479,216,0.9394209685512136
I,mmp23b,0.9772333384323302,0.8551984561834369,1.1166823219086313,0.7350741658752318,479,216,0.9394209685512136
I,mmp28,1.0275214821644696,0.8864173091748812,1.1910872964476031,0.7186746889755546,479,216,0.9394209685512136
I,pdpk1,1.025080854037679,0.8978731417101962,1.170310936479463,0.7140442575014969,479,216,0.9394209685512136
I,pik3ca,1.026276331565796,0.8886934824931157,1.1851590334357,0.7239589260401736,479,216,0.9394209685512136
I,plagl1,1.0277344337420724,0.8885647076146734,1.188701348644129,0.7125009752715208,479,216,0.9394209685512136
I,rictor,1.0258629477486099,0.8917073764454305,1.1802019534239776,0.721027830135992,479,216,0.9394209685512136
I,ahnak,0.9749819338755037,0.8491242837673937,1.1194942713992837,0.7193801858728174,479,216,0.9394209685512136
I,sf3b1,0.973598414116562,0.8374802256277791,1.1318403025692205,0.7276792413184674,479,216,0.9394209685512136
I,zfp36l1,1.0234276476715556,0.8950566192645135,1.1702099369749448,0.734873866139241,479,216,0.9394209685512136
I,st7,0.9743761607842361,0.8429699033065617,1.1262666662007232,0.7254411787562768,479,216,0.9394209685512136
I,twist1,0.97691659055576,0.8505331847433498,1.1220797048513425,0.7410971878886072,479,216,0.9412896750065687
I,cdkn1b,0.9786584464154583,0.8594440652743457,1.114409178489801,0.7448025940609374,479,216,0.9433133285638333
I,e2f1,1.0218738587188871,0.8952743696046428,1.166375603485849,0.7484776512940028,479,216,0.9433133285638333
I,bmf,0.9746585374886874,0.8339131122097678,1.139158565551645,0.7470152729278197,479,216,0.9433133285638333
I,chek2,0.9797715341462591,0.8529474593983812,1.1254529790151526,0.7726258076520807,479,216,0.9455626650229779
I,epcam,1.0194975172520286,0.8962729505914099,1.159663679459716,0.768914891891698,479,216,0.9455626650229779
I,cdkn2b,0.9770197288662257,0.8435983689365749,1.13154266976256,0.7563087940542185,479,216,0.9455626650229779
I,dll1,1.0199182309532255,0.8911903381913484,1.1672402103706463,0.7744905887604815,479,216,0.9455626650229779
I,jag2,1.020243542642758,0.8922723243819156,1.1665686112424063,0.7694596819027824,479,216,0.9455626650229779
I,lfng,0.976334459078096,0.8396282664222261,1.1352988150877301,0.7556586195220616,479,216,0.9455626650229779
I,casp10,0.9791323967414521,0.847773373891496,1.1308449638468614,0.7741699268032672,479,216,0.9455626650229779
I,eif4e,1.0192716428809814,0.896808540575953,1.1584576138336928,0.7700714211925078,479,216,0.9455626650229779
I,mapk4,1.0204021325738795,0.892059307247163,1.1672099642953784,0.7683845892564761,479,216,0.9455626650229779
I,rad51,1.0206745102293888,0.8892069653520456,1.1715792795432654,0.7711488552717184,479,216,0.9455626650229779
I,frmd3,1.0221821965994597,0.8791736117941464,1.1884529164980715,0.7754000586384747,479,216,0.9455626650229779
I,cyp17a1,1.0212727658569323,0.8912812287033348,1.1702233017949408,0.7618637735061722,479,216,0.9455626650229779
I,hsd17b11,1.0211728417639592,0.8907402330743123,1.1707049193872918,0.7637947152816978,479,216,0.9455626650229779
I,hif1a,1.0190137663830383,0.8901044263318824,1.1665923967565732,0.7848946487473061,479,216,0.9501340735421667
I,mdc1,0.9797921994205412,0.8461914250331426,1.1344865070072552,0.7848961733354417,479,216,0.9501340735421667
I,utrn,1.0173297310389489,0.8992065157145158,1.1509700647947303,0.7849778439898474,479,216,0.9501340735421667
I,ccnd2,0.9819543339379281,0.8589482204930496,1.122575599942444,0.7897129828811436,479,216,0.9521342086315047
I,ctbp2,0.9812528219579099,0.8530963541667823,1.128661605336225,0.7909885172200974,479,216,0.9521342086315047
I,bcas3,1.0188141562333919,0.8867312812178328,1.1705714086414067,0.7924716214990233,479,216,0.9521342086315047
I,rad50,1.0175069660531202,0.8900092335483374,1.1632693088350934,0.7994327897974391,479,216,0.955801061640459
I,acvr2b,0.9832645482218239,0.8641321287688358,1.1188209992461682,0.7978587263793833,479,216,0.955801061640459
I,rptor,0.9814187869138052,0.8457125483151513,1.138900962538916,0.8048945326773402,479,216,0.9599839670224863
I,arid1b,0.9843015006326274,0.8644936229909693,1.1207132341770474,0.8111465018733842,479,216,0.9635454685444261
I,cacna2d3,0.9834602295363543,0.8572890381439981,1.128200618514429,0.811821539959721,479,216,0.9635454685444261
I,ncstn,1.0164244124357762,0.88625182119337,1.1657167426796162,0.8157713886217903,479,216,0.9639554484346541
I,bmpr1a,1.0178505254376569,0.8753289078347272,1.1835776047845632,0.8181813866976063,479,216,0.9639554484346541
I,smad4,0.9829166158876608,0.8473052874568184,1.1402325561874747,0.8200520788319348,479,216,0.9639554484346541
I,sdc4,0.9835050065339223,0.8536299646919027,1.133139812197675,0.8179520396493491,479,216,0.9639554484346541
I,rad51d,0.9811892996027263,0.829859397570682,1.1601151285063196,0.8241631262617501,479,216,0.9649335758538384
I,map3k3,0.9850733895652225,0.860563576531561,1.1275977850939505,0.8273246664392253,479,216,0.9649335758538384
I,akr1c4,1.0174965864577579,0.869682312370456,1.1904338960640908,0.8285405864517588,479,216,0.9649335758538384
I,tnk2,1.0153865179939054,0.8841661165095127,1.1660815334045826,0.8287773044143398,479,216,0.9649335758538384
I,hdac9,1.0161462356464341,0.8771480334238132,1.177170936800719,0.8310000123162535,479,216,0.9652232922153159
I,bap1,1.0142253881332173,0.8793018873027785,1.1698520755929747,0.8462259019650104,479,216,0.9805793034618248
I,stat3,0.9868149271175107,0.8584972161617587,1.1343120071323018,0.8518564005018661,479,216,0.9824475939750296
I,mmp7,0.9869572832158358,0.8612021487216223,1.1310755324272301,0.8502584366649865,479,216,0.9824475939750296
I,mlh1,1.012950496632683,0.8686940625658426,1.181162336482101,0.8696083344926073,479,216,0.9844297200843227
I,pms2,0.9938203322710378,0.8724295456247987,1.1321015637176528,0.9256963895009331,479,216,0.9844297200843227
I,rad51c,1.0081647466576664,0.8831028329369051,1.1509374882459869,0.9042187460105284,479,216,0.9844297200843227
I,ccna1,1.007744189486652,0.8769357026976168,1.1580647798009522,0.913402486188064,479,216,0.9844297200843227
I,cdc25a,1.0086345156409984,0.8692269995135871,1.1704003519352817,0.9098060460071253,479,216,0.9844297200843227
I,e2f5,0.9910729043108922,0.850960749373263,1.1542547671941874,0.9082016998398164,479,216,0.9844297200843227
I,jak2,1.0071755350356564,0.878704236083061,1.1544300308556525,0.9182042356066235,479,216,0.9844297200843227
I,dtx4,1.0066757704639293,0.8842559714265056,1.1460438375149535,0.9198878120837328,479,216,0.9844297200843227
I,ep300,0.9933819603463643,0.8746163124097001,1.128274999151092,0.918591007245758,479,216,0.9844297200843227
I,rbpjl,1.0139097047360908,0.8683074299026123,1.1839273210795014,0.8613554960401405,479,216,0.9844297200843227
I,acvrl1,0.9922522436280011,0.8668592314398756,1.1357836189267025,0.9101592462928592,479,216,0.9844297200843227
I,bmp5,1.0089632223262286,0.8921580495032784,1.141061031253057,0.8869623860872271,479,216,0.9844297200843227
I,casp3,0.9907094588581464,0.8520923603471133,1.1518765776413835,0.9033949383418226,479,216,0.9844297200843227
I,casp7,1.0079094592125013,0.8845891528631065,1.1484218121847674,0.9058184313102062,479,216,0.9844297200843227
I,casp9,0.9910274752843816,0.8652977806913575,1.135025974507674,0.8964014938578024,479,216,0.9844297200843227
I,fas,0.9939093442964657,0.8658018504873806,1.14097213366285,0.9308509837938541,479,216,0.9844297200843227
I,foxo1,1.007267205055317,0.8814387161882564,1.1510581549758656,0.9153014927813784,479,216,0.9844297200843227
I,hras,0.990585496987651,0.8617277200230112,1.1387119202989877,0.8941647994376383,479,216,0.9844297200843227
I,itgb3,1.0051420505920086,0.9113988664538056,1.1085273188887772,0.9182195602931451,479,216,0.9844297200843227
I,kdr,1.0085319321579955,0.868486546172144,1.1711599479178707,0.911314191846893,479,216,0.9844297200843227
I,mmp10,1.0078747942822557,0.8880761400339997,1.1438339069785268,0.9033010411238579,479,216,0.9844297200843227
I,rheb,1.0088392254744467,0.8721547424593578,1.166944962067106,0.9056923332833842,479,216,0.9844297200843227
I,tgfbr2,0.9944604106621877,0.8758448989230169,1.129139999091702,0.93168791508321,479,216,0.9844297200843227
I,map4,1.0058704285491133,0.8868065873593758,1.1409199406629555,0.9274430230518322,479,216,0.9844297200843227
I,slco1b3,1.008294145307353,0.8853016882179698,1.1483735962455035,0.9009596800012611,479,216,0.9844297200843227
I,agmo,1.0069200696208669,0.8711515389512826,1.1638480577395744,0.9256475971394788,479,216,0.9844297200843227
I,hist1h2bc,0.9946834683627062,0.8731231861982639,1.1331679399582413,0.9361141510004295,479,216,0.9844297200843227
I,ldlrap1,0.9935942403606568,0.8566395382569079,1.1524444884795857,0.932320627566656,479,216,0.9844297200843227
I,myo1a,0.9946322745244845,0.8869391255243322,1.1154016471433803,0.926656543387257,479,216,0.9844297200843227
I,myo3a,1.005265393892932,0.8841812502037435,1.1429313977488738,0.9360803195036557,479,216,0.9844297200843227
I,nf2,1.005856528113769,0.8816933260148836,1.1475048356348867,0.9307751927184292,479,216,0.9844297200843227
I,prkce,0.9902147973082143,0.8636262444485112,1.1353584390366522,0.887945826089832,479,216,0.9844297200843227
I,prkg1,0.9917310279906584,0.8610585327521263,1.1422341158804101,0.9082993772414663,479,216,0.9844297200843227
I,rpgr,1.0115459330218821,0.8780187431641994,1.1653796488735724,0.8737200920306304,479,216,0.9844297200843227
I,ryr2,0.9902375763409592,0.8292236601675411,1.1825162555051756,0.9137146578810901,479,216,0.9844297200843227
I,ttyh1,1.0093731966743136,0.8646682079363388,1.178295027865225,0.9059326474396835,479,216,0.9844297200843227
I,ar,0.9922872245794905,0.856665342368102,1.1493799122791863,0.9177580977403718,479,216,0.9844297200843227
I,hsd17b1,0.9887024376923432,0.8589569984092768,1.1380459232640259,0.8742200529659211,479,216,0.9844297200843227
I,hsd17b10,1.011543093899538,0.8763364821651558,1.167610217810163,0.8754218589444609,479,216,0.9844297200843227
I,hsd17b7,0.9877437752841536,0.8644559474989134,1.1286147876422805,0.8561396141590291,479,216,0.9844297200843227
I,mecom,0.9898561930230527,0.8599630506217374,1.1393690486558727,0.8870359543938678,479,216,0.9844297200843227
I,kmt2d,0.9948062868303871,0.8713273303899237,1.13578389406699,0.9386164437425442,479,216,0.9849430064165324
I,adam10,1.0037049745168247,0.889709600026406,1.1323061770266616,0.9520585196475455,479,216,0.9870462015462366
I,dll3,1.004080528534332,0.8606562150951883,1.1714058297601202,0.9587017072376837,479,216,0.9870462015462366
I,kdm5a,0.9973054931055729,0.8779730565697172,1.1328573686128491,0.9669007128051148,479,216,0.9870462015462366
I,notch2,0.9971283024427603,0.8616413629238816,1.153919593830148,0.969212771365826,479,216,0.9870462015462366
I,rbpj,0.9978832315007707,0.8740544031310379,1.1392551083129034,0.9749933566464632,479,216,0.9870462015462366
I,bad,1.0025497834582764,0.8780122836295778,1.1447517159523914,0.969983687971811,479,216,0.9870462015462366
I,bmp10,0.9954598497050514,0.873040319306657,1.135045301414921,0.9458121729506157,479,216,0.9870462015462366
I,cxcr2,0.9961198466679377,0.8618021009430313,1.1513719307947567,0.9580447389715535,479,216,0.9870462015462366
I,inhbc,1.0028547968884807,0.8704887874587076,1.1553483033116527,0.9685139567790743,479,216,0.9870462015462366
I,mapk7,1.00300364126699,0.8670475612479315,1.1602781085583052,0.9678097108000473,479,216,0.9870462015462366
I,smad1,1.0042361130402844,0.8682829296070246,1.1614764454608024,0.9545802542218382,479,216,0.9870462015462366
I,tgfb2,0.998088394479837,0.8776747810367199,1.1350222938143883,0.9767289992262185,479,216,0.9870462015462366
I,abcb11,1.0041949636225724,0.8767130226213687,1.1502139228522064,0.9518090748395086,479,216,0.9870462015462366
I,prr16,0.9980884269702021,0.8765769258433481,1.1364439088941731,0.9769537045979111,479,216,0.9870462015462366
I,taf1,1.0045375001741792,0.8829294243705207,1.142894960121663,0.9451768334700915,479,216,0.9870462015462366
I,cyb5a,0.9972986297902372,0.8627174076618462,1.1528741023982365,0.9708253718604529,479,216,0.9870462015462366
I,cyp3a5,1.002319399710774,0.8829761525986696,1.1377931058271709,0.9714281587580077,479,216,0.9870462015462366
I,shbg,1.0047506267584148,0.8687194099019927,1.16208272828314,0.9490871178250289,479,216,0.9870462015462366
I,itch,1.0016033216573823,0.8637990540492511,1.1613918876761145,0.9830754833697172,479,216,0.987626692789199
I,sik1,1.0017362042327398,0.8621723112224694,1.1638919619765975,0.9819206436810601,479,216,0.987626692789199
I,hsd3b1,0.9985907170261652,0.8730398112841485,1.1421969619736816,0.9835873198125561,479,216,0.987626692789199
I,syne1,1.0007970258689842,0.8730849598006428,1.1471904031159863,0.9908739127750527,479,216,0.9929043921045096
I,met,1.0004646457256663,0.862694677765121,1.1602360987550895,0.9950968124123692,479,216,0.9950968124123692
II,stat5a,0.7874092447715461,0.7171897588028744,0.8645038654576109,5.301567839313616e-07,797,480,8.641555578081194e-05
II,acvr1b,1.2794212574111934,1.162576530390027,1.4080094609913358,4.586225022809707e-07,797,480,8.641555578081194e-05
II,pdgfra,0.7913858222494029,0.7229345257123416,0.8663184526153994,4.000245415235379e-07,797,480,8.641555578081194e-05
II,ccnd2,0.7902489250797856,0.7187273541093372,0.868887708279369,1.152698497922404e-06,797,480,0.0001127339130968111
II,igf1,0.7615490684179763,0.6830408870399224,0.8490809183058322,9.241736531700715e-07,797,480,0.0001127339130968111
II,cdkn2c,0.7768986944066789,0.7010627630096942,0.8609380118545195,1.4560904825010334e-06,797,480,0.00011867137432383422
II,ptpn22,0.7798383701163536,0.7041162094819918,0.8637038535913504,1.8281546142305128e-06,797,480,0.00012770965805124584
II,jak2,0.8000736994557521,0.7287540523641189,0.8783730567044324,2.837051147914932e-06,797,480,0.00015414644570337798
II,men1,1.2420048048499892,1.1344275863140019,1.3597835189133747,2.7514044690660987e-06,797,480,0.00015414644570337798
II,maml1,1.235456702800312,1.1302296409330739,1.3504806538555478,3.2347454021469724e-06,797,480,0.00015817905016498693
II,lama2,0.8041397562438667,0.732718569540653,0.8825226689386753,4.361109181899698e-06,797,480,0.0001777151991624127
II,hsd17b11,0.8214944595780299,0.7555527390402061,0.8931913184176646,4.110064751522909e-06,797,480,0.0001777151991624127
II,syne1,0.8078381175987314,0.7362472383713617,0.8863903186775558,6.5705555215999654e-06,797,480,0.00024715397308172176
II,abcb1,0.7956878037738149,0.7199279394572261,0.8794200730030332,7.571037069572368e-06,797,480,0.00026444550907292057
II,spry2,0.8114412668250383,0.7375641018945753,0.8927182434927363,1.7865500226678736e-05,797,480,0.0005824153073897268
II,vegfa,1.180534592321434,1.0927712818746445,1.2753464030247148,2.5441119904496284e-05,797,480,0.0007318063313705107
II,ar,1.2165442557566097,1.1105499237400676,1.3326550158413264,2.504352216923584e-05,797,480,0.0007318063313705107
II,smarcc2,1.2121023485485862,1.1045026472218014,1.3301843205650203,5.001019340951907e-05,797,480,0.0013586102542919346
II,erbb2,1.1912241094479017,1.0900665246886165,1.301769063438854,0.00011125996724976562,797,480,0.0025907678088159707
II,kit,0.822297331257413,0.7447227742060595,0.9079524950931221,0.0001088581494840796,797,480,0.0025907678088159707
II,tubb4b,1.1875349624838059,1.0887846333701983,1.2952417254055038,0.00010433001730178546,797,480,0.0025907678088159707
II,gsk3b,1.1705356958469217,1.079999657178665,1.268661342755567,0.0001262107168515628,797,480,0.0028053200245642825
II,slc19a1,1.168667295947536,1.0786739255744773,1.2661687802362889,0.00013766423624390775,797,480,0.002926861370576995
II,rptor,1.172415382715308,1.0800650279054955,1.2726621028486396,0.00014474242777783071,797,480,0.0029491269659733007
II,mmp19,0.8192067532770856,0.7387578375676649,0.9084163584976056,0.0001560445075502801,797,480,0.0030522305676834787
II,mmp3,0.8280658666835669,0.7498283130093075,0.9144667754869044,0.00019475868674050974,797,480,0.003662961454465741
II,smarcd1,1.1891402807527418,1.0844742092374406,1.3039080093043587,0.00022863386974853746,797,480,0.004140813418779067
II,prkd1,0.8414365766304724,0.7672724032771335,0.9227694225252601,0.0002451242164112895,797,480,0.004280919350897163
II,ep300,1.171022083335915,1.0748907482795753,1.2757507884919654,0.00030334242133553754,797,480,0.005114980828726822
II,cir1,0.8448719662207478,0.7704466332665088,0.9264868045166672,0.0003398654444891191,797,480,0.005421576580283186
II,asxl2,1.1749866040832084,1.075698894610983,1.283438633888594,0.0003436991288114085,797,480,0.005421576580283186
II,hes1,1.1770060565978562,1.0759204597095076,1.2875889149297066,0.00037489747497309673,797,480,0.0057289020394326335
II,mlst8,1.1658248757712082,1.0703521631209867,1.2698135135298667,0.00043226747305733583,797,480,0.006405418009849613
II,csf1r,0.8536053279805067,0.7797443342057807,0.9344627770830509,0.0006082498602817598,797,480,0.008748064166993546
II,folr2,0.8513738341480636,0.7759222889111402,0.9341623714523605,0.0006778652803225299,797,480,0.009401064179689531
II,pdpk1,1.15563360585408,1.0629890964469406,1.2563525208708142,0.0006921028843943213,797,480,0.009401064179689531
II,ppp2cb,0.8516244255945359,0.7753966734002851,0.9353459811592695,0.0007879215512565272,797,480,0.010413341582822751
II,tgfbr2,0.8677532727192351,0.7981825456757039,0.9433878833788483,0.000878657325176788,797,480,0.01130693242135393
II,acvrl1,0.8577539419406119,0.7830658466012784,0.939565718653139,0.0009630229076822344,797,480,0.011772955046415314
II,raf1,1.1652425035930432,1.0642122047156324,1.2758640486956245,0.0009501100681517295,797,480,0.011772955046415314
II,taf1,1.1656589240797175,1.0636896226778723,1.277403387527615,0.0010310428419091106,797,480,0.012297071943745247
II,kdm5a,1.159455288480163,1.0600566370223046,1.268174283367401,0.0012149649552322262,797,480,0.014145663407346633
II,cyp11a1,0.8514139332470695,0.772151685433947,0.9388125408543924,0.0012536600145612502,797,480,0.014256738305126776
II,erbb3,1.1711169603596883,1.0632486584587848,1.28992867654324,0.00135568028670051,797,480,0.015066537731739759
II,rps6ka2,0.8634970041451534,0.7890967880486526,0.9449120658715477,0.001410200349888223,797,480,0.015324177135452022
II,zfyve9,1.1510604722638336,1.055279226669454,1.2555351961109456,0.0015045325723589105,797,480,0.015993835388771895
II,cdk2,1.155826409444741,1.056383586530324,1.2646302969906789,0.0016052132295741102,797,480,0.01638987319511145
II,fancd2,1.1569001423394065,1.056735308646849,1.2665593061887799,0.0016088219087225964,797,480,0.01638987319511145
II,fas,0.856478294958971,0.7775707385548651,0.943393357495881,0.0016802352317411798,797,480,0.016768061802478307
II,adgra2,0.866848675465257,0.7922844559375711,0.9484303529174373,0.0018473983027883728,797,480,0.018067555401270287
II,kras,1.142125414038753,1.0499766497067466,1.2423614008535517,0.0019601970240649123,797,480,0.0184333912455335
II,akr1c3,0.8616445150865926,0.7841772207517511,0.946764648005304,0.0019477902407444507,797,480,0.0184333912455335
II,hla-g,0.8644450261732582,0.7880511368293196,0.9482445597150785,0.0020307638786261103,797,480,0.01873667050279562
II,mmp10,0.8479609865583414,0.7631307050251002,0.9422210769272423,0.0021649037726168513,797,480,0.019604406385363708
II,flt3,0.8603718222303637,0.7780086702936483,0.9514542713368525,0.003397957473379623,797,480,0.030210930990593375
II,rps6kb2,1.1413026952659229,1.0444864047143008,1.247093151564336,0.0034743556247576472,797,480,0.030338569651901598
II,sgcd,0.8682935392906113,0.789596729991804,0.9548338306589013,0.0035749269157733642,797,480,0.030669109856371495
II,arrdc1,1.1219423798450054,1.0366446981373731,1.2142585651129894,0.004344100297130215,797,480,0.03662525940166681
II,tsc2,1.1224956890887734,1.0363293074518332,1.2158264394944198,0.004573147536362366,797,480,0.037902866869172824
II,stat5b,0.8804712455898287,0.8055186288183049,0.9623981203858261,0.005042894705313477,797,480,0.04073559054747385
II,cxcr2,0.8781633745632346,0.801598710159841,0.9620411094106104,0.005248143567465956,797,480,0.04073559054747385
II,akap9,0.8814791873753124,0.8068469818821583,0.9630147663975823,0.005191637371169704,797,480,0.04073559054747385
II,zfp36l1,0.8811089198885844,0.8062081231182125,0.9629683780715179,0.005230842712826468,797,480,0.04073559054747385
II,akt1,1.1259218746583695,1.0355222713550116,1.2242132331691853,0.005479971014297605,797,480,0.041226243476792754
II,nr3c1,0.8800003562244989,0.804138914083,0.9630184703078731,0.005448858094557428,797,480,0.041226243476792754
II,pms2,0.8896920850217558,0.81886247621548,0.9666482823937165,0.005756148464728715,797,480,0.042410517424861016
II,nt5e,0.8779500454044067,0.8003882594910653,0.9630279718442123,0.005810847990727379,797,480,0.042410517424861016
II,pik3r2,1.1298816740112505,1.035476442634266,1.2328939072903438,0.006086644703987993,797,480,0.043770136180148946
II,map2k2,1.1255968836997863,1.033299338612454,1.2261387356504012,0.006720758774198136,797,480,0.04694930057975555
II,lifr,0.8787772614412597,0.8004385460194463,0.9647829668705618,0.006677072837724056,797,480,0.04694930057975555
II,afdn,1.12292171030458,1.0319340002747046,1.2219319909390458,0.007164632768645773,797,480,0.049345146815039195
II,tgfb3,0.8846878573824681,0.8086620812733909,0.9678611414146151,0.007528481024055874,797,480,0.0511309336217128
II,sdc4,1.1256973905971577,1.0316003608592208,1.2283774446742168,0.007848687548253623,797,480,0.05257545494652085
II,klrg1,0.8771137862698845,0.7956222615625851,0.9669520716448377,0.008402807723289994,797,480,0.05552666184714604
II,kmt2c,1.1118941072766357,1.0270857557688085,1.2037052396575083,0.008788451671215452,797,480,0.057300704896324745
II,ctcf,1.1224480702401871,1.028946924617156,1.2244457320815565,0.009241053006534576,797,480,0.05911852003333363
II,taf4b,0.8790870131054845,0.7977177185681877,0.9687561885898678,0.00930905121179282,797,480,0.05911852003333363
II,rbpjl,1.1164151274706808,1.0249945602371495,1.2159896112590147,0.011526697748000697,797,480,0.07226352818938898
II,bcl2l1,1.1191863207908945,1.024240363010012,1.2229336646765354,0.01279236880610388,797,480,0.07918314362259236
II,pten,0.8968900193228677,0.8228692809649255,0.977569251118103,0.013279962906896023,797,480,0.08117377326840193
II,tnk2,1.1146033181392383,1.0225355959082918,1.2149606935721993,0.01364029246386407,797,480,0.08234695080036458
II,nfkb1,0.8995043661346648,0.8262512040063081,0.9792519523991493,0.014536450132010938,797,480,0.08564245921148612
II,npnt,1.1166856043652895,1.0221324322864185,1.2199854926893128,0.01448855294416493,797,480,0.08564245921148612
II,acvr2a,0.8929269156382473,0.8150848842412236,0.9782029971190928,0.014952990049607921,797,480,0.08704776350307468
II,wwox,1.1055511608983992,1.0194804054074653,1.1988885346700633,0.015244941348633509,797,480,0.08770325081743278
II,rps6,0.9018378179887663,0.8288606098408192,0.9812403199024426,0.016402438127120857,797,480,0.09326502609490814
II,inhba,0.9022112396228449,0.82924805254028,0.9815942508496294,0.016769077386227904,797,480,0.09425377979155684
II,rbpj,0.8967992917628277,0.8189301151612413,0.9820727737530555,0.018758305102373612,797,480,0.10123157854772982
II,eif4ebp1,1.1039812181878823,1.0165079579832421,1.19898178911423,0.018838596416857697,797,480,0.10123157854772982
II,fgf1,0.8910969269151106,0.8097562273796182,0.980608368677969,0.01822927832063318,797,480,0.10123157854772982
II,mmp7,0.8955454110091675,0.8170084641488163,0.9816319149338653,0.018480525397151643,797,480,0.10123157854772982
II,aurka,1.1057260562520768,1.0159222021613319,1.2034682467551912,0.02004635653992948,797,480,0.10345852184568786
II,bcl2,0.8961809116521153,0.8172669887536494,0.9827146299331427,0.019768161185870017,797,480,0.10345852184568786
II,folr1,0.8979364811020832,0.8200177003043553,0.9832591708626921,0.020099303835051836,797,480,0.10345852184568786
II,tgfbr3,0.897084223646705,0.8186700384945057,0.9830091080354253,0.01995629966737042,797,480,0.10345852184568786
II,ncor2,1.1080336556354553,1.0159680174294679,1.20844215660175,0.02045456774833408,797,480,0.1041904544680767
II,pdgfb,1.1020436752478262,1.0147684413671176,1.1968250219897807,0.02098637758398593,797,480,0.10579730555225896
II,map3k13,1.1006263958190114,1.0143155869962246,1.1942816207339384,0.021385913833306694,797,480,0.10671134555598953
II,acvr1,0.9022039693027323,0.8253437277404148,0.9862218308171528,0.023490728159498438,797,480,0.11602996030297713
II,mmp25,0.8905412087408424,0.8050825424405162,0.9850712227115476,0.024310658555800925,797,480,0.11887912033786652
II,bmp10,1.1118419841631286,1.01250404680249,1.2209260808899738,0.02640546356223712,797,480,0.12636553956593544
II,map3k3,0.9052294762234889,0.8288333739504894,0.9886672404588785,0.026875288578440258,797,480,0.12636553956593544
II,mtor,1.0973096313801163,1.0107018711628206,1.191338872000161,0.026847261505648527,797,480,0.12636553956593544
II,rdh5,0.897357786798683,0.8156880437996198,0.9872046104503733,0.026116515557812123,797,480,0.12636553956593544
II,ctnna3,1.102357958517428,1.0107414991862191,1.2022787920404008,0.027714288499845415,797,480,0.1278517648719284
II,dnah11,1.1069219934279322,1.0112160608927239,1.2116859560683464,0.027686016711480643,797,480,0.1278517648719284
II,bmp3,1.104117660303873,1.0100606339731535,1.2069332936970003,0.02923350180136922,797,480,0.1328431739579549
II,mmp27,0.8994028624166893,0.8175890788302068,0.9894035156153648,0.029339596702370404,797,480,0.1328431739579549
II,foxo3,1.0999398564283216,1.0090459221152446,1.1990214332597797,0.03041827427570728,797,480,0.1358607364399825
II,stmn2,0.8993121548718477,0.8168495868039218,0.9900994809395467,0.030561719853574795,797,480,0.1358607364399825
II,fn1,1.106754904016149,1.0090577158141087,1.2139111552955517,0.031460631640668826,797,480,0.13859683668727077
II,pik3r3,1.0920047074832033,1.0076243527597182,1.183451231502578,0.031946656761867975,797,480,0.13948138532637
II,jak1,0.9165062811086991,0.8460578254190437,0.992820748269378,0.03263637692826272,797,480,0.14123175502584487
II,palb2,1.1017139072745772,1.0078871374523088,1.2042752490624464,0.03292861891937667,797,480,0.1412464443120631
II,hsd17b10,1.1035932704522375,1.007562458076751,1.208776782843065,0.03382387336489867,797,480,0.14382499196030826
II,ctnna1,1.0982933737819263,1.0070361177665241,1.197820329988351,0.034142615853778514,797,480,0.1439287857973939
II,dtx4,1.1037198101231354,1.0067902672445483,1.2099813227160956,0.03535560160954051,797,480,0.14550707932467402
II,diras3,0.8895030526615398,0.7977874888977338,0.9917624576782779,0.034949379449145106,797,480,0.14550707932467402
II,bcas3,1.1029224767207917,1.0067132981782698,1.208326136008305,0.03540969824056484,797,480,0.14550707932467402
II,setd2,1.1047474143687714,1.0066494451133008,1.2124050288599915,0.035759422544350314,797,480,0.14571964686822753
II,prkcq,1.0980620359015076,1.0058565168424551,1.1987199113380265,0.03657689345330437,797,480,0.1478190156914532
II,arid5b,0.913941052477357,0.8393928146239887,0.9951100758202126,0.03818359372469135,797,480,0.1530473551751973
II,cdkn1b,0.9134631414345066,0.8380396458169549,0.9956747451321063,0.03953756452258912,797,480,0.15344340517100064
II,akt2,1.0920090630643178,1.0044867656587482,1.1871572972219018,0.038923833756168744,797,480,0.15344340517100064
II,opcml,1.098193513202486,1.0046535512810695,1.2004426709109506,0.0391906265439274,797,480,0.15344340517100064
II,cacna2d3,0.8979493157254121,0.8105555010750143,0.9947659013384625,0.039358861546173594,797,480,0.15344340517100064
II,bap1,1.088052338617598,1.0037212418202146,1.1794688029360998,0.04034470039504948,797,480,0.1553429802612535
II,adam17,1.0947693856369196,1.0027913115487403,1.1951838771686294,0.04315375777124734,797,480,0.16486084023546832
II,prkcz,1.0927990139165078,1.0022073341574134,1.191579470749833,0.04444153591880427,797,480,0.16846442685500226
II,arl11,1.0850683347234964,1.001744529767994,1.1753229052244525,0.04520730683488902,797,480,0.17004902340200564
II,cdc25a,1.0900818339601948,1.00086231864422,1.1872546129418455,0.04773183648175897,797,480,0.17595886651658027
II,aph1a,0.9151179439360477,0.8381811904815014,0.9991167313509663,0.04773884991569113,797,480,0.17595886651658027
II,jag2,1.0956712403236024,1.0008622089697115,1.1994612805973086,0.047857933019846984,797,480,0.17595886651658027
II,cdk6,0.9064212902988941,0.8222052989832231,0.9992632697978714,0.04829343781452025,797,480,0.17623500814403284
II,rad50,1.0977987195327228,0.9997934747279794,1.2054109764374912,0.050508173283850676,797,480,0.18183065149214475
II,dnah5,1.089912478934925,0.9997861178713201,1.1881633386421615,0.050570487940555596,797,480,0.18183065149214475
II,tulp4,1.0885807235360758,0.9995061369889757,1.185593512436229,0.05134050143944616,797,480,0.18325186280211075
II,nf1,1.09162788511327,0.9983855250755695,1.1935784420218558,0.05429255554737176,797,480,0.18829120328131058
II,acvr2b,1.0810659426960274,0.9985676803539913,1.170379930625179,0.05428270474092844,797,480,0.18829120328131058
II,mmp1,0.9072438907099164,0.821672190090298,1.0017273155368842,0.05412675021913944,797,480,0.18829120328131058
II,akr1c4,0.9066395773796302,0.8207284561741756,1.0015435886101043,0.05365670446333731,797,480,0.18829120328131058
II,foxo1,0.914961440880712,0.8355124905761836,1.001965198295471,0.05516138237794417,797,480,0.18875851760484136
II,col6a3,0.9147296235969232,0.83507263499932,1.001985036051924,0.05519932109916629,797,480,0.18875851760484136
II,herc2,1.0846667250539792,0.9976847978945587,1.1792320649990142,0.056700028898570495,797,480,0.19254384813472897
II,e2f2,1.0869963000535434,0.9973921474073679,1.1846503498162237,0.05737106894210638,797,480,0.1934789842254484
II,mmp11,1.0945738381012868,0.9968502711704617,1.2018774751889576,0.05824510908791607,797,480,0.19436554818728843
II,asxl1,1.0915778748583007,0.9968796170189298,1.1952719631717954,0.05842890712378609,797,480,0.19436554818728843
II,akr1c2,0.9127014290871154,0.8293616355000352,1.004415761473485,0.061514864660436035,797,480,0.20324843796590014
II,ctbp2,1.0799731486573392,0.9960183507695057,1.1710045311110509,0.06241461213891606,797,480,0.20483721701966412
II,cdkn2a,0.9165067359344653,0.8359558645170828,1.0048193124388118,0.06323535444581378,797,480,0.20614725549335292
II,notch3,1.0820548629988886,0.9951345535894582,1.1765672514498715,0.0649201623104111,797,480,0.20885499585388834
II,map3k10,0.9184914682722731,0.8392825752798516,1.0051758515392222,0.06463576146682652,797,480,0.20885499585388834
II,arid1a,1.0871431835424992,0.9944720324536701,1.1884500146342534,0.06605925518477718,797,480,0.20916628133982385
II,aff2,0.9083780169539529,0.8197315421234452,1.0066107979055108,0.06662485067403615,797,480,0.20916628133982385
II,lamb3,0.9168719242851479,0.8356370292709163,1.0060039180836815,0.06672789343356343,797,480,0.20916628133982385
II,nek1,0.9246677747341602,0.8505608068499485,1.0052314740416437,0.06612958936389209,797,480,0.20916628133982385
II,prkacg,1.0849716227919979,0.9942278056908553,1.1839976869746973,0.06724079469424793,797,480,0.2094315197801735
II,rfng,1.0855406341560143,0.9930179836407226,1.186683914911042,0.07094757285544569,797,480,0.216568981179438
II,map2k5,1.0849766276536448,0.9927596778806413,1.1857595637523528,0.07192034313849098,797,480,0.216568981179438
II,smad5,0.9230420745645006,0.84593277474504,1.0071801174426984,0.07198388835948023,797,480,0.216568981179438
II,map4,1.0686993947283991,0.9940175687971434,1.1489921628597768,0.07223705505786025,797,480,0.216568981179438
II,gps2,1.08057500574489,0.9928787812987961,1.1760170174179394,0.07273790743393027,797,480,0.216568981179438
II,pbrm1,1.0818175141259443,0.9928985732306467,1.1786995826388145,0.07231876728642225,797,480,0.216568981179438
II,rpgr,0.9210543950284861,0.8418425106797229,1.0077196005655742,0.07307542309735639,797,480,0.216568981179438
II,shbg,0.9240838090467174,0.8483325437919185,1.0065992309163903,0.07041432899791625,797,480,0.216568981179438
II,casp8,0.9204643135535409,0.8404950871688343,1.008042242554357,0.07390061678485935,797,480,0.21769519040841095
II,peg3,1.0826303311862944,0.9918866227310926,1.1816758157069196,0.07547452420494424,797,480,0.22100025351028582
II,bmpr2,0.9285467644515472,0.8550586224067954,1.0083508559290857,0.07802246915883394,797,480,0.2271011155873202
II,bmp5,0.9130308884655712,0.8242919688207274,1.0113229715010519,0.08113640093031964,797,480,0.2338207302147658
II,mapk9,1.0805034896694803,0.9904214724773376,1.1787787559448721,0.08128737042231121,797,480,0.2338207302147658
II,ccnd1,1.0808887262214013,0.990082453134512,1.1800233756024316,0.08232650372158708,797,480,0.23434240601360828
II,cyp11b2,1.0814702592664052,0.9899854857293534,1.1814091605758046,0.0824271857552978,797,480,0.23434240601360828
II,stk11,1.0778246849086546,0.99010548307002,1.173315440892559,0.08356326280563778,797,480,0.23619904920206286
II,nras,0.923441060444954,0.8435364399078269,1.0109147059596861,0.08455012803117933,797,480,0.2376150149841764
II,pde4dip,0.9247723004311874,0.845523104220313,1.011449365932353,0.08709689539419127,797,480,0.24337361055862589
II,itgb3,0.9108297671513911,0.8179907386336399,1.0142056939603343,0.08860606896511666,797,480,0.2442721430566747
II,dtwd2,1.0763569397619954,0.9888670121323535,1.1715875315484223,0.08891705820876912,797,480,0.2442721430566747
II,prps2,0.9250805402459935,0.8458806499520947,1.0116959242303094,0.08813327919486245,797,480,0.2442721430566747
II,smad4,0.933639559691973,0.8623627483355918,1.0108076086359454,0.09013971248318502,797,480,0.24624759443730435
II,chek1,1.0776578096719036,0.9870737469311548,1.1765547998389274,0.09501217593512322,797,480,0.25164375602080435
II,eif5a2,0.9329141905449907,0.8601964239353849,1.0117792433250008,0.09351538651185093,797,480,0.25164375602080435
II,mapk1,0.9263277844986966,0.8470050731685461,1.0130791320107158,0.09384230884790058,797,480,0.25164375602080435
II,ptk2,1.0763001131977676,0.9872536127559817,1.1733782674501627,0.09515427775936196,797,480,0.25164375602080435
II,tubb4a,1.0662211592534538,0.9888646020626817,1.1496291383759314,0.09520264798333089,797,480,0.25164375602080435
II,stab2,0.9214770570661869,0.8372560217887466,1.0141700323459812,0.09447713028532176,797,480,0.25164375602080435
II,terc,0.9065938873458494,0.8076852144358282,1.0176148601989308,0.0961704520906151,797,480,0.25283522081887516
II,jag1,0.9246269246700352,0.8424924032463293,1.0147687344485166,0.09872306406859686,797,480,0.25815817288526133
II,ptprd,0.9241011162687199,0.8412852452187979,1.0150693572035714,0.09940632660614143,797,480,0.2585622005872509
II,birc6,1.0733417555494655,0.9859159683096717,1.1685199968727469,0.10252153317065774,797,480,0.2638580511602718
II,tbl1xr1,1.07645679379478,0.9854650592155603,1.1758501410788944,0.10204273261169215,797,480,0.2638580511602718
II,tert,0.9300646453285742,0.8521180043401644,1.0151413772321276,0.10449169832413217,797,480,0.2675206307879614
II,palld,0.9296916257816139,0.8510963932315541,1.0155448030588785,0.10573101521220084,797,480,0.269283679368574
II,mapk7,1.0727933515902879,0.9849051256058625,1.1685243027934877,0.10713636816862328,797,480,0.2706646002319991
II,pik3ca,0.9308611900762948,0.8531164110500797,1.0156908763760615,0.10738022994889128,797,480,0.2706646002319991
II,kdr,0.9332331758999424,0.8564922575352447,1.0168500099540645,0.11449602396773612,797,480,0.28420586660011654
II,mmp2,0.9292074475947552,0.8484581461223676,1.0176418066248765,0.11343543566838257,797,480,0.28420586660011654
II,utrn,0.9297813163405362,0.8494121880886123,1.0177547583361901,0.11446902243976198,797,480,0.28420586660011654
II,rasgef1b,0.9282047002123425,0.8453255859638897,1.019209615563545,0.11846782124283955,797,480,0.29257961913004316
II,dll3,1.0666142822260156,0.9818129340305769,1.1587401098681063,0.12707860290016101,797,480,0.3069551320818577
II,tgfbr1,1.0708084097878905,0.9807523191448126,1.1691337640397312,0.1269224305731388,797,480,0.3069551320818577
II,apc,1.074084264331604,0.9803471752721568,1.1767841393172709,0.12504211961759887,797,480,0.3069551320818577
II,clk3,1.0729174810625273,0.9800865867857489,1.1745410422816096,0.1274271816208939,797,480,0.3069551320818577
II,l1cam,0.9264934247161176,0.840041083777015,1.021842958183288,0.12660639254446873,797,480,0.3069551320818577
II,gldc,0.928191218210956,0.8430789904943021,1.0218958689254172,0.12887085164957035,797,480,0.3089110120423525
II,hes7,1.0734618255008,0.9791372376940973,1.1768731148671916,0.13087326090284057,797,480,0.31066516787130605
II,ncor1,1.0675441240587165,0.9808030824277759,1.1619564387902641,0.13061996565188835,797,480,0.31066516787130605
II,psenen,0.9343697124214099,0.8553705798791704,1.0206649375453087,0.1320315016357631,797,480,0.311900503864194
II,rab25,1.0736761601424691,0.9779496216843168,1.1787728849190107,0.13570050336314188,797,480,0.3190266641566172
II,ncstn,1.0662421324731517,0.9798564477926271,1.1602437149053666,0.13677471507559474,797,480,0.3200135678084489
II,map3k1,0.9334866774849684,0.8522618705258607,1.0224526136599983,0.1383669937027023,797,480,0.321198374047343
II,ncoa3,1.0649625597780206,0.9798531549105851,1.1574645119476588,0.1385947994355611,797,480,0.321198374047343
II,cbfb,0.9392866498353002,0.8644032435453006,1.0206572188927534,0.13951312615671613,797,480,0.32180150325770845
II,brca2,0.9349141896943627,0.8543460370039653,1.023080232404484,0.14327517551816235,797,480,0.3258677247831693
II,ccnb1,1.0674411668725865,0.9781583306417423,1.1648734249257586,0.14307453364255204,797,480,0.3258677247831693
II,cdkn2b,0.9352871796671024,0.8552903624433923,1.0227662404035789,0.14250835210031823,797,480,0.3258677247831693
II,rb1,0.9403476157580198,0.8654433307265248,1.0217348809187503,0.14642895250798918,797,480,0.3314988785944755
II,casp7,0.9375454585740989,0.8581762356274181,1.0242552175198385,0.15302095254416748,797,480,0.33691142457249235
II,eif4e,0.939941300525273,0.8637069665833121,1.0229043907427153,0.1512261331047102,797,480,0.33691142457249235
II,mmp28,0.9350491820347531,0.8526482151929161,1.0254134791404472,0.1536426332917501,797,480,0.33691142457249235
II,cyp2c8,0.933017012649239,0.8482732876121615,1.0262267580573874,0.15355521843020914,797,480,0.33691142457249235
II,ryr2,0.936861878603779,0.8566153050459053,1.0246258436089537,0.1534375562435116,797,480,0.33691142457249235
II,sik1,0.935806179584747,0.8549954341359857,1.024254833166414,0.1499053581670646,797,480,0.33691142457249235
II,hsd17b14,0.936293027501596,0.8554752138646259,1.0247458010943946,0.1529394675106515,797,480,0.33691142457249235
II,rassf1,0.9369240962495977,0.8558900444711539,1.0256302988960762,0.15805569556432775,797,480,0.3450412282631976
II,mapk4,1.0631582261479307,0.9761383752814794,1.1579356395040605,0.15982591193326273,797,480,0.3458180129883428
II,serpini1,1.071226546520185,0.9732399138115443,1.179078557799229,0.1597927428160861,797,480,0.3458180129883428
II,erbb4,1.053564039076181,0.978497357274415,1.1343895578076897,0.1664877411363637,797,480,0.3570723921740432
II,setd1a,1.0589566845526173,0.9764310761857669,1.1484571590440924,0.1664200773505165,797,480,0.3570723921740432
II,smarcb1,1.0612977120036864,0.9746094234682098,1.1556966374243143,0.1711854239609925,797,480,0.36554442059792724
II,setdb1,1.0608482381555968,0.9741590126177333,1.1552518324228123,0.17444929954092986,797,480,0.3708943803283248
II,ubr5,1.06201115992155,0.9732183421375488,1.1589051037824665,0.17683262743461192,797,480,0.37433400353041224
II,gdf11,1.056861395287283,0.9743000961304041,1.1464188634331045,0.182663083890302,797,480,0.38018917264732666
II,itgav,0.9479092163262045,0.8763915083321712,1.0252631088428992,0.18135064382471922,797,480,0.38018917264732666
II,smad3,1.064904464406881,0.9711845873470626,1.1676683640660497,0.1809288424815236,797,480,0.38018917264732666
II,met,0.9429273460123001,0.8648432104445722,1.0280614672349135,0.1827084981024985,797,480,0.38018917264732666
II,dll4,1.0594692078713,0.9715017543125528,1.1554019305108898,0.19147851408826566,797,480,0.39507592147325704
II,pdgfrb,0.941782524844999,0.8608593634987401,1.0303126871950663,0.190701785760899,797,480,0.39507592147325704
II,smad6,1.0608702501002445,0.970003871945966,1.16024865477078,0.19588742891778596,797,480,0.402474591347888
II,srd5a3,1.059925699078137,0.9700663483506079,1.1581089164431413,0.19788689906424956,797,480,0.4048815633573976
II,bmf,1.0631300582843157,0.9677654047850731,1.1678920482579394,0.2017237086591307,797,480,0.4110120563929788
II,e2f7,1.0565315981089194,0.9707050844831344,1.1499466064885762,0.20332151760801043,797,480,0.4125486394618967
II,msh6,1.057217011518652,0.9699479303398482,1.152337949783356,0.20558442260594212,797,480,0.41541645724919707
II,notch1,1.0596867575161253,0.9685315597595723,1.1594212008267404,0.20650164883413047,797,480,0.4155527007402872
II,dlec1,0.9439785407824007,0.8626829328335126,1.0329351045938002,0.20957957138154795,797,480,0.41830371594113036
II,cyp3a4,1.0620466639310346,0.9667951308887349,1.1666826614343502,0.2092561366063208,797,480,0.41830371594113036
II,smarcc1,1.0568653283863487,0.9690288549656431,1.1526636349593398,0.21155195680387096,797,480,0.4205240116954996
II,fbxw7,1.0524269814208076,0.9703554838354531,1.1414399873792367,0.21737985434805634,797,480,0.43035930678623296
II,tgfb2,0.9381731170288939,0.8473294386649343,1.0387563058147946,0.21937002817600837,797,480,0.43254816039543587
II,nrg3,1.0598754372490957,0.9653995818059746,1.1635968811821271,0.22218142156444232,797,480,0.4363321893373988
II,cyb5a,1.055283917328184,0.9675748983201062,1.1509436097453338,0.22420337190700096,797,480,0.43854179545009386
II,hes4,1.0558898476128455,0.9660956565233088,1.1540299997870649,0.23040657665494146,797,480,0.44709847612804116
II,hes6,1.0534271675048403,0.967563500437653,1.146910561152133,0.23020256605333217,797,480,0.44709847612804116
II,smad2,1.0555528954050937,0.9659579843894636,1.153457948486553,0.2322245076671608,797,480,0.44884499703257563
II,abcc1,1.0545700531999764,0.96636431203582,1.1508268499312904,0.2331678679441331,797,480,0.4488940449790594
II,bard1,1.0536372625223578,0.9662614016964307,1.1489142368996157,0.23683936934602454,797,480,0.45417432004002356
II,rictor,0.9485523541802543,0.8681237866104982,1.0364323412147156,0.24265184260036976,797,480,0.4635029337171125
II,notch2,0.9519979230401667,0.8762851376560867,1.0342524442409113,0.24465308516234918,797,480,0.46550723207933364
II,foxp1,0.952263147096871,0.8761775260620218,1.0349559014535223,0.24962081303708578,797,480,0.4731185177330812
II,ldlrap1,1.048717283322638,0.9669722273121639,1.1373728316858547,0.2506270525914372,797,480,0.47319161666877524
II,hes2,0.9501606805923477,0.8702868655015747,1.0373652122434334,0.2538113733560195,797,480,0.47736062142728286
II,hif1a,0.9504298579325671,0.870620658958497,1.0375551114653496,0.25590853049511536,797,480,0.47946081000808966
II,epcam,0.9498393920005066,0.8686411991304543,1.03862776886363,0.25902136077682475,797,480,0.48070749686222397
II,arid1b,1.0511668090897115,0.9637777905328678,1.146479687938154,0.25981340505958445,797,480,0.48070749686222397
II,large1,1.0524012587065257,0.9628174093195657,1.150320298123605,0.2605061077065222,797,480,0.48070749686222397
II,hsd17b13,0.9499899995402055,0.8687982672825675,1.0387693360038404,0.2603729231242383,797,480,0.48070749686222397
II,nbn,1.0521123033868016,0.962622671070175,1.1499212850527032,0.26268964702387076,797,480,0.4829144262957624
II,hras,1.0486434084655027,0.9646015852641181,1.1400074548053443,0.26511317287239217,797,480,0.4840928790628991
II,inha,1.0475180713464176,0.9653552073759971,1.136673942827692,0.26531061674612877,797,480,0.4840928790628991
II,hsd17b1,0.9485775006836871,0.8640627707234222,1.0413586897743186,0.2675215023076337,797,480,0.486312322038784
II,bmpr1b,1.052132295269996,0.961425674967098,1.1513967179917404,0.26925674777993663,797,480,0.4866377360755557
II,smad1,1.051488598262444,0.9614466752967941,1.1499631759968563,0.2716811900789912,797,480,0.4866377360755557
II,agtr2,1.0493531798401343,0.963033732484706,1.1434096843103974,0.2713608350927269,797,480,0.4866377360755557
II,frmd3,0.9498263367358033,0.8667355587912393,1.040882724616876,0.27042142810197384,797,480,0.4866377360755557
II,mdc1,1.0484020121256092,0.9628370666228577,1.141570902420981,0.27653553652314067,797,480,0.4935250998533423
II,abcb11,1.0482698194435593,0.9619838197765539,1.1422953190745704,0.2820953063001886,797,480,0.5016167446574262
II,twist1,0.9514283634768917,0.8682379464451191,1.042589689306484,0.2861725232111262,797,480,0.5070230574284084
II,mmp17,1.0498418880357947,0.9593408501953399,1.1488804939872412,0.2902841789219066,797,480,0.5124511317430048
II,dab2,0.9539405421313232,0.8737620884241197,1.0414763583563633,0.2924780162177337,797,480,0.5144667263686036
II,hsd17b8,1.0492849074269361,0.9591746321832423,1.1478606502007835,0.2936611260399771,797,480,0.5146963821990996
II,cul1,0.9537617859261415,0.8726610960592919,1.0423995619843895,0.29643062069746756,797,480,0.517694905432363
II,mmp16,1.0481727965116945,0.9590495747838022,1.1455781225853916,0.29939794155025035,797,480,0.5210163466835317
II,col22a1,1.040357028546794,0.9652188095084289,1.1213444414722247,0.30094462540012856,797,480,0.5218507865980953
II,hsd17b3,0.9558911039366632,0.877146009859414,1.041705476984045,0.30373770061448446,797,480,0.5248329879875722
II,ncoa2,1.0458003233912059,0.9593834694970441,1.1400012103382613,0.3088285322096456,797,480,0.5317505360933686
II,chek2,0.9550233649948087,0.8735197680987987,1.0441316395977072,0.31196166363281774,797,480,0.5352605386542031
II,msh2,0.9552399106911766,0.8736382537365547,1.0444635214570699,0.3148454220498603,797,480,0.5364439420988909
II,itch,0.9556517590235022,0.8747824094594536,1.043997083902319,0.31464198707580143,797,480,0.5364439420988909
II,mmp15,1.0414859150197329,0.9617125055971498,1.1278764754244084,0.3174238914767921,797,480,0.5389593157366366
II,igf1r,0.9534379451369674,0.8667293358296981,1.0488209844158536,0.3270225840687043,797,480,0.5533357910366657
II,plagl1,0.957482564012954,0.8770814727610886,1.0452539346234069,0.33159393994048325,797,480,0.553783533253597
II,prkg1,1.0457718815603536,0.9554603613914242,1.144619779589423,0.33143453001592993,797,480,0.553783533253597
II,sf3b1,1.0428546490122097,0.958036373281645,1.1351821802350928,0.33229785966362607,797,480,0.553783533253597
II,cyp17a1,1.0441658534628742,0.9566945521158026,1.1396347215802685,0.33294960895001535,797,480,0.553783533253597
II,slc29a1,1.044441653935544,0.9571253346536753,1.1397236380440487,0.32897406425045805,797,480,0.553783533253597
II,or6a2,1.0455276637969537,0.9550387011285242,1.1445903652627039,0.33507518286973936,797,480,0.5554297099095001
II,dtx2,1.0413880588301678,0.9584505321439225,1.1315024121779262,0.3381892515657343,797,480,0.5568166465173201
II,mapk3,1.0449412743400144,0.9550955416956151,1.1432387851804233,0.33787899606876703,797,480,0.5568166465173201
II,src,1.0427763014953348,0.9568556546864659,1.1364121742234916,0.33971594979373054,797,480,0.5574533538561551
II,casp10,1.0448703088080418,0.9540673583819376,1.1443153909805552,0.3440149682216064,797,480,0.5626197975263061
II,dtx3,1.0416003543825565,0.9565867568114412,1.1341692643396326,0.3481143444950162,797,480,0.5674263815268764
II,fam20c,0.9574743728330649,0.8738354819250482,1.0491187341265507,0.35144023350989007,797,480,0.5709444325127451
II,adam10,0.9620303941746757,0.8865891986989598,1.0438909933417033,0.3528728107058403,797,480,0.5713735246197216
II,mapk8,1.043937583576227,0.9528046463136086,1.14378711587881,0.3561992004270297,797,480,0.5748561353426321
II,brca1,1.0408742071999486,0.9555562191037942,1.1338099146382496,0.35856843355438206,797,480,0.5757916713549095
II,shank2,1.0446462617453751,0.951537193395332,1.1468661653514511,0.3591338645465182,797,480,0.5757916713549095
II,casp9,1.0414900217385217,0.953080384972534,1.1381007126824514,0.369082961795958,797,480,0.5898090467915799
II,myh9,1.0401961905985586,0.9538250789010436,1.1343884102758086,0.3728972471180487,797,480,0.5939633675593675
II,mapk6,0.9613249080876484,0.8812073485414426,1.0487265913514607,0.37433540890773587,797,480,0.594318230376243
II,tp53bp1,1.0391380840886688,0.9540215177955969,1.1318486403729344,0.37860083917580734,797,480,0.5965909296402618
II,ctbp1,1.0399915254333323,0.9527763448676224,1.1351902036604649,0.38023341173686975,797,480,0.5965909296402618
II,tubb1,0.9610284081672581,0.8793085175523162,1.0503430626094714,0.3806469735128051,797,480,0.5965909296402618
II,thsd7a,1.0378572457074866,0.955558594834856,1.1272439683865623,0.3780370898520118,797,480,0.5965909296402618
II,muc16,0.9636131964070053,0.8861267641031987,1.0478753491092911,0.3861635395827674,797,480,0.6033034212650902
II,rheb,0.9687539452434654,0.8983842944634631,1.044635588810315,0.40935036296698357,797,480,0.6354677063201746
II,sik2,0.9639268405920319,0.883489933294656,1.0516870866301662,0.4085768345225149,797,480,0.6354677063201746
II,hsd17b7,0.963542480893043,0.8816527691895463,1.0530382764395543,0.4124759407262808,797,480,0.6382934652378206
II,cdk1,1.0351839977894393,0.9521278901142602,1.125485263487794,0.41773728842681923,797,480,0.6428954188113326
II,e2f5,1.0364137633515438,0.9503208552152703,1.130306130786942,0.4188945888590465,797,480,0.6428954188113326
II,pik3r1,0.9647273535702736,0.8841992876126982,1.0525894781475706,0.419393943968947,797,480,0.6428954188113326
II,e2f8,1.038363673437714,0.9471222017382466,1.138394936087711,0.42241189114223876,797,480,0.6454981711517336
II,thada,1.0357725575262762,0.9497723637453523,1.1295599154874578,0.4267680140925447,797,480,0.6501232364213532
II,rbl1,1.0359158121810175,0.9481875582286929,1.1317608637803191,0.4344750507404487,797,480,0.6588630938915898
II,nr1i2,0.9664342657338817,0.8870113859478169,1.0529686594570211,0.43519995772389264,797,480,0.6588630938915898
II,kdm3a,0.9670566789260789,0.8879711127865916,1.0531858602029727,0.4415750487334543,797,480,0.6644006117866436
II,cyp19a1,1.0351343752668551,0.9480640617397343,1.130201236499623,0.4411353389851025,797,480,0.6644006117866436
II,mlh1,1.031487184422151,0.9527131472895518,1.116774566042356,0.4443604182343839,797,480,0.6645022768092163
II,psen1,0.9660993111557825,0.884607352661564,1.055098486585563,0.44303871750979584,797,480,0.6645022768092163
II,dnah2,0.964309952579468,0.8775093776540263,1.0596965779782732,0.45015652396743,797,480,0.6711175006709551
II,pdgfa,0.9672515058621125,0.8868140811291659,1.0549849122842876,0.45226340348155114,797,480,0.6722091316184756
II,tg,0.9659847577568494,0.8819377233649344,1.058041319128883,0.4561781685491575,797,480,0.6759731043046606
II,bmpr1a,0.9683328167244896,0.8877416302683353,1.0562402527660637,0.4679468413700075,797,480,0.69131723694844
II,ccnd3,0.9690843602712201,0.889852671625409,1.0553707678450532,0.4705366122595369,797,480,0.6930494078160047
II,mapk12,1.032392393488024,0.9460052971411629,1.1266681670312964,0.4746062140919264,797,480,0.6969442603331892
II,e2f1,1.0339742995121954,0.9426782935448502,1.1341120925055754,0.47871264385631973,797,480,0.6975771776562738
II,cxcr1,1.0335805585373452,0.9420632991207288,1.1339883126573913,0.4850229865094746,797,480,0.6975771776562738
II,mmp12,1.0330358391802483,0.9435763411641283,1.130976899774996,0.4818847273037544,797,480,0.6975771776562738
II,mmp13,0.9660540449878899,0.8784071655315107,1.0624462714540388,0.4766579485801836,797,480,0.6975771776562738
II,myo3a,1.037125315953426,0.9367544656643594,1.1482506466928262,0.48272972650341295,797,480,0.6975771776562738
II,ush2a,1.0358619815725307,0.9383778626486746,1.1434733145117908,0.4847386007731278,797,480,0.6975771776562738
II,akt3,1.033596046681328,0.9423903838049882,1.1336287021540123,0.4832561469315765,797,480,0.6975771776562738
II,hdac1,1.032146655174699,0.9417453751874169,1.131225855583637,0.4986815647444651,797,480,0.7151181382992476
II,hdac9,0.969478615154409,0.884974948859513,1.0620512890822122,0.5053119539244004,797,480,0.7225074428919059
II,bmp15,0.970481557037238,0.8880393673693667,1.0605773653249315,0.5082871836521948,797,480,0.7240473874677571
II,map2k4,0.9711742338330949,0.8903599982545625,1.0593236379782132,0.5093503093842708,797,480,0.7240473874677571
II,hsd3b2,1.0298858881488266,0.9418903632371239,1.1261023405768424,0.5181348642492369,797,480,0.7343998510663097
II,abcc10,1.0279180532409542,0.9452231782197577,1.1178476665888715,0.5199123860726089,797,480,0.7347894704899011
II,myc,0.972201205645622,0.8905256832260474,1.0613676865947073,0.5288940985717813,797,480,0.7411789878407045
II,atr,1.0312767342537295,0.9373585767194424,1.1346049729818168,0.5272884102481943,797,480,0.7411789878407045
II,nf2,1.029586569556351,0.9402441907859052,1.1274182968626174,0.5289805046143269,797,480,0.7411789878407045
II,ccna1,0.9698444119334627,0.8807163843267568,1.0679921483209178,0.5335834986142005,797,480,0.7412566216543864
II,hes5,0.9674336242196219,0.8721325088240041,1.073148641750244,0.5314934140769523,797,480,0.7412566216543864
II,nrip1,0.9730550208281346,0.892961748329112,1.0603321758524793,0.5331164301085766,797,480,0.7412566216543864
II,runx1,0.9724196018655409,0.8901263563698497,1.062320956261448,0.5353086378057716,797,480,0.7415465265921313
II,gh1,1.0249840061007713,0.9472829797535162,1.109058470612183,0.5395363053905253,797,480,0.7452916760903019
II,spen,1.028234045606736,0.9398531647559323,1.124925990773626,0.5437244579335967,797,480,0.748731540667339
II,hey1,0.9720894716076982,0.8867466102256881,1.0656459578345951,0.5459822687089078,797,480,0.748731540667339
II,cxcl8,1.029858212891312,0.9355685598199833,1.133650684952221,0.5481511074824281,797,480,0.748731540667339
II,agmo,0.9709972541332594,0.8821613221426958,1.0687791947670762,0.5477026515834187,797,480,0.748731540667339
II,map2k3,1.0241258434170195,0.9451484693077841,1.1097026310826863,0.5604211598352328,797,480,0.7591300475330438
II,fanca,1.0270186245532562,0.9388997204976185,1.1234077848273656,0.560240179182417,797,480,0.7591300475330438
II,hsd17b12,1.0269310736578487,0.9393837559745141,1.1226374986120935,0.558859696036488,797,480,0.7591300475330438
II,tbx3,0.9727932606801472,0.8853509797446564,1.0688718369043226,0.5659716439422342,797,480,0.7645307565960014
II,smad7,1.0261825532207962,0.9386671704722355,1.1218573160548178,0.5698441275614402,797,480,0.7661870367748412
II,ugt2b17,0.9719755835429111,0.8811009188764343,1.07222284617328,0.5703314547771824,797,480,0.7661870367748412
II,ccne1,1.0238431957182068,0.9406909069445557,1.1143457236376313,0.5855937410524981,797,480,0.776653893428918
II,nfkb2,0.97785882975562,0.9027962801591534,1.0591624178629329,0.5826980517493212,797,480,0.776653893428918
II,smad9,1.026169950821928,0.936093947828788,1.124913552119746,0.5815548182259616,797,480,0.776653893428918
II,magea8,1.0256580349342062,0.9364703354244556,1.1233398056845971,0.5851877552399158,797,480,0.776653893428918
II,hsd17b4,1.0251436277096482,0.9374926682093642,1.1209895213804515,0.586063980931024,797,480,0.776653893428918
II,cdh1,1.0243070459034547,0.9385345834252048,1.1179182342523417,0.5904032321109627,797,480,0.7802896770331371
II,mmp14,0.9758378966385491,0.8910588446214571,1.0686831809862007,0.5978770756817033,797,480,0.7880374393756144
II,rad51d,1.025154595749255,0.9341702242532065,1.1250004741116226,0.6003410690559274,797,480,0.7880758267378243
II,stat2,1.0228597580106353,0.9387072096679279,1.1145563534423992,0.6058610881208951,797,480,0.7880758267378243
II,lfng,1.0250323766822005,0.9342871830042132,1.1245914450717907,0.6011339029196119,797,480,0.7880758267378243
II,bmp4,1.0223611167816329,0.939966410040449,1.1119783025672263,0.6059642348740735,797,480,0.7880758267378243
II,mapk14,0.9764363995827526,0.8924300991707451,1.0683503876842162,0.6033991166968402,797,480,0.7880758267378243
II,psen2,1.0223542005074577,0.9383606126628112,1.1138661375920584,0.6132494077863243,797,480,0.7954349082427389
II,stat1,0.977237713537957,0.8932250295784011,1.0691522484671612,0.6156411285785703,797,480,0.796416338702767
II,wfdc2,0.9778209875395013,0.8951148787169463,1.0681689092725657,0.6188920423457085,797,480,0.796416338702767
II,lipi,1.0188723482958688,0.9467710491558915,1.0964645180558417,0.6175818141968443,797,480,0.796416338702767
II,fgfr1,0.9785156521894024,0.8958701900716509,1.0687852907607878,0.6295227252111837,797,480,0.8058550068802849
II,ros1,1.0237115445193858,0.9311237128902468,1.1255060008398632,0.628017922470507,797,480,0.8058550068802849
II,tp53,1.0224759640684558,0.9337616681339603,1.1196187772271387,0.6312354819589197,797,480,0.8059377302295345
II,vegfb,1.0230422885916646,0.9315791732189712,1.1234853186234335,0.6335431132367417,797,480,0.8067775582624133
II,snw1,0.9804364653509808,0.9013563284132081,1.066454666471546,0.645182077164848,797,480,0.8178951825986353
II,map2,1.0197518338684322,0.9381882491331573,1.1084063391743018,0.6456186921944238,797,480,0.8178951825986353
II,atm,0.978924856183464,0.8916728600720636,1.074714636908841,0.6547353209209559,797,480,0.8259814761904026
II,bad,1.0197968078683013,0.935406008127882,1.1118012074989772,0.6564557762959689,797,480,0.8259814761904026
II,cdk8,1.019740768706926,0.935427117938564,1.1116539337181028,0.6570691088713019,797,480,0.8259814761904026
II,hsd17b2,1.020836524609386,0.929278155630929,1.1214158039355138,0.6671006902126804,797,480,0.8364416346512838
II,stat3,1.01732697384371,0.9390443862440833,1.1021355186942015,0.6741249179391853,797,480,0.8366677281021868
II,apaf1,0.9807826874964475,0.896353892855207,1.0731639453571726,0.6726579726732165,797,480,0.8366677281021868
II,clrn2,0.9805181996991598,0.8947566445338636,1.0744999166138016,0.6735430271908147,797,480,0.8366677281021868
II,cyp21a2,1.018567451339629,0.9352856923280537,1.1092649673129062,0.6725028434583921,797,480,0.8366677281021868
II,e2f3,0.9817247858802878,0.8999111020637834,1.0709764031151894,0.6778149562446475,797,480,0.8391177559585635
II,casp6,0.9822383489532972,0.9019551737150548,1.0696675425460733,0.6803895567636249,797,480,0.8401780132762944
II,izumo1r,1.0181242268207717,0.9339518461526015,1.1098826406410083,0.683295090978577,797,480,0.8416405528678189
II,cdkn1a,0.9817888816745081,0.8960228582392874,1.0757643059171422,0.6935289004697771,797,480,0.8428295919850182
II,hdac2,0.9817200214317224,0.8971518175574553,1.074259876220091,0.6881168463903626,797,480,0.8428295919850182
II,nrarp,1.0176687695034543,0.9324226320909846,1.1107084800164069,0.6947693451688963,797,480,0.8428295919850182
II,mmp24,1.0195153216896793,0.9259245279903406,1.122566105269925,0.6940206451104755,797,480,0.8428295919850182
II,sbno1,1.018718673838225,0.9291240790235643,1.1169527944183133,0.6929581580342863,797,480,0.8428295919850182
II,usp9x,0.9823374505631723,0.8982452464164125,1.0743022249533847,0.696325470678829,797,480,0.8428295919850182
II,mecom,1.018983797822537,0.9301948788167678,1.1162477926621366,0.6859923695669632,797,480,0.8428295919850182
II,prkci,0.9834669321186806,0.9028535456275198,1.0712780730109237,0.7024176593500664,797,480,0.8481042849930431
II,mmp21,1.0168771983130813,0.9316146248585627,1.1099431125891235,0.7079746024484055,797,480,0.8527083265942618
II,gpr32,0.9823042286611352,0.8934795071992123,1.0799594057509891,0.7119652808799418,797,480,0.8533113292899304
II,sox9,0.9830171926022198,0.8978177326947682,1.0763017545344822,0.7111561011461951,797,480,0.8533113292899304
II,st7,0.9840364284281236,0.9029219987931658,1.0724378116468887,0.7138910104017786,797,480,0.8535273938544492
II,ran,1.0157851578669466,0.93353608110127,1.1052807789984562,0.7161990937723937,797,480,0.8541984313529281
II,egfr,0.9813059404399882,0.88432518389146,1.0889222271216028,0.7222628525172419,797,480,0.8555373666871781
II,gata3,1.0167684317587353,0.9281761570382775,1.113816634893891,0.720699524067173,797,480,0.8555373666871781
II,col12a1,1.0163500553821456,0.9291009132182141,1.1117925086278349,0.7232317514351423,797,480,0.8555373666871781
II,ackr3,1.015516945676824,0.9322350407759439,1.106238900973306,0.7243199791584698,797,480,0.8555373666871781
II,rad51c,0.9847054853567134,0.9016645459695244,1.07539427742385,0.7316839725190154,797,480,0.8621529218356592
II,akr1c1,1.0153093782508231,0.9272269827237649,1.1117592054276744,0.7428085390870325,797,480,0.8731571529172089
II,bmp7,1.0138185562754098,0.9322649053347372,1.1025064433582927,0.7484030962904578,797,480,0.8734346398234698
II,mmp26,1.0137034191150625,0.9330685027348395,1.101306730335094,0.7475786260425799,797,480,0.8734346398234698
II,slco1b3,1.0162106928505519,0.9211878931802926,1.1210353283069954,0.7481764272979747,797,480,0.8734346398234698
II,bmp2,1.0152496697838371,0.9247787819700748,1.1145713029881608,0.7506265491747746,797,480,0.8739437679677732
II,cdk4,1.0135984459695648,0.9293005002478265,1.1055431578891153,0.7604561316349433,797,480,0.8811920577476001
II,cyp3a7,1.015229816724167,0.9214539783693384,1.1185491679028405,0.7598550356883387,797,480,0.8811920577476001
II,fgf2,0.98557925949751,0.8946278127800802,1.0857771945778352,0.7687239079270036,797,480,0.8865707334346811
II,ttyh1,1.0139837082873864,0.9248057431982047,1.1117610030368108,0.7674921235554405,797,480,0.8865707334346811
II,hsd3b1,0.9861906062248963,0.8975656211261056,1.0835663587315414,0.7722456967735799,797,480,0.8885368134641896
II,ptprm,0.9875889382307936,0.9061359630058279,1.0763637585693675,0.7761297438662447,797,480,0.8909094947197034
II,dll1,0.9869054560060431,0.898164345933925,1.0844144320622457,0.7839398753007386,797,480,0.8927736983395059
II,numb,1.0124437801309818,0.926347187495147,1.1065423652849182,0.7850566263517128,797,480,0.8927736983395059
II,akt1s1,1.0116900544104852,0.9326048523998571,1.0974817078844175,0.7795874685194055,797,480,0.8927736983395059
II,mapt,0.9875178536009918,0.9024261664075494,1.0806330173944654,0.7846900830826518,797,480,0.8927736983395059
II,maml3,0.9881569389997941,0.9054463318463011,1.0784229851617482,0.7893713266961229,797,480,0.8955976305206592
II,maml2,0.9882021878031167,0.9030648936165817,1.081365880660047,0.7962629789064881,797,480,0.8990419159524459
II,sptbn1,1.010978259849084,0.9303230117270059,1.098625992267082,0.7968790483799013,797,480,0.8990419159524459
II,ddc,1.0125783055001816,0.9201792624307645,1.1142555224088904,0.797922682051864,797,480,0.8990419159524459
II,numbl,1.011360533320506,0.9246363006123041,1.106218875119867,0.8049355192410221,797,480,0.9048585492157697
II,bbc3,0.9889091187170069,0.9033517665159736,1.0825696935905142,0.8091184665045542,797,480,0.9063037264994702
II,prkce,0.9888496821421886,0.9025004830946424,1.0834605766855485,0.8099278701027985,797,480,0.9063037264994702
II,mdm2,1.0108595483369582,0.9232430481079037,1.106790924186382,0.8153766287463671,797,480,0.9102728630481416
II,kdm6a,1.0103047789509227,0.9261891462776708,1.1020597147713316,0.8171979281761435,797,480,0.9102728630481416
II,ahnak,1.0100657384329965,0.925941431036252,1.1018329688676074,0.8214074931739132,797,480,0.912882418550099
II,rbl2,0.9910322440448024,0.9079343059015967,1.0817356524062471,0.8402237782993492,797,480,0.927470491170162
II,casp3,1.0090977099197298,0.924603644535166,1.1013131888282475,0.8391450368591847,797,480,0.927470491170162
II,chd1,1.0092823008838863,0.9237577142265174,1.1027250405485494,0.8379485174670892,797,480,0.927470491170162
II,nr2f1,1.0088737932482157,0.9245311724152909,1.1009107762629826,0.8427800310487548,797,480,0.92819692608748
II,e2f6,1.0089816009693877,0.920478317396202,1.105994407314813,0.848605880323265,797,480,0.930422142327526
II,ppp2r2a,0.9910008386552724,0.9032181975471661,1.08731496429374,0.8485053863909063,797,480,0.930422142327526
II,inhbc,0.9912809264309743,0.9031568898826605,1.0880035197799538,0.8537329108355736,797,480,0.9318647174075791
II,map2k1,1.0080321853696323,0.9267208517703986,1.0964778496133696,0.8521021057020233,797,480,0.9318647174075791
II,aph1b,0.9921230598165884,0.9089519421245118,1.08290451915333,0.8594866596805204,797,480,0.9339755035194989
II,braf,0.9917559950737216,0.9055815190809382,1.0861307712671622,0.8583362898230334,797,480,0.9339755035194989
II,dtx1,0.9937115638831755,0.9190391641818252,1.0744511340539389,0.8742415354351929,797,480,0.939672145278486
II,dph1,0.9928030919052869,0.908921282908615,1.0844261189951672,0.8725877820511954,797,480,0.939672145278486
II,tgfb1,1.0075554962006774,0.9217503025167466,1.1013482449122922,0.8683558163731724,797,480,0.939672145278486
II,ahnak2,1.0072561847901171,0.9218644232490397,1.1005577351842986,0.8729115283236561,797,480,0.939672145278486
II,prr16,1.0067836809374768,0.9258667500095029,1.0947724175121438,0.8743370676926607,797,480,0.939672145278486
II,kmt2d,0.9932710053736735,0.9100649363396114,1.0840844985020506,0.8797725353234436,797,480,0.9413758638362448
II,hsd17b6,0.9930059326831157,0.9069321428818478,1.087248687879315,0.8794079482752784,797,480,0.9413758638362448
II,mtap,0.9932670895445113,0.9054503527869385,1.0896008910213282,0.8862578952757131,797,480,0.9441832479081126
II,siah1,0.9934201455211418,0.9080063102405218,1.0868686422078178,0.8855623607222387,797,480,0.9441832479081126
II,acvr1c,1.0060387128034673,0.9219079123195064,1.0978470605733215,0.8925172623069932,797,480,0.948784654930695
II,e2f4,0.9943488389672137,0.910698497510442,1.085682710862394,0.8994158918730044,797,480,0.9511200982663914
II,alk,0.9950439709815933,0.9204515326138761,1.0756813032568049,0.9005492954955813,797,480,0.9511200982663914
II,cyp3a43,0.9940927454451488,0.9079121873256627,1.088453707684623,0.8981059099165891,797,480,0.9511200982663914
II,bche,0.995287641315484,0.9131215653847102,1.0848473264761715,0.9144347975517619,797,480,0.961631432264111
II,ugt2b15,0.9948906203095027,0.9075070470339075,1.0906883308674127,0.9130356273326989,797,480,0.961631432264111
II,csf1,1.0046726627862768,0.9164461736105749,1.101392736873358,0.9208146675970164,797,480,0.9634397254882185
II,srd5a2,1.0048323912829527,0.9123265947775027,1.1067178577838768,0.9220650133506877,797,480,0.9634397254882185
II,star,1.0050991385577888,0.9105337387437731,1.1094858272065513,0.9196398589115308,797,480,0.9634397254882185
II,bmp6,0.9960639157570995,0.9129346099929693,1.0867627466560907,0.9293216834008898,797,480,0.9648371617474206
II,map3k5,0.9959944272955553,0.9127947395704334,1.086777625022954,0.9281433951908635,797,480,0.9648371617474206
II,srd5a1,0.9959965935866484,0.9129469381222954,1.0866011736416172,0.9280468658121613,797,480,0.9648371617474206
II,gdf2,0.9969475566546877,0.9145091865606263,1.0868173281645457,0.9446539915573953,797,480,0.9724964249927711
II,spaca1,0.9966944811538345,0.9126276759731172,1.0885051099324468,0.941291914653131,797,480,0.9724964249927711
II,cyp3a5,0.9967531374494218,0.9114949089602506,1.0899861395260875,0.9431710453140737,797,480,0.9724964249927711
II,hsd3b7,0.9970148626776916,0.9164301009982861,1.08468571178248,0.9445721770737857,797,480,0.9724964249927711
II,hey2,1.0026489446561666,0.9130238548941023,1.1010718951442138,0.9558420259785241,797,480,0.9746399042899231
II,folr3,1.0028763720780423,0.9156813381376379,1.0983744844227,0.9506501293652134,797,480,0.9746399042899231
II,mmp9,0.9974063160966973,0.9106647178566366,1.092410126232865,0.9553850722862279,797,480,0.9746399042899231
II,rps6kb1,0.9974552245262613,0.9097996035972564,1.0935561204917355,0.9567017465422558,797,480,0.9746399042899231
II,myo1a,0.9971853511027615,0.9057305305400186,1.0978746889111324,0.9542033300783084,797,480,0.9746399042899231
II,tsc1,1.0023193342650203,0.9177106817594328,1.0947285106406002,0.9589381602500522,797,480,0.9748872356804066
II,map3k4,0.9979956627039124,0.9124860307303936,1.0915184553330457,0.9649843112541157,797,480,0.9789986062308351
II,ugt2b7,0.9981888763763141,0.9125146885608578,1.09190684315758,0.968418090395278,797,480,0.9804481287852815
II,hist1h2bc,0.998520491935288,0.9110084557949559,1.094438988433602,0.9747606221727034,797,480,0.9848304633108512
II,rad51,0.9990073969446456,0.9145001490046938,1.091323801572168,0.9824301553555755,797,480,0.9884945390306099
II,rps6ka1,1.0008954517245248,0.9242588596379447,1.0838865052105289,0.982430044688348,797,480,0.9884945390306099
II,heyl,0.9995157289686997,0.9157186071763136,1.0909810990260638,0.9913491500618878,797,480,0.9936429700601084
II,arid2,1.0004424799109204,0.9212516870202335,1.0864405131757768,0.991610980346284,797,480,0.9936429700601084
II,mmp23b,1.0003483281277747,0.9144713009222573,1.094289975616312,0.9939322689377061,797,480,0.9939322689377061
III-IV,dnah11,1.5226892504751999,1.235818270061545,1.8761517042447173,7.881043173727797e-05,124,94,0.038538301119528925
III-IV,folr3,1.3461579850559555,1.1179240098065755,1.6209879247905674,0.0017127398915964857,124,94,0.41876490349534073
III-IV,ncstn,0.7119095388958901,0.5640314040136954,0.8985584631714102,0.0042318564825014155,124,94,0.6250804878215128
III-IV,stab2,1.234097951251409,1.065128295257812,1.429872589117808,0.005113132824715851,124,94,0.6250804878215128
III-IV,nbn,0.8167987042323482,0.6790300708922697,0.9825192606845392,0.03178726449028396,124,94,0.7049312582856433
III-IV,rad51d,0.802815994034006,0.6554659482761412,0.9832906224524148,0.03376783491583348,124,94,0.7049312582856433
III-IV,dll3,1.2369485036983172,1.0293214544685858,1.486456533242504,0.023315386017353747,124,94,0.7049312582856433
III-IV,egfr,1.2451778962459412,1.032220335213529,1.5020707695888709,0.021943847248349815,124,94,0.7049312582856433
III-IV,gdf2,0.7577738584658639,0.596773984482452,0.9622088688605156,0.02284074333550366,124,94,0.7049312582856433
III-IV,kras,1.2896146656407748,1.0458783973983103,1.5901523446443198,0.017329130746942166,124,94,0.7049312582856433
III-IV,mmp17,0.7661325440283111,0.6278530816852553,0.9348669173428322,0.008712192365342979,124,94,0.7049312582856433
III-IV,opcml,0.7884005451054853,0.6330773759339258,0.9818316735859791,0.03369111640680363,124,94,0.7049312582856433
III-IV,smad5,1.4620108495118649,1.0636417313008462,2.0095824197084173,0.019278510245898457,124,94,0.7049312582856433
III-IV,tubb4b,0.8063118669870271,0.6613050348097297,0.9831148904395729,0.03331085183173549,124,94,0.7049312582856433
III-IV,bap1,0.7915376566053363,0.6440596077603832,0.9727855221396883,0.026266778308755113,124,94,0.7049312582856433
III-IV,gps2,0.7737768039244152,0.6163552061309774,0.9714050215457267,0.027108566765522514,124,94,0.7049312582856433
III-IV,kdm6a,1.338335044373408,1.0744296654198862,1.6670618362887395,0.009306236557565779,124,94,0.7049312582856433
III-IV,ncoa3,1.2801715522490311,1.0366373256091148,1.5809185746082726,0.02178013173258882,124,94,0.7049312582856433
III-IV,sik2,0.7779675350123748,0.616342046548503,0.981976629572037,0.034597853167393534,124,94,0.7049312582856433
III-IV,taf4b,1.2988115957799724,1.0272939460647532,1.6420923804667176,0.028888121260030656,124,94,0.7049312582856433
III-IV,tg,0.7807049714978853,0.6413667448825214,0.9503147105532507,0.013585865370423068,124,94,0.7049312582856433
III-IV,zfp36l1,1.2897106805928018,1.0434820147825852,1.594041503419411,0.01858582716268538,124,94,0.7049312582856433
III-IV,hsd17b2,1.2442624275953957,1.0520982860019763,1.4715250555238328,0.010670046062975159,124,94,0.7049312582856433
III-IV,hsd3b7,0.7495456137937364,0.5879564701976603,0.955544594940091,0.0199640555132916,124,94,0.7049312582856433
III-IV,cxcl8,1.2240230778015233,1.0109415259091439,1.4820169679382267,0.038314026343133176,124,94,0.7494223552716849
III-IV,msh6,1.2102706432705952,1.0082829461431417,1.4527222101351251,0.04051040920297415,124,94,0.7584290244419684
III-IV,acvr2a,1.2160110746302448,1.0057894885948473,1.470171393110519,0.0434274288024031,124,94,0.7584290244419684
III-IV,hsd3b1,0.7989825518002146,0.6430743586700732,0.9926894292619393,0.04274304066423055,124,94,0.7584290244419684
III-IV,sox9,1.2573648107922628,1.0040125371446018,1.5746479340934427,0.046059792881853995,124,94,0.7766634041112622
III-IV,hif1a,1.224025772653101,1.0003362527565676,1.4977354744371325,0.049619557943687595,124,94,0.7827085107891366
III-IV,nr1i2,1.2672160825833867,1.0004314307076,1.6051440915067863,0.049583427949372975,124,94,0.7827085107891366
III-IV,maml1,0.8240160599624978,0.671104384780839,1.0117687836264981,0.06456668412615392,124,94,0.7839751049376612
III-IV,ncor2,0.8135217222169707,0.6590214383210875,1.0042428880688645,0.05478671324021218,124,94,0.7839751049376612
III-IV,rbpjl,1.2214673732568506,0.9873356826712847,1.5111198451719674,0.06539106466959486,124,94,0.7839751049376612
III-IV,hey1,0.8366916782021957,0.6941842364314887,1.0084541359963552,0.06126269368691719,124,94,0.7839751049376612
III-IV,diras3,0.7616704985427866,0.5758450118187927,1.0074619670978007,0.05640870439858647,124,94,0.7839751049376612
III-IV,afdn,1.2640830480731877,0.9977313132953873,1.601539343441381,0.05224001585383184,124,94,0.7839751049376612
III-IV,l1cam,1.236644161623588,0.9902218828827686,1.5443900088590121,0.06102693183488149,124,94,0.7839751049376612
III-IV,lifr,1.2499192098775225,0.9855923616764405,1.5851360988263585,0.06573206401317813,124,94,0.7839751049376612
III-IV,sik1,0.8116955339069867,0.6549456990142214,1.0059607090422955,0.05669186730587571,124,94,0.7839751049376612
III-IV,cyp3a7,1.1184184274706102,0.9962485603471012,1.2555699738928832,0.057922946683184234,124,94,0.7839751049376612
III-IV,cir1,1.2313361421822773,0.9843186552425771,1.540343350163044,0.06851431007144533,124,94,0.7893915514679452
III-IV,nrarp,0.8223480983802413,0.6633078925166151,1.0195211040590166,0.07447889832311234,124,94,0.7893915514679452
III-IV,acvr1,1.1958597874362884,0.9823061721124589,1.455840013843915,0.0747335497133727,124,94,0.7893915514679452
III-IV,bmpr2,1.2185145345540307,0.9811459870442361,1.513309630295092,0.07381111991406633,124,94,0.7893915514679452
III-IV,eif4e,1.216056316494336,0.9798411742207553,1.5092170076051583,0.0758719896093935,124,94,0.7893915514679452
III-IV,gsk3b,1.2106354110582072,0.9806035427258892,1.494628598254787,0.07543829497123314,124,94,0.7893915514679452
III-IV,arid5b,1.2648337800106,0.9719915312846839,1.645903734306653,0.08037105803542267,124,94,0.7973389365839222
III-IV,birc6,1.1904357495000284,0.978721421478978,1.4479475390925967,0.08103774249923436,124,94,0.7973389365839222
III-IV,prkci,1.1715073349166376,0.9803780838728704,1.3998981192458515,0.0815274986282129,124,94,0.7973389365839222
III-IV,itch,1.2232999593089142,0.9688445386869398,1.5445850502221177,0.09027456523516111,124,94,0.8174863407406256
III-IV,psen2,0.837198539700525,0.6828522823761758,1.0264319428467148,0.08744250452052442,124,94,0.8174863407406256
III-IV,zfyve9,0.8378024032162223,0.6827496938266121,1.0280676405738998,0.09010115615348414,124,94,0.8174863407406256
III-IV,myo1a,1.1799227969571988,0.9767732897837902,1.425323379888355,0.08612679251733502,124,94,0.8174863407406256
III-IV,smad1,0.8181121714971272,0.645365241396834,1.0370988119891458,0.09712638780761888,124,94,0.8481214935343863
III-IV,cyp11b2,0.8430576860572518,0.6896312534155529,1.0306178243808966,0.09577141338634643,124,94,0.8481214935343863
III-IV,ccne1,1.1385834597604587,0.9714901097741522,1.3344163587434477,0.10898604864907556,124,94,0.859583512732225
III-IV,e2f3,1.161028464628993,0.9686187712956252,1.3916590671432973,0.10629595312114454,124,94,0.859583512732225
III-IV,mmp1,1.134097557681744,0.9741689275058211,1.3202815590030315,0.10469097026872552,124,94,0.859583512732225
III-IV,tbx3,0.8144582744253069,0.6354028688645332,1.0439711768460271,0.10518048478833557,124,94,0.859583512732225
III-IV,nras,1.1989427275360598,0.9652117090131606,1.4892729237415487,0.10101908548878491,124,94,0.859583512732225
III-IV,hsd17b8,0.8381428951510422,0.6759128239959364,1.0393108219772351,0.10768852066140049,124,94,0.859583512732225
III-IV,msh2,1.188094223062383,0.9352502809125576,1.5092942623838508,0.15804713998602302,124,94,0.866943743757899
III-IV,e2f6,0.831701943094483,0.6544578994009665,1.0569482357540276,0.1318037893338863,124,94,0.866943743757899
III-IV,stat2,1.1721302078752474,0.9413409046263245,1.4595023093775479,0.15571433843771731,124,94,0.866943743757899
III-IV,stat5a,1.1861995931234248,0.9468544705055996,1.48604618614182,0.13753604906031747,124,94,0.866943743757899
III-IV,dll1,0.8655656911409697,0.7236156067337901,1.0353618118631431,0.11417122227132291,124,94,0.866943743757899
III-IV,acvr2b,0.8436964499466901,0.6831133130405004,1.0420287323699768,0.11461560847292859,124,94,0.866943743757899
III-IV,arl11,1.167599240622797,0.9549225208098959,1.4276425123440282,0.13095090027318887,124,94,0.866943743757899
III-IV,bcl2,0.8672707822886504,0.7254359190009981,1.0368367351417744,0.11806765926661535,124,94,0.866943743757899
III-IV,dab2,1.1876487246272711,0.9588013492677704,1.4711175512904522,0.11531904282355153,124,94,0.866943743757899
III-IV,eif4ebp1,1.1544377525184861,0.9570263343321619,1.3925703782957497,0.1333791294716685,124,94,0.866943743757899
III-IV,fgf1,0.851970303823674,0.6846897053624847,1.0601202163732344,0.15086710785374177,124,94,0.866943743757899
III-IV,map2k5,0.8374408010533279,0.6665038807548753,1.0522175721985991,0.12775990857448288,124,94,0.866943743757899
III-IV,mapk4,0.8214047202983717,0.6268158769361801,1.076401762230956,0.15379979881823233,124,94,0.866943743757899
III-IV,mmp3,1.153643105599494,0.9476704431516182,1.4043831636989392,0.15435118946779916,124,94,0.866943743757899
III-IV,mtor,1.1327335893893298,0.9536023839314025,1.345514027807982,0.15588568903561012,124,94,0.866943743757899
III-IV,raf1,0.8452877230382488,0.6817680431944263,1.0480270259828286,0.12544639820924175,124,94,0.866943743757899
III-IV,terc,1.1839810841532752,0.9494519649531696,1.4764424735293553,0.13376186362958684,124,94,0.866943743757899
III-IV,gata3,0.8575197392420763,0.6948760177366015,1.058232093812936,0.15200347342361248,124,94,0.866943743757899
III-IV,tubb4a,0.8249427521268187,0.6449839656138707,1.0551123447524267,0.12535170040983817,124,94,0.866943743757899
III-IV,aff2,0.8439873998070878,0.6663288458740275,1.069013799183167,0.1595601982376501,124,94,0.866943743757899
III-IV,kdm3a,1.1772083088665948,0.944672970996618,1.4669832259544022,0.14621188683576714,124,94,0.866943743757899
III-IV,klrg1,1.1505780203747835,0.9634606709711158,1.3740361395709155,0.12140303856801311,124,94,0.866943743757899
III-IV,npnt,0.8501520514368983,0.6817570632352049,1.0601408471407596,0.14946737146871356,124,94,0.866943743757899
III-IV,ppp2r2a,0.8475772473022555,0.6880152481069743,1.0441442862219414,0.1201770976821074,124,94,0.866943743757899
III-IV,prkcz,1.1283519789660685,0.9539668063558663,1.334614768516064,0.1586023024780756,124,94,0.866943743757899
III-IV,akr1c1,1.1574809832172042,0.944920187520435,1.417857554747704,0.157745463278789,124,94,0.866943743757899
III-IV,serpini1,0.8361025810221906,0.6555723565877455,1.0663468631145703,0.14920328385238651,124,94,0.866943743757899
III-IV,st7,0.8386402773490177,0.6626107539961782,1.0614338969754993,0.1432035370602643,124,94,0.866943743757899
III-IV,mapk8,0.8692659880565506,0.7143264111896453,1.0578124316214343,0.16186424948338532,124,94,0.8697979999711585
III-IV,e2f8,1.1517057399034902,0.9386849106976423,1.4130685347235736,0.17587068910447695,124,94,0.8987596470377618
III-IV,casp9,0.8643158434009242,0.6995658456201279,1.0678649934541014,0.1765608623173915,124,94,0.8987596470377618
III-IV,erbb2,1.1222672476136342,0.950175158518832,1.3255279974164043,0.1744042258162689,124,94,0.8987596470377618
III-IV,rps6ka2,1.1679666821721353,0.9318181543058098,1.4639617873515822,0.17790958375787963,124,94,0.8987596470377618
III-IV,map4,1.1713909101364186,0.9303946186902271,1.474811479758874,0.17828156597681574,124,94,0.8987596470377618
III-IV,nrg3,1.115000219865319,0.9520816881732419,1.3057970820603484,0.1768000323329697,124,94,0.8987596470377618
III-IV,slc29a1,0.8788685695010268,0.7268605935102479,1.0626658940561908,0.18264795354412497,124,94,0.9113760130926236
III-IV,mlh1,0.8872952363145201,0.7264155219369686,1.0838050848461274,0.24139285911075795,124,94,0.9299038663390117
III-IV,pms2,0.8399516649978306,0.6416714079860805,1.0995016931593318,0.20425827084536616,124,94,0.9299038663390117
III-IV,rb1,1.141729920317734,0.9181042479594961,1.4198248334499024,0.23336950909766624,124,94,0.9299038663390117
III-IV,cdkn2b,0.8492185440453047,0.6649609278699886,1.0845330985994845,0.19030188782892363,124,94,0.9299038663390117
III-IV,tp53bp1,0.8769940134935507,0.7094879024132649,1.0840473771116217,0.22485613716581693,124,94,0.9299038663390117
III-IV,aph1a,1.1581199161628826,0.926052626476939,1.4483428931201485,0.19822375661871228,124,94,0.9299038663390117
III-IV,ctbp1,0.8719902983635885,0.707418512374993,1.0748475861728082,0.19928613842078421,124,94,0.9299038663390117
III-IV,hes1,0.8686148910202209,0.6938257088703005,1.0874371175010904,0.21917034728573292,124,94,0.9299038663390117
III-IV,casp3,1.125011026412211,0.925893061859046,1.3669503117431652,0.23592751438344187,124,94,0.9299038663390117
III-IV,eif5a2,1.1507788711225901,0.9128043413131499,1.4507950392929456,0.23478549175545155,124,94,0.9299038663390117
III-IV,folr1,1.143596056840078,0.924225360026753,1.4150357670150044,0.21690593736693223,124,94,0.9299038663390117
III-IV,gdf11,1.1162809069438595,0.924702994945128,1.3475495051049862,0.25217738737165013,124,94,0.9299038663390117
III-IV,igf1r,0.8867693071366095,0.7387497205099643,1.0644468380126255,0.19715988633633977,124,94,0.9299038663390117
III-IV,map3k5,1.1235642410325917,0.9400733431408352,1.3428703334033594,0.2003100644258872,124,94,0.9299038663390117
III-IV,mapk3,0.884679134783396,0.7219902427304201,1.0840273527260536,0.23729033156612964,124,94,0.9299038663390117
III-IV,mmp15,1.1097138735007144,0.93577608572559,1.3159824233861412,0.23137399029004,124,94,0.9299038663390117
III-IV,mmp28,0.8772056691507247,0.7146986721318233,1.0766632372422282,0.210086525972301,124,94,0.9299038663390117
III-IV,pik3r1,1.1458298026428368,0.93426576413149,1.4053024171821622,0.19118143981821265,124,94,0.9299038663390117
III-IV,plagl1,1.1712495965522238,0.8925650210783291,1.536947544467306,0.25421738062430926,124,94,0.9299038663390117
III-IV,smad4,0.8879882562424751,0.7283340219860439,1.0826394475907937,0.2400879097152519,124,94,0.9299038663390117
III-IV,smad9,0.8731664991652253,0.6935613373508894,1.0992823477972054,0.2483626024831072,124,94,0.9299038663390117
III-IV,tgfbr2,1.166299807052992,0.9256021243746139,1.469589582944083,0.19208950891975918,124,94,0.9299038663390117
III-IV,ncor1,0.8837218708976926,0.714354850822809,1.0932442667721607,0.2548202823914674,124,94,0.9299038663390117
III-IV,agmo,0.9235501698742633,0.8089456749314434,1.0543908481210014,0.23940175955139764,124,94,0.9299038663390117
III-IV,ahnak,0.8694934585658356,0.6916887150338112,1.093004494734055,0.23088651853736047,124,94,0.9299038663390117
III-IV,ctcf,0.8658976806929046,0.6863573344886295,1.0924029740105774,0.22455528086834242,124,94,0.9299038663390117
III-IV,foxp1,1.121470598785185,0.9273648796628998,1.3562043716781444,0.23709299117670096,124,94,0.9299038663390117
III-IV,gh1,1.1183467251923016,0.9276393838268594,1.3482603472361667,0.2409750841089487,124,94,0.9299038663390117
III-IV,magea8,1.0639525851923601,0.9637368144159375,1.1745894590771029,0.21938484537104855,124,94,0.9299038663390117
III-IV,men1,0.8833758173319486,0.7149047373350832,1.0915479977874714,0.2507227808628306,124,94,0.9299038663390117
III-IV,ptpn22,1.1375342834014648,0.914620312324529,1.4147775076468536,0.24687091153307128,124,94,0.9299038663390117
III-IV,hsd17b12,0.8652730303828523,0.6889788694336383,1.0866768928971313,0.21317565085073786,124,94,0.9299038663390117
III-IV,met,1.135385737205217,0.9223484037523867,1.3976288862262782,0.23108304401080876,124,94,0.9299038663390117
III-IV,ran,0.8651623695250316,0.6864164247688483,1.0904545675669512,0.21996965320546055,124,94,0.9299038663390117
III-IV,srd5a3,0.8952806091195441,0.7429266877117938,1.0788781481711975,0.2451305863220281,124,94,0.9299038663390117
III-IV,ugt2b17,0.8288672835581581,0.602590134988661,1.1401132110568122,0.24855883200549622,124,94,0.9299038663390117
III-IV,rad50,1.0984404154744734,0.921312909353595,1.3096216650152874,0.295330505599962,124,94,0.9316704037664556
III-IV,cdk4,1.1404128048800244,0.8978829787455412,1.448453079432856,0.281474137119027,124,94,0.9316704037664556
III-IV,cdk6,1.1276875643030286,0.912150099131228,1.3941556810604974,0.26684845107223387,124,94,0.9316704037664556
III-IV,adam10,1.1254541860120129,0.898296192584365,1.4100550968248742,0.30418536843692945,124,94,0.9316704037664556
III-IV,adam17,1.1460036019281434,0.8945482882055819,1.4681423830867084,0.28091434924147546,124,94,0.9316704037664556
III-IV,dll4,0.8807139551296341,0.7035224383971458,1.1025335205047386,0.2677353146785336,124,94,0.9316704037664556
III-IV,dtx2,1.1123703236300435,0.9149225591428651,1.3524289291238174,0.2854606407526551,124,94,0.9316704037664556
III-IV,hdac2,1.1106855089678958,0.9164480100230219,1.3460908707743104,0.2844585422603847,124,94,0.9316704037664556
III-IV,heyl,0.891384223068071,0.7132328726298365,1.1140342286873859,0.3121540939820528,124,94,0.9316704037664556
III-IV,psenen,1.122580618215843,0.9038555463645898,1.3942352286960915,0.2956758094851526,124,94,0.9316704037664556
III-IV,hes4,1.107304579756362,0.9142969794512428,1.341055980612916,0.2969183874435132,124,94,0.9316704037664556
III-IV,hes7,1.1079457490260274,0.9096641068021261,1.3494473109422858,0.30825785307299836,124,94,0.9316704037664556
III-IV,bmp3,0.8913963196558156,0.7130593912567851,1.1143355075871768,0.31276827530147033,124,94,0.9316704037664556
III-IV,kdr,1.1072873795275078,0.9100202690554433,1.3473165187117333,0.3086464994451798,124,94,0.9316704037664556
III-IV,mmp23b,1.1050777863181043,0.9169873902988321,1.3317488623434097,0.2939027756002286,124,94,0.9316704037664556
III-IV,mmp26,0.8896986392312214,0.7144405207458217,1.1079490113796384,0.29642223217269137,124,94,0.9316704037664556
III-IV,rps6ka1,1.1473395649245919,0.901032578090292,1.4609772268516548,0.264959800914849,124,94,0.9316704037664556
III-IV,tsc2,0.884339355028758,0.7134783553671767,1.0961174771030173,0.26180896933929165,124,94,0.9316704037664556
III-IV,mapt,0.895657000193724,0.7317206391523106,1.0963220374996678,0.28534627162460735,124,94,0.9316704037664556
III-IV,slco1b3,1.1344041289083158,0.900359973658494,1.4292869133833181,0.28476878700218033,124,94,0.9316704037664556
III-IV,asxl2,1.1334192562704286,0.9111133510696657,1.4099663987761992,0.2608879439965248,124,94,0.9316704037664556
III-IV,fanca,0.881086697256187,0.701754051932206,1.106247646086713,0.275567304717201,124,94,0.9316704037664556
III-IV,flt3,0.8882995909329454,0.7206850552174663,1.0948973584772546,0.26691304787053616,124,94,0.9316704037664556
III-IV,gldc,1.0997668708941133,0.9165322912134862,1.3196339964354902,0.3064609401410279,124,94,0.9316704037664556
III-IV,mtap,0.9025403121533913,0.744473431448278,1.0941680127889608,0.29655582347501863,124,94,0.9316704037664556
III-IV,nek1,0.897162536840544,0.726206812146681,1.1083628025064363,0.3143673141543255,124,94,0.9316704037664556
III-IV,smarcd1,1.1187411244578345,0.9088472664843656,1.3771089485635923,0.2898749923798286,124,94,0.9316704037664556
III-IV,akt3,0.8827574037894573,0.7037366510850332,1.1073185299410306,0.28085183374791417,124,94,0.9316704037664556
III-IV,bche,1.1421434307553915,0.8821552876523832,1.478755083914133,0.3132089677037221,124,94,0.9316704037664556
III-IV,cyp17a1,1.093407012194955,0.9242237648553051,1.29356000113703,0.29779213815030975,124,94,0.9316704037664556
III-IV,ugt2b15,0.8812622781506279,0.6903749079540591,1.1249296490116858,0.3101895386288575,124,94,0.9316704037664556
III-IV,brca1,0.9138950503303093,0.7314685541274756,1.1418182754479487,0.4280299089660985,124,94,0.932647133503886
III-IV,pten,1.1218709731248728,0.8779941677363657,1.4334884291828984,0.35781271583399576,124,94,0.932647133503886
III-IV,cdh1,0.9075652128222463,0.7349110518796198,1.1207813699609586,0.3676607562432662,124,94,0.932647133503886
III-IV,rbl1,1.0770377996246117,0.8789016909788862,1.319840926154381,0.474303390040102,124,94,0.932647133503886
III-IV,ccna1,1.130875301118448,0.8845614465671987,1.4457773981025364,0.32644826638075086,124,94,0.932647133503886
III-IV,ccnb1,1.0850939822451426,0.8734280319727387,1.3480549137463127,0.460737266521721,124,94,0.932647133503886
III-IV,cdk1,1.0935907016912485,0.8693877476658032,1.3756124652509854,0.44469933500472214,124,94,0.932647133503886
III-IV,myc,0.9125308569209456,0.7491408062455431,1.1115568100023376,0.36318688623261997,124,94,0.932647133503886
III-IV,e2f2,1.072074798024191,0.9012647186401898,1.275257256594619,0.43188982256345854,124,94,0.932647133503886
III-IV,e2f4,1.0830521523685295,0.8715154776061281,1.3459336005966263,0.47177264702660726,124,94,0.932647133503886
III-IV,e2f7,0.9180737785579443,0.7475352878609554,1.1275179601052314,0.4149235051148369,124,94,0.932647133503886
III-IV,stat5b,0.9218473312288872,0.744891663883006,1.1408403977350632,0.4542790462769517,124,94,0.932647133503886
III-IV,dtx1,0.9058177301057669,0.7398457527926333,1.1090227349104462,0.338116665468696,124,94,0.932647133503886
III-IV,fbxw7,1.0788846146951596,0.8766968065172244,1.3277018955390185,0.47330717799957156,124,94,0.932647133503886
III-IV,hdac1,1.0825295418683667,0.884391750625028,1.3250578244194813,0.44198614560193317,124,94,0.932647133503886
III-IV,jag2,0.9165948311375594,0.7355347275846827,1.14222490517467,0.4379632001379624,124,94,0.932647133503886
III-IV,rfng,0.9073208938351845,0.7339631573782137,1.1216246975264241,0.36864576909537994,124,94,0.932647133503886
III-IV,hes2,0.9230351129135469,0.7619561162628185,1.1181665209935128,0.41307456024785216,124,94,0.932647133503886
III-IV,acvrl1,1.1055660742307873,0.8819718150552815,1.3858451297714802,0.38401448989162046,124,94,0.932647133503886
III-IV,bmp15,0.9305233355961434,0.7689355934245905,1.126067885910511,0.45934525157314665,124,94,0.932647133503886
III-IV,bmpr1b,0.9128652684552875,0.7081311215066616,1.176791942965191,0.4816857683664113,124,94,0.932647133503886
III-IV,csf1r,1.1024687262970658,0.9051434499213314,1.3428117858762736,0.33229691506194686,124,94,0.932647133503886
III-IV,dlec1,0.9053314864008498,0.6997727351268787,1.1712732707714921,0.44913240943924326,124,94,0.932647133503886
III-IV,erbb3,0.8968965050683554,0.7241579318309062,1.1108396462219052,0.3188010025838891,124,94,0.932647133503886
III-IV,foxo1,1.0866982936698468,0.8952248490431881,1.3191246676487036,0.40048388817656133,124,94,0.932647133503886
III-IV,foxo3,1.0940517478526912,0.8899378209263771,1.344980737793085,0.39355231371045185,124,94,0.932647133503886
III-IV,hras,0.9156732905953796,0.725258942133839,1.1560802996001418,0.45891632036074426,124,94,0.932647133503886
III-IV,inhba,1.1092200322738455,0.8855957124040712,1.3893123721857061,0.3668747107520729,124,94,0.932647133503886
III-IV,izumo1r,0.917088282663961,0.7727465148783826,1.0883917326135086,0.32189519332672023,124,94,0.932647133503886
III-IV,map3k1,1.078749756653049,0.8835193079948339,1.3171200979411044,0.45677087108753733,124,94,0.932647133503886
III-IV,map3k3,1.0641335823226536,0.9018372583757598,1.2556370570298905,0.4615897189193946,124,94,0.932647133503886
III-IV,mdc1,1.0924001846188822,0.8938446093221045,1.3350622142929303,0.38786904325975013,124,94,0.932647133503886
III-IV,mlst8,0.9120206938437255,0.7190265875528787,1.1568163964980218,0.4477644069011444,124,94,0.932647133503886
III-IV,mmp12,1.0831550466378879,0.8763617912719562,1.338744873112622,0.4599131694178068,124,94,0.932647133503886
III-IV,mmp14,1.0795160823404988,0.8906220656615901,1.3084730515475222,0.43560192037085677,124,94,0.932647133503886
III-IV,mmp25,1.0965107028316634,0.8870996649414894,1.3553558511418118,0.3941819982640373,124,94,0.932647133503886
III-IV,nfkb2,1.1216727593365825,0.8860127652975421,1.420013151407846,0.33997832001867506,124,94,0.932647133503886
III-IV,pdgfra,1.0689949970383954,0.8874367464027767,1.2876977523471447,0.48234894148346297,124,94,0.932647133503886
III-IV,peg3,1.093220387202083,0.9074331581408557,1.3170455633810538,0.3483204306050319,124,94,0.932647133503886
III-IV,slc19a1,1.1122260315229455,0.8989693657688891,1.3760721914469614,0.3274198070787534,124,94,0.932647133503886
III-IV,smad2,0.9390179672427255,0.7935370144892825,1.1111702752418604,0.4638008482996131,124,94,0.932647133503886
III-IV,smad3,1.0965717867725953,0.8808201764891318,1.365170457764235,0.4095350097120819,124,94,0.932647133503886
III-IV,smad7,0.9119620538319887,0.7501939571127286,1.1086130189988808,0.3549589925918084,124,94,0.932647133503886
III-IV,tgfb1,0.9158520123341162,0.7306811429919506,1.1479493025669751,0.4456293246321169,124,94,0.932647133503886
III-IV,tgfb2,1.0913920801485917,0.879348309861337,1.3545675351316684,0.42751802123509497,124,94,0.932647133503886
III-IV,tgfbr3,1.1018116819718977,0.8562073746152731,1.417867935411365,0.4511534704805391,124,94,0.932647133503886
III-IV,vegfb,1.08911277705541,0.8826296333044699,1.3439007669666243,0.42608834906852555,124,94,0.932647133503886
III-IV,arid1a,1.109698125753074,0.8717624408832368,1.4125751151337131,0.39790724974146485,124,94,0.932647133503886
III-IV,ros1,0.9098161852646413,0.7334721954855477,1.12855742325929,0.3899118953640318,124,94,0.932647133503886
III-IV,abcb1,1.0849463577019098,0.8923800700767901,1.3190664365569584,0.413459796423152,124,94,0.932647133503886
III-IV,map2,1.127698630088097,0.8792601228403836,1.446334443320852,0.34388005286794643,124,94,0.932647133503886
III-IV,tubb1,1.0893011054879005,0.9107024447565795,1.3029249073052847,0.34917678186484746,124,94,0.932647133503886
III-IV,twist1,0.9216487497299659,0.7364407089690059,1.1534349032225473,0.4759438929856489,124,94,0.932647133503886
III-IV,agtr2,0.924254293069506,0.7632106714319491,1.1192794207851693,0.4200281981512718,124,94,0.932647133503886
III-IV,apc,0.9067404231449531,0.7255476738221182,1.1331828694783483,0.3893952060361485,124,94,0.932647133503886
III-IV,clk3,0.902332902281927,0.7165767077717902,1.1362421604133792,0.3821808829970613,124,94,0.932647133503886
III-IV,col22a1,0.8833696398686434,0.6305494747710675,1.2375585927257715,0.4709615321484223,124,94,0.932647133503886
III-IV,ctnna1,0.9131329254172746,0.7169450510580458,1.163006479018993,0.46151922073061014,124,94,0.932647133503886
III-IV,fam20c,1.0981379151789536,0.8795787417985171,1.3710050316675488,0.40836653518977706,124,94,0.932647133503886
III-IV,lamb3,0.9039896906781163,0.711491716661631,1.148569044045465,0.40869900204056386,124,94,0.932647133503886
III-IV,large1,1.0883270281224915,0.8841545748289248,1.3396477876858977,0.42459644707527544,124,94,0.932647133503886
III-IV,muc16,1.0713009083671208,0.891559212365772,1.2872792074267385,0.4623328636946801,124,94,0.932647133503886
III-IV,nr2f1,1.0846916907580226,0.9058674106536213,1.29881707870533,0.37646540567971487,124,94,0.932647133503886
III-IV,nr3c1,0.9164683966744309,0.7252113505665604,1.1581648873074473,0.46513928678202054,124,94,0.932647133503886
III-IV,or6a2,0.9241841528074479,0.742390207734623,1.1504951700625543,0.48049598911478464,124,94,0.932647133503886
III-IV,pbrm1,1.097096220656523,0.9030166277875408,1.332888100109282,0.3508565536578625,124,94,0.932647133503886
III-IV,prkacg,1.0836808639231879,0.8910846227069873,1.3179042538808003,0.4208562177811117,124,94,0.932647133503886
III-IV,prkcq,1.0740976613094035,0.8893388352751868,1.2972398598486332,0.4579535719101685,124,94,0.932647133503886
III-IV,prps2,0.938397700048393,0.790364985377082,1.1141564463865834,0.4679160350746726,124,94,0.932647133503886
III-IV,rasgef1b,0.9140664988719783,0.7287832373659925,1.1464555186256051,0.4369110422786944,124,94,0.932647133503886
III-IV,sbno1,0.9157725778935573,0.738974330462674,1.1348694803738808,0.4214242478843018,124,94,0.932647133503886
III-IV,shank2,1.0791454495746704,0.9160798147907974,1.271237377502596,0.3621401656176404,124,94,0.932647133503886
III-IV,siah1,1.087998694613275,0.8830063761520452,1.340580534241082,0.42846369269730866,124,94,0.932647133503886
III-IV,smarcb1,1.1159925779909368,0.891126239516622,1.3976015730458424,0.33911286905798443,124,94,0.932647133503886
III-IV,smarcc1,1.097637821400674,0.8936573135890336,1.34817761646303,0.3744773841085359,124,94,0.932647133503886
III-IV,ubr5,1.082706787564824,0.8673396404371608,1.3515512645635517,0.48253522449178554,124,94,0.932647133503886
III-IV,usp9x,1.1103873204890489,0.8801347305667234,1.4008764325308922,0.3771757838403974,124,94,0.932647133503886
III-IV,akr1c2,0.9209592418917936,0.745128845273613,1.1382808900847996,0.44621165550829645,124,94,0.932647133503886
III-IV,akr1c3,0.9171028614320219,0.7319827115754477,1.1490403327102485,0.45189434942156737,124,94,0.932647133503886
III-IV,akr1c4,0.8935018911297478,0.7145555892818195,1.1172617518181212,0.32337287977638934,124,94,0.932647133503886
III-IV,cyp21a2,1.0855644033682172,0.8682151108139162,1.3573249983583497,0.471376918910276,124,94,0.932647133503886
III-IV,cyp3a5,1.1028696164906935,0.8617221493779876,1.4115006697417496,0.4366913480770733,124,94,0.932647133503886
III-IV,hsd17b1,0.8991615256978635,0.724949086697297,1.1152389376454181,0.333369268521188,124,94,0.932647133503886
III-IV,hsd17b11,1.0894685360234624,0.8873157681313073,1.3376767703393946,0.41319189852113614,124,94,0.932647133503886
III-IV,hsd3b2,0.8985457467824364,0.7178746256773342,1.1246872785049578,0.35029117469686744,124,94,0.932647133503886
III-IV,rdh5,0.9082928754011574,0.7037696534392801,1.1722528010021416,0.45991830389923516,124,94,0.932647133503886
III-IV,srd5a2,0.915419327051157,0.7328664625398453,1.1434450710633144,0.4361286358053764,124,94,0.932647133503886
III-IV,tnk2,0.9154332514641619,0.7213071484262208,1.1618047037446828,0.46745602593232083,124,94,0.932647133503886
III-IV,fas,1.0804418687481023,0.8675006387552052,1.3456527633443052,0.4896749270812306,124,94,0.9353556224325068
III-IV,rad51,1.0649610515210681,0.8917460496629613,1.2718217722248526,0.4871056437738922,124,94,0.9353556224325068
III-IV,ldlrap1,1.0786928797465392,0.8708903387757652,1.3360790411931265,0.487803038748836,124,94,0.9353556224325068
III-IV,kmt2c,1.0675364216936662,0.8850439322748694,1.2876581264313776,0.49444647207771364,124,94,0.9371485459147364
III-IV,cyb5a,0.9350089649354402,0.7715417302929019,1.1331101484008559,0.49309876440593314,124,94,0.9371485459147364
III-IV,hist1h2bc,0.9322130051084729,0.7587911445106894,1.1452704649759227,0.503885599704629,124,94,0.9513515762763072
III-IV,atm,0.9382989340757593,0.7752930960833846,1.135576847176021,0.5130359625861227,124,94,0.9538957631354145
III-IV,acvr1c,1.0729333346804284,0.8690113299884794,1.3247076314686548,0.5127632847874122,124,94,0.9538957631354145
III-IV,apaf1,1.0808955948759889,0.8572077470733765,1.362954652487886,0.5108197928052084,124,94,0.9538957631354145
III-IV,cxcr2,0.9283933475069591,0.7435937295576999,1.1591197900604355,0.511770023064716,124,94,0.9538957631354145
III-IV,mapk14,1.0786913070913389,0.8571911889533689,1.3574275505738072,0.5183189239024547,124,94,0.9568144112951398
III-IV,mapk9,1.0894178478267587,0.8399350917602251,1.413003527065743,0.5186523825313731,124,94,0.9568144112951398
III-IV,hdac9,0.9374846889350545,0.7699368227477724,1.1414930628348088,0.5204757329335525,124,94,0.9568144112951398
III-IV,brca2,1.0615672809335224,0.871795223436221,1.2926488487821315,0.552124416747283,124,94,0.9629316345575454
III-IV,dtx4,0.9404726866158106,0.7625520445506976,1.1599062393066029,0.5662465416336269,124,94,0.9629316345575454
III-IV,notch2,1.0618553456188973,0.8700792261937266,1.2959012709129745,0.5548164390582724,124,94,0.9629316345575454
III-IV,rbpj,1.0554809825729066,0.8761774086335989,1.2714777778970778,0.5697459980314654,124,94,0.9629316345575454
III-IV,hey2,0.9431887478754257,0.7751651001375013,1.1476329545293158,0.5590115696234352,124,94,0.9629316345575454
III-IV,casp10,1.0600339576450908,0.8669795744512528,1.2960766602511167,0.5697763723860464,124,94,0.9629316345575454
III-IV,kit,1.074846515132589,0.8471799349868392,1.3636949877839328,0.5522813523756538,124,94,0.9629316345575454
III-IV,map2k3,1.0724910157561929,0.8629806875811548,1.3328652604054734,0.5279798272879197,124,94,0.9629316345575454
III-IV,map2k4,0.9240858583243058,0.7077565295411639,1.2065373301586801,0.5617858699451258,124,94,0.9629316345575454
III-IV,map3k4,1.0609930442421973,0.8640024325154979,1.3028970724687547,0.572081252338223,124,94,0.9629316345575454
III-IV,mapk12,0.9390362934925331,0.7545387446563164,1.1686466291374336,0.5730329359023429,124,94,0.9629316345575454
III-IV,pik3ca,1.066482727469512,0.8645980678574146,1.3155076911164014,0.5477405026811363,124,94,0.9629316345575454
III-IV,rab25,0.9365733641398426,0.7474451652344668,1.173557214917648,0.5691040088654085,124,94,0.9629316345575454
III-IV,rps6kb1,1.0631763194088255,0.8638009399176713,1.308569872891583,0.5631543715368099,124,94,0.9629316345575454
III-IV,rptor,0.9324168116775048,0.7386336045098026,1.177039746622177,0.5560768318534914,124,94,0.9629316345575454
III-IV,sptbn1,1.0648040084678287,0.8564186009138908,1.323894150873488,0.5720172462970438,124,94,0.9629316345575454
III-IV,kmt2d,0.944967907172184,0.7800855474964931,1.144700537589939,0.5628683181714216,124,94,0.9629316345575454
III-IV,asxl1,0.9345190226236989,0.7456490823732242,1.1712289658641628,0.5565964822240472,124,94,0.9629316345575454
III-IV,col6a3,1.0631789733943986,0.8598492710576615,1.3145903212519745,0.5716049151535958,124,94,0.9629316345575454
III-IV,dnah5,0.9380156662374681,0.7658484549435287,1.148887073450844,0.5362635745059992,124,94,0.9629316345575454
III-IV,myo3a,1.0585745271660172,0.8782568534020025,1.27591378902891,0.5502069785045712,124,94,0.9629316345575454
III-IV,stmn2,1.0601134124697318,0.866124428470609,1.2975508025823523,0.5713110926364547,124,94,0.9629316345575454
III-IV,cyp19a1,1.0659303728872143,0.8640119417847126,1.31503687031977,0.5512711543886828,124,94,0.9629316345575454
III-IV,hsd17b3,0.9270051327810429,0.7193531606726209,1.194598930237391,0.558023223258158,124,94,0.9629316345575454
III-IV,sdc4,0.9328823325831344,0.7366990332599532,1.1813093368600427,0.5641072277445568,124,94,0.9629316345575454
III-IV,bard1,1.0544255536374454,0.8633385159323442,1.2878068424445932,0.6034145439318708,124,94,0.9650483493608891
III-IV,rad51c,0.947995639008978,0.7671739392581675,1.1714367310874123,0.6208915835116904,124,94,0.9650483493608891
III-IV,ccnd1,0.944918676514506,0.7744479534510598,1.1529132477491264,0.5767369094280006,124,94,0.9650483493608891
III-IV,cdkn2a,0.9473742125255069,0.767570129482359,1.169297584786944,0.6146493883352226,124,94,0.9650483493608891
III-IV,cdkn1a,0.9486815654929127,0.7825899330162414,1.1500233707803211,0.5916207026038204,124,94,0.9650483493608891
III-IV,e2f1,1.0592103669991888,0.8574308499881329,1.3084747318971368,0.5937028653027082,124,94,0.9650483493608891
III-IV,jak1,1.0507730404496656,0.8646778543575564,1.2769194642508606,0.6184946313386346,124,94,0.9650483493608891
III-IV,bcl2l1,1.0574354526389131,0.8525704746125617,1.311527632957028,0.6112529363250205,124,94,0.9650483493608891
III-IV,bmp2,0.943023816833781,0.7544861573917717,1.1786749304851476,0.6062219360232097,124,94,0.9650483493608891
III-IV,cxcr1,0.9438910517693343,0.7539538534585155,1.1816775171628477,0.6144531459689209,124,94,0.9650483493608891
III-IV,hla-g,1.06288961999707,0.8567068968690873,1.3186941163030579,0.5793561312090181,124,94,0.9650483493608891
III-IV,inhbc,1.057834898211996,0.8651804752105597,1.2933887251707206,0.5836002170764679,124,94,0.9650483493608891
III-IV,itgav,1.067120212640369,0.8330509771195302,1.3669578207123734,0.6071175949285647,124,94,0.9650483493608891
III-IV,mapk1,1.0548281833086581,0.8532375175821705,1.3040477866646196,0.621826673879772,124,94,0.9650483493608891
III-IV,mapk6,1.0472601325033846,0.8803437946461703,1.2458244061024095,0.6021666985915526,124,94,0.9650483493608891
III-IV,mmp24,0.9566818131486378,0.8083568292469843,1.1322228729878447,0.6064068700507061,124,94,0.9650483493608891
III-IV,pdpk1,0.9378920244549165,0.7306985363501644,1.2038363371164618,0.614660295049025,124,94,0.9650483493608891
III-IV,rassf1,1.0576925813044198,0.8548122483416373,1.308724341183396,0.6057073111409882,124,94,0.9650483493608891
III-IV,tsc1,0.9419709867136463,0.7574556450214561,1.1714340577462408,0.5909599124089555,124,94,0.9650483493608891
III-IV,lipi,0.9298940803825848,0.7093518326175461,1.2190043938277748,0.5987317545732387,124,94,0.9650483493608891
III-IV,setdb1,0.9413903717467998,0.7563822644376418,1.1716507296432517,0.5885078114137179,124,94,0.9650483493608891
III-IV,taf1,1.0474124801689804,0.8712940792764401,1.2591304471215863,0.6218956329467891,124,94,0.9650483493608891
III-IV,ar,0.9454353021263987,0.7556178605185906,1.1829364513609764,0.6236304261718629,124,94,0.9650483493608891
III-IV,srd5a1,1.0559492987546328,0.862353637454952,1.2930065730703757,0.5983051684407662,124,94,0.9650483493608891
III-IV,star,1.0618993880755871,0.8364628169951344,1.3480937675701437,0.6218110734817206,124,94,0.9650483493608891
III-IV,cyp3a4,0.9442517427196551,0.7488003458142658,1.1907197407334837,0.6278385369083095,124,94,0.9684954086692851
III-IV,mmp27,0.9514068996092596,0.776071174851694,1.1663557647236173,0.631724193762482,124,94,0.9714249394649487
III-IV,mmp10,0.9512948058534543,0.7745207697663192,1.1684151580812965,0.6340479346509824,124,94,0.971941818320785
III-IV,stat1,1.0509284354990847,0.8427775746362017,1.3104888048513952,0.6591507106871421,124,94,0.9731572148916366
III-IV,kdm5a,1.0604948517987798,0.8295111678059902,1.3557976966920762,0.639337786454979,124,94,0.9731572148916366
III-IV,aurka,1.0477497542003327,0.8547144547152378,1.2843816333872593,0.6534634207306367,124,94,0.9731572148916366
III-IV,bmp10,0.9525294161137369,0.7724762570310121,1.1745503894827816,0.6491436288541887,124,94,0.9731572148916366
III-IV,bmpr1a,1.052656638606694,0.8240212608937229,1.3447298648592247,0.6812653453611303,124,94,0.9731572148916366
III-IV,fgfr1,0.9652448388556206,0.8271084003342865,1.1264516217715301,0.653504042296783,124,94,0.9731572148916366
III-IV,igf1,1.0444578990639748,0.8511274443511682,1.2817026523551258,0.6770422567135608,124,94,0.9731572148916366
III-IV,map2k1,0.946146890852894,0.7329723384689962,1.221320221906933,0.6708355137214081,124,94,0.9731572148916366
III-IV,mmp16,0.9550924388746105,0.7699867332600002,1.1846977712633262,0.6759369663476511,124,94,0.9731572148916366
III-IV,pdgfa,1.0503780265104947,0.8325881950450873,1.3251376912884705,0.6784554565107224,124,94,0.9731572148916366
III-IV,smad6,1.0459069904516076,0.8453006400478205,1.2941211456005215,0.6795218861354676,124,94,0.9731572148916366
III-IV,vegfa,1.0530491544572196,0.838247009571918,1.3228946945714395,0.6569804917938539,124,94,0.9731572148916366
III-IV,cbfb,0.9560215574475472,0.7684052992395737,1.1894467922187948,0.6865833111198664,124,94,0.9731572148916366
III-IV,ptprd,0.9547008543924086,0.7629136699685426,1.194700996005455,0.6853596274190585,124,94,0.9731572148916366
III-IV,bbc3,1.0410657274189041,0.8583332015697234,1.2627006002146501,0.6827738874835241,124,94,0.9731572148916366
III-IV,bmf,1.0391035259898334,0.8728327227530625,1.2370481875597348,0.6663531251469907,124,94,0.9731572148916366
III-IV,fgf2,0.9537257548422756,0.7691340161893666,1.1826194087163087,0.6659663137029541,124,94,0.9731572148916366
III-IV,adgra2,1.0475213226643316,0.8439532283056418,1.30019162749033,0.6736774960260856,124,94,0.9731572148916366
III-IV,clrn2,1.059782505428138,0.8267495777419253,1.3584995856655107,0.6467397539101253,124,94,0.9731572148916366
III-IV,gpr32,1.04816248438122,0.8550828927614804,1.2848398710400477,0.6506716818571174,124,94,0.9731572148916366
III-IV,nf2,0.952733527093162,0.7788287876821738,1.1654694690327672,0.6377318571886736,124,94,0.9731572148916366
III-IV,nt5e,1.0463767777289321,0.8561021819433933,1.2789412105981288,0.6579734556697312,124,94,0.9731572148916366
III-IV,rpgr,1.0453362790357326,0.8485780392399473,1.287716492459554,0.6768736613523316,124,94,0.9731572148916366
III-IV,smarcc2,0.9529214653272453,0.7661526047319868,1.1852199071999225,0.6648299870476265,124,94,0.9731572148916366
III-IV,spaca1,1.0486446425850058,0.8334660975829039,1.319376504468861,0.6852126268017718,124,94,0.9731572148916366
III-IV,thsd7a,0.954381235539488,0.7760346482175553,1.1737150458964194,0.6582094390121094,124,94,0.9731572148916366
III-IV,cdkn1b,1.043301701115243,0.8452338485976753,1.2877837788392537,0.6931115073084688,124,94,0.9767479166393119
III-IV,hsd17b10,0.9572035719731105,0.7713151116634142,1.1878915171545468,0.6913423248670282,124,94,0.9767479166393119
III-IV,ppp2cb,1.042649032664934,0.8435240951014132,1.2887800261193765,0.6993162865500857,124,94,0.9826599543764135
III-IV,palb2,0.9639812601789083,0.7882776611447581,1.1788484131677917,0.7208606798370645,124,94,0.9859803395782956
III-IV,rbl2,0.9582823770358063,0.7596371983267795,1.2088732834043765,0.719198138980826,124,94,0.9859803395782956
III-IV,itgb3,0.954074050745889,0.7478048732588073,1.217239051064112,0.705231699203354,124,94,0.9859803395782956
III-IV,pdgfrb,0.9592861883816534,0.7725790451752378,1.1911143551804109,0.7066408028631481,124,94,0.9859803395782956
III-IV,rps6,0.9586444380324955,0.7620286909690053,1.2059902329950705,0.7183709487275625,124,94,0.9859803395782956
III-IV,arid2,1.049050773702107,0.8114374585400728,1.356244420592818,0.7147917008200422,124,94,0.9859803395782956
III-IV,map3k13,0.967044117928153,0.809708846638038,1.1549513506025555,0.7114664269521446,124,94,0.9859803395782956
III-IV,syne1,0.9670341421175133,0.8040644581597377,1.1630349066307994,0.72184245719638,124,94,0.9859803395782956
III-IV,hsd17b14,1.0520568648081052,0.8063368509569434,1.3726566576689445,0.7084650186044221,124,94,0.9859803395782956
III-IV,tulp4,1.0367793015203066,0.8548413167304332,1.2574395961255331,0.7137105214463532,124,94,0.9859803395782956
III-IV,nf1,0.9707439281751707,0.7859086250494248,1.1990500473635828,0.7829152242252769,124,94,0.9860978485271772
III-IV,stk11,1.031061573684402,0.7982935704151809,1.3317005273832518,0.8147418654966401,124,94,0.9860978485271772
III-IV,epcam,1.0371843063217567,0.8373284428351986,1.2847423188416294,0.738149083301157,124,94,0.9860978485271772
III-IV,cdk2,1.0319498802366693,0.8246463253371121,1.2913663986620456,0.7834118285557485,124,94,0.9860978485271772
III-IV,cdc25a,0.9901590955329466,0.8337458970148258,1.1759158731418486,0.9102404788770972,124,94,0.9860978485271772
III-IV,ccnd2,0.9826108834276717,0.8058850475040858,1.1980916524271585,0.8623311908573255,124,94,0.9860978485271772
III-IV,e2f5,0.9667652156961096,0.7727143353254039,1.2095478750065556,0.7674743885506903,124,94,0.9860978485271772
III-IV,src,0.9843074739359933,0.8038026915740613,1.2053470502182146,0.8783778800881932,124,94,0.9860978485271772
III-IV,jak2,0.984455883793711,0.7909261320651553,1.2253399500223103,0.8884385687082513,124,94,0.9860978485271772
III-IV,stat3,0.9620465213881565,0.7689024941843801,1.2037072532803008,0.7350588560483493,124,94,0.9860978485271772
III-IV,mdm2,0.9763101233240687,0.7920490868616242,1.2034373534623932,0.822240320449621,124,94,0.9860978485271772
III-IV,aph1b,0.9624016746564155,0.7770115605787182,1.1920247141389073,0.7255651383343915,124,94,0.9860978485271772
III-IV,arrdc1,0.9871353852359198,0.7856559336563761,1.240283726045222,0.9114851278819716,124,94,0.9860978485271772
III-IV,ctbp2,0.9867783241823602,0.783024865520048,1.2435511360542055,0.9101947611977,124,94,0.9860978485271772
III-IV,dtx3,1.034614331159099,0.8490945309095965,1.2606686008130212,0.735737972961044,124,94,0.9860978485271772
III-IV,hes5,1.025683949059903,0.8288965087332091,1.2691904867194053,0.815504634435288,124,94,0.9860978485271772
III-IV,jag1,1.0131519779785305,0.8236785484841416,1.2462105907345622,0.9015590480362119,124,94,0.9860978485271772
III-IV,lfng,1.0138597738820045,0.8403951046375462,1.2231290204140313,0.885682028155846,124,94,0.9860978485271772
III-IV,maml2,1.026652423736166,0.8165521522650987,1.2908118559721238,0.8218569584489809,124,94,0.9860978485271772
III-IV,notch3,1.023705525193145,0.85256602265884,1.2291986479155368,0.8017992924217817,124,94,0.9860978485271772
III-IV,numb,0.985762805365203,0.803171921246407,1.209863396286928,0.8908729816803007,124,94,0.9860978485271772
III-IV,psen1,1.015862114247028,0.8302036613267659,1.2430393688136954,0.8785294289889589,124,94,0.9860978485271772
III-IV,spen,1.0231388925405485,0.8299520655447435,1.2612935576490416,0.8303515341627989,124,94,0.9860978485271772
III-IV,acvr1b,1.030099458319165,0.8606459666653322,1.2329168265794648,0.7463940469977679,124,94,0.9860978485271772
III-IV,akt1s1,1.014744997559572,0.8204920157977703,1.254987727176094,0.8926017063237012,124,94,0.9860978485271772
III-IV,bad,1.0167544763267966,0.8436951571516182,1.2253118396705445,0.8614390353361467,124,94,0.9860978485271772
III-IV,bmp4,0.9725147729760171,0.7876813283682248,1.2007203288871906,0.795528431747167,124,94,0.9860978485271772
III-IV,bmp5,0.9751465812220752,0.7745977810474438,1.227618872833898,0.8303602397892519,124,94,0.9860978485271772
III-IV,bmp6,1.011946090039056,0.8719884444442276,1.1743674995578806,0.8757477664487795,124,94,0.9860978485271772
III-IV,bmp7,1.0284231595097062,0.8409227604180795,1.2577304894091526,0.7849245613090103,124,94,0.9860978485271772
III-IV,braf,1.032812539039882,0.8287362268011301,1.2871426472032113,0.7737683395086764,124,94,0.9860978485271772
III-IV,casp7,0.9847764612068748,0.8145023278245257,1.1906469084469742,0.8741549196343635,124,94,0.9860978485271772
III-IV,casp8,0.9716588107934039,0.8026288059412682,1.1762857719581237,0.7681062077446787,124,94,0.9860978485271772
III-IV,chek1,1.0150526578861556,0.8248482006547513,1.2491169859664941,0.8877715955884371,124,94,0.9860978485271772
III-IV,csf1,1.0277574134726126,0.8095137083963834,1.30483930042442,0.8221275550555591,124,94,0.9860978485271772
III-IV,dph1,1.0204648783277168,0.844460306365241,1.233152772310418,0.8338771630201044,124,94,0.9860978485271772
III-IV,erbb4,0.9797083888010257,0.7812766906113382,1.228538542902194,0.8590910848865103,124,94,0.9860978485271772
III-IV,folr2,1.0282763442784364,0.847195986147542,1.248060965220961,0.7778401480417055,124,94,0.9860978485271772
III-IV,inha,0.9880413963886796,0.8505152419733008,1.1478051806722795,0.8749914620153606,124,94,0.9860978485271772
III-IV,map2k2,0.970911137159598,0.7771253868583822,1.213019741989627,0.794953354574913,124,94,0.9860978485271772
III-IV,mapk7,0.9606942098839314,0.7489247893328426,1.2323445265133752,0.7522973605021823,124,94,0.9860978485271772
III-IV,mmp19,0.9876645538400483,0.8016497085295474,1.2168422947491249,0.9071910805941841,124,94,0.9860978485271772
III-IV,mmp2,1.0293331615209835,0.8581027509436899,1.2347318036698745,0.7554633946000529,124,94,0.9860978485271772
III-IV,mmp21,1.0293696143627458,0.8087898668758724,1.3101076637696407,0.8140123136093624,124,94,0.9860978485271772
III-IV,mmp9,1.0182759893638096,0.8220895915334078,1.2612810102373238,0.8682669483574521,124,94,0.9860978485271772
III-IV,ptk2,1.0274182459756804,0.8444095411025245,1.2500903895347848,0.7869632583867098,124,94,0.9860978485271772
III-IV,rps6kb2,1.023018573678581,0.8575193909768517,1.2204587011136288,0.8004544537049016,124,94,0.9860978485271772
III-IV,tgfb3,1.0339433808970968,0.841493577780368,1.2704065047302608,0.7507452203896267,124,94,0.9860978485271772
III-IV,tgfbr1,1.0208905762278198,0.8513901703876054,1.224136247845436,0.823385251725847,124,94,0.9860978485271772
III-IV,wfdc2,0.9672175021892638,0.7642387395890811,1.22410661496203,0.7815068240825352,124,94,0.9860978485271772
III-IV,wwox,0.9619439743099486,0.770654850978569,1.2007141829266856,0.7316109254253857,124,94,0.9860978485271772
III-IV,arid1b,1.022314056206875,0.8153683653375836,1.2817838831476431,0.8483427516391877,124,94,0.9860978485271772
III-IV,myh9,1.0253450797261026,0.8387195553017383,1.2534971026641912,0.8070967120000301,124,94,0.9860978485271772
III-IV,pde4dip,1.0243392991398725,0.8294620856726354,1.2650017618484397,0.823262123638328,124,94,0.9860978485271772
III-IV,runx1,0.9811657680032042,0.7946280589293031,1.2114929160674985,0.8597208524542701,124,94,0.9860978485271772
III-IV,abcc1,1.0168848408099564,0.8273910321679195,1.2497776012385262,0.873561374326048,124,94,0.9860978485271772
III-IV,fn1,0.9842214236797406,0.7925095209270053,1.2223093669550975,0.8855918115148402,124,94,0.9860978485271772
III-IV,ahnak2,1.028214080437475,0.8586217254291149,1.231303802243662,0.7622406498221366,124,94,0.9860978485271772
III-IV,akap9,0.981648875655711,0.8177652861059447,1.178375423178918,0.8424655173881758,124,94,0.9860978485271772
III-IV,alk,0.9815126613769963,0.83112558182407,1.1591113611604327,0.8259434477378748,124,94,0.9860978485271772
III-IV,chd1,1.0134859293964786,0.8337399929323829,1.2319832775107709,0.8930196589537884,124,94,0.9860978485271772
III-IV,col12a1,0.9864224529992848,0.8237383933912981,1.1812357704673733,0.8818194413655748,124,94,0.9860978485271772
III-IV,dnah2,1.0114471292580915,0.8442972568453028,1.2116885220105358,0.9017095346033652,124,94,0.9860978485271772
III-IV,fancd2,1.0330171539055235,0.8534771522538644,1.2503257262892198,0.7387760652247815,124,94,0.9860978485271772
III-IV,frmd3,1.027761812826682,0.8205901735350866,1.2872373786226228,0.8115599750395279,124,94,0.9860978485271772
III-IV,herc2,0.9864594148556125,0.7955386358064768,1.2231991425165616,0.9011399498537952,124,94,0.9860978485271772
III-IV,lama2,0.9668024712167594,0.792196486560884,1.1798929106699545,0.7397332637696228,124,94,0.9860978485271772
III-IV,prkce,1.0356166509297213,0.8268190698081456,1.297142128001178,0.7606462723476095,124,94,0.9860978485271772
III-IV,prkg1,0.9881580637802171,0.834870395078777,1.169590351711694,0.8898364899462317,124,94,0.9860978485271772
III-IV,prr16,0.9618093869500656,0.7135023381002983,1.2965301547410224,0.7982880503870429,124,94,0.9860978485271772
III-IV,ptprm,0.9875118834490141,0.8035173533104495,1.2136386550151403,0.9049149744918932,124,94,0.9860978485271772
III-IV,ryr2,1.0271691438436519,0.7847227510248123,1.3445212958164123,0.8452770125413477,124,94,0.9860978485271772
III-IV,setd1a,0.9714430784524047,0.8019102918037285,1.1768169885317554,0.7671638868686216,124,94,0.9860978485271772
III-IV,setd2,0.9768613920152444,0.8116783951477605,1.175660440039487,0.8043679424169525,124,94,0.9860978485271772
III-IV,sf3b1,0.9804814537303701,0.7873529156188828,1.2209821822448896,0.8602033116411468,124,94,0.9860978485271772
III-IV,sgcd,0.9861507748257087,0.8258517127152205,1.1775641264846435,0.8775429850518467,124,94,0.9860978485271772
III-IV,tbl1xr1,0.9865905304491596,0.8273793057744732,1.1764385064729581,0.880490689381979,124,94,0.9860978485271772
III-IV,thada,1.0244918041789202,0.8506766999688689,1.2338217995957677,0.7986604318599831,124,94,0.9860978485271772
III-IV,ttyh1,1.0357162607005699,0.8455478853352913,1.2686545508350504,0.7345701264109776,124,94,0.9860978485271772
III-IV,utrn,0.9648739740407618,0.7806096024272164,1.1926342987409213,0.7408666498345164,124,94,0.9860978485271772
III-IV,ackr3,1.0244186387315992,0.8453364498090743,1.2414388940849825,0.8056146120748646,124,94,0.9860978485271772
III-IV,cyp11a1,1.0198506403145884,0.8304503308377545,1.2524473649144465,0.8512503496066378,124,94,0.9860978485271772
III-IV,ddc,1.009932884647139,0.8880414922836968,1.1485549271675808,0.8802804131669276,124,94,0.9860978485271772
III-IV,hes6,0.9892201073638021,0.8293573227179694,1.1798972457443644,0.904074133682339,124,94,0.9860978485271772
III-IV,hsd17b4,1.01930561552698,0.830146965348838,1.251566266231235,0.8551323792532258,124,94,0.9860978485271772
III-IV,hsd17b6,1.0182950726290951,0.8451758918042692,1.2268746245554663,0.8487667981802941,124,94,0.9860978485271772
III-IV,hsd17b7,0.9697983913454358,0.7713387729956104,1.2193201648655452,0.7929217829570866,124,94,0.9860978485271772
III-IV,mecom,1.0234498519216995,0.8550835238200635,1.2249675852940012,0.8004520728254678,124,94,0.9860978485271772
III-IV,ncoa2,1.01688167881132,0.8374593729732314,1.2347444927757478,0.8657785548038719,124,94,0.9860978485271772
III-IV,nrip1,1.0117208757793932,0.8338622721235225,1.2275158197062506,0.9059659496721331,124,94,0.9860978485271772
III-IV,pik3r3,1.0130951584410792,0.821356908611078,1.2495929471054705,0.9032655472252143,124,94,0.9860978485271772
III-IV,prkd1,1.0146786221965192,0.8290195951072834,1.2419160082813117,0.8876091888018537,124,94,0.9860978485271772
III-IV,shbg,1.0245905204458363,0.7476628097480684,1.4040898128144212,0.8798907145563896,124,94,0.9860978485271772
III-IV,ugt2b7,1.0224180491586192,0.8306519973314532,1.2584556114998393,0.8342945092780828,124,94,0.9860978485271772
III-IV,cul1,1.0115230432069127,0.8176234385519316,1.2514059880067714,0.9159637644124575,124,94,0.9865777110081315
III-IV,cdk8,1.0121679725532056,0.8127985897842079,1.2604401847380904,0.9139476733208118,124,94,0.9865777110081315
III-IV,tp53,0.9921369113530832,0.8063036594579895,1.2208001778522526,0.9405322496271097,124,94,0.9900134886841865
III-IV,ep300,1.0064114826099866,0.822264534331934,1.231798320417837,0.9505748676251766,124,94,0.9900134886841865
III-IV,notch1,0.9940172568097653,0.8193430172407749,1.2059299780976265,0.9514712121801029,124,94,0.9900134886841865
III-IV,numbl,1.0062795535935063,0.8144481847340133,1.243293998268344,0.9537412396667435,124,94,0.9900134886841865
III-IV,snw1,1.0103274147335084,0.8189157324789254,1.2464792706719234,0.9236230621283369,124,94,0.9900134886841865
III-IV,akt2,1.0063763719833319,0.8103269636425209,1.2498577087126665,0.9541503884635618,124,94,0.9900134886841865
III-IV,mmp11,0.9902053473728384,0.8044641066478562,1.218832042179562,0.9260092948444971,124,94,0.9900134886841865
III-IV,nfkb1,0.9944024089119444,0.8228148984227605,1.2017722974454652,0.9536810175049436,124,94,0.9900134886841865
III-IV,pik3r2,0.9923934349495891,0.8187747056740076,1.2028274968757484,0.9379713710617175,124,94,0.9900134886841865
III-IV,rheb,1.0080746907448204,0.7679053284623543,1.323359201263941,0.9538102539189036,124,94,0.9900134886841865
III-IV,abcb11,0.9927021733492083,0.8017229091833413,1.2291748105041151,0.9464319518090388,124,94,0.9900134886841865
III-IV,cyp2c8,0.9861365797325742,0.744557122356098,1.306099054978297,0.9224313653984039,124,94,0.9900134886841865
III-IV,bcas3,0.9932820167617127,0.8109374614032104,1.2166279297481588,0.9480645073835129,124,94,0.9900134886841865
III-IV,ctnna3,1.0089297755043731,0.8167333375522979,1.2463545261296782,0.9342889940064992,124,94,0.9900134886841865
III-IV,dtwd2,0.9939055103431085,0.8061685768267899,1.2253617815007443,0.9543601946557332,124,94,0.9900134886841865
III-IV,map3k10,1.0072571283662906,0.8157477698592068,1.243726259674377,0.9464181673511994,124,94,0.9900134886841865
III-IV,cyp3a43,1.0065049332643998,0.8134488871242481,1.2453790234651068,0.9524145045822279,124,94,0.9900134886841865
III-IV,spry2,1.0059710124386216,0.8157884909320677,1.2404902607912067,0.955595841838315,124,94,0.9900134886841865
III-IV,atr,1.0052144517307613,0.7956934644459062,1.2699062379154045,0.9652149809982965,124,94,0.9957597588779895
III-IV,cdkn2c,0.9954672563088457,0.8128382133981936,1.2191295168570178,0.9649583481896489,124,94,0.9957597588779895
III-IV,pdgfb,1.0035080329347408,0.8253467930056372,1.2201275641930978,0.9719870775513457,124,94,0.9961537824817795
III-IV,tert,1.0035445694290805,0.8144031738398761,1.2366131851895386,0.9735092860023803,124,94,0.9961537824817795
III-IV,ccnd3,0.9960749888569244,0.8122215653808379,1.221545235580037,0.9698668734168271,124,94,0.9961537824817795
III-IV,palld,0.9967491675742229,0.8210520786362525,1.2100437096634606,0.9737454151866883,124,94,0.9961537824817795
III-IV,maml3,0.9965549457924994,0.7746750438463018,1.2819849663061174,0.9785749975782215,124,94,0.9990045382374746
III-IV,chek2,0.9985668287178686,0.7876472106242651,1.265967425473851,0.990547575761161,124,94,0.9996145786626517
III-IV,akt1,0.9999065121481909,0.7983362445346858,1.252370839832164,0.9993505787230359,124,94,0.9996145786626517
III-IV,casp6,0.9985691438531534,0.8066213011480471,1.2361939036774892,0.9895106766552935,124,94,0.9996145786626517
III-IV,mmp13,0.998898258939441,0.8337095225509095,1.1968170024726053,0.9904637983619184,124,94,0.9996145786626517
III-IV,mmp7,1.0027216029916681,0.7993711028367787,1.2578020515603758,0.9812487187963418,124,94,0.9996145786626517
III-IV,rictor,1.001859923494038,0.8056641057072396,1.2458334673137472,0.9866675662404852,124,94,0.9996145786626517
III-IV,abcc10,1.0009656066610901,0.8290518862939364,1.2085276715276345,0.9919905300953619,124,94,0.9996145786626517
III-IV,cacna2d3,1.0006927432699466,0.82613411650914,1.2121348657824764,0.9943505584821205,124,94,0.9996145786626517
III-IV,ush2a,1.000054580716015,0.8013980627847842,1.2479555552402979,0.9996145786626517,124,94,0.9996145786626517
III-IV,hsd17b13,1.000484874470529,0.8146115947626156,1.2287696252789047,0.9963115969103186,124,94,0.9996145786626517
