tratamento,gene,HR_interacao,p_interacao,HR_gene_referencia,n,eventos,fdr
chemotherapy,akt1s1,1.3137649637020592,0.00025394285152879735,0.9619633183657709,1810,1037,0.07141766264343809
chemotherapy,slc19a1,1.2870626085640988,0.00031110683766969225,0.9760917704894384,1810,1037,0.07141766264343809
chemotherapy,sf3b1,0.7696212386349148,0.0004381451695916447,1.0351089119914239,1810,1037,0.07141766264343809
chemotherapy,erbb2,1.2266133575287534,0.0016942720395738786,1.0424165625978328,1810,1037,0.19626040999971683
chemotherapy,mlst8,1.2565104643942198,0.0020067526584838123,0.9437564447109567,1810,1037,0.19626040999971683
chemotherapy,bmp10,1.2932801084071965,0.0028584230647187773,0.9857306982061502,1810,1037,0.21639681725072926
chemotherapy,ncor1,0.7858840103094732,0.0030977049504194373,0.9947082134388244,1810,1037,0.21639681725072926
chemotherapy,rps6kb1,1.2419225175987931,0.004009492827131421,0.9795574023728583,1810,1037,0.2450802490584081
chemotherapy,tp53bp1,0.8247484253335295,0.006828565125288063,1.1143675049672266,1810,1037,0.3710187051406514
chemotherapy,hes2,1.2007066524984573,0.008419957985576538,0.9226129750931368,1810,1037,0.41173594549469267
chemotherapy,stk11,1.2098595397127796,0.01899257636584206,0.9563925147295377,1810,1037,0.4453944298041147
chemotherapy,notch2,0.8502341364076217,0.019920170544067545,1.030897100883426,1810,1037,0.4453944298041147
chemotherapy,arl11,1.2074453056345957,0.020213777427021372,1.0030016333613643,1810,1037,0.4453944298041147
chemotherapy,atr,0.8252424530309134,0.018864609256517565,1.0950937120170767,1810,1037,0.4453944298041147
chemotherapy,cxcr2,0.8119947670453272,0.011197233448511288,1.0153636047764736,1810,1037,0.4453944298041147
chemotherapy,mtor,1.191151723429447,0.014442247970439024,0.9986677102663909,1810,1037,0.4453944298041147
chemotherapy,nfkb2,1.1647631987430795,0.015716322688118192,0.9545601517689051,1810,1037,0.4453944298041147
chemotherapy,tert,1.1910807455812138,0.016107016380347724,0.9796129395239035,1810,1037,0.4453944298041147
chemotherapy,tbx3,0.7838318150149259,0.010140423743647415,1.0022188580135327,1810,1037,0.4453944298041147
chemotherapy,cacna2d3,0.7649732590487723,0.02094902226072523,1.0038018295027586,1810,1037,0.4453944298041147
chemotherapy,ctnna1,0.8268848934633504,0.017722217420576197,1.1409290271505872,1810,1037,0.4453944298041147
chemotherapy,l1cam,1.1716704692922093,0.017238627681739106,0.9346900252486334,1810,1037,0.4453944298041147
chemotherapy,nr3c1,0.8236339128058756,0.015394529796487866,0.9633330465312492,1810,1037,0.4453944298041147
chemotherapy,sdc4,1.2070031853652903,0.025656815770237127,1.016193338124677,1810,1037,0.5227576213185815
chemotherapy,bmp2,1.1795685327578715,0.028844137713748892,0.9864188330221854,1810,1037,0.5641913336809283
chemotherapy,numb,0.8619745332834885,0.03259631026383649,1.0749444466826186,1810,1037,0.5692712756791444
chemotherapy,psenen,1.1810286474980989,0.03065135605681093,0.9318166841449738,1810,1037,0.5692712756791444
chemotherapy,peg3,1.156951151390786,0.03228237000078843,1.016378739331231,1810,1037,0.5692712756791444
chemotherapy,rbl2,0.8386915652492114,0.04176646411694874,1.0308013155791964,1810,1037,0.637780754708482
chemotherapy,fbxw7,0.8555626549131876,0.04830393498501488,1.0262218534656147,1810,1037,0.637780754708482
chemotherapy,ncor2,1.177192767385026,0.04136749544707066,1.0300017119442484,1810,1037,0.637780754708482
chemotherapy,acvr1c,0.8508042467041247,0.045939166930718624,0.9479966094926958,1810,1037,0.637780754708482
chemotherapy,fgf1,0.863070678988865,0.05028547534724053,1.0726778025697878,1810,1037,0.637780754708482
chemotherapy,mmp15,1.1294088903428836,0.050865949762026165,1.0156752408513445,1810,1037,0.637780754708482
chemotherapy,pdgfb,1.1491773947804194,0.043600269162562696,1.0384152219692775,1810,1037,0.637780754708482
chemotherapy,nek1,0.8605849991680689,0.04737584551085354,0.9756559245621257,1810,1037,0.637780754708482
chemotherapy,ppp2r2a,0.8529859921759027,0.050192918934591255,1.0064371677001982,1810,1037,0.637780754708482
chemotherapy,usp9x,0.865499892348218,0.04146175888221064,1.037017113120973,1810,1037,0.637780754708482
chemotherapy,serpini1,0.8251627460430978,0.04143966247985696,1.040405628340724,1810,1037,0.637780754708482
chemotherapy,rad51c,1.1475801980393274,0.09141558757742183,0.9391337623922658,1810,1037,0.7006547786005983
chemotherapy,rb1,0.8720057818963685,0.06653495842695828,1.0431428307538961,1810,1037,0.7006547786005983
chemotherapy,cdkn1b,0.874354708298669,0.09244973434243023,0.9742999504545825,1810,1037,0.7006547786005983
chemotherapy,jak1,0.8804707177232183,0.08657280875759492,0.9994582325599534,1810,1037,0.7006547786005983
chemotherapy,adam10,0.8728880029760943,0.09067091099035758,1.021901554883122,1810,1037,0.7006547786005983
chemotherapy,dll1,0.8842932896237605,0.08324231615206236,1.0700360328112877,1810,1037,0.7006547786005983
chemotherapy,hes1,1.135461745180555,0.07373853289010165,1.0633519032593182,1810,1037,0.7006547786005983
chemotherapy,hes4,1.1547922468934944,0.06812475360022642,1.011721123865327,1810,1037,0.7006547786005983
chemotherapy,bcl2l1,1.1326376896486408,0.09127855660284333,1.0219231456099225,1810,1037,0.7006547786005983
chemotherapy,kras,1.1271535718794297,0.09313407077513065,1.0838044222002783,1810,1037,0.7006547786005983
chemotherapy,mapk14,0.8735373528571616,0.07481095596858486,1.0309290762769745,1810,1037,0.7006547786005983
chemotherapy,mmp24,1.1832360921702956,0.07948789443385801,0.9669631582140245,1810,1037,0.7006547786005983
chemotherapy,rassf1,1.1514790067568195,0.07484491414697472,0.93296983531877,1810,1037,0.7006547786005983
chemotherapy,smad1,0.8719914487583903,0.064754888566929,1.049622850642878,1810,1037,0.7006547786005983
chemotherapy,pde4dip,0.8602005432883197,0.06218161664323492,1.0124316011599968,1810,1037,0.7006547786005983
chemotherapy,aff2,0.8497644327080643,0.0588954124144125,1.0256806072749456,1810,1037,0.7006547786005983
chemotherapy,dnah2,0.8697250311876181,0.07908859895930037,0.970950750676524,1810,1037,0.7006547786005983
chemotherapy,fanca,0.8738022449888602,0.08541093868623335,1.038508326983435,1810,1037,0.7006547786005983
chemotherapy,npnt,0.8532735789434939,0.0763285299753818,1.0521438962089764,1810,1037,0.7006547786005983
chemotherapy,nrg3,0.8756423399056539,0.08784849522625726,1.0868180187041923,1810,1037,0.7006547786005983
chemotherapy,nt5e,0.8628821822357136,0.06457478637458317,1.0362906366362847,1810,1037,0.7006547786005983
chemotherapy,palld,0.8785330448709221,0.08365403936395949,1.0628070360353457,1810,1037,0.7006547786005983
chemotherapy,smarcb1,1.147995148338433,0.06845067622580031,1.0129457265162092,1810,1037,0.7006547786005983
chemotherapy,taf1,0.8730852731011761,0.07711428352215018,1.080809467638585,1810,1037,0.7006547786005983
chemotherapy,hsd17b13,1.1405502457279089,0.078466694208727,0.8931358509148,1810,1037,0.7006547786005983
chemotherapy,prkd1,0.8777048341155098,0.08579169639337247,1.0659918913812778,1810,1037,0.7006547786005983
chemotherapy,cdk4,1.1346078858921882,0.09765610509261091,0.9874305506803821,1810,1037,0.7031941485617027
chemotherapy,ctbp1,0.8811571271046922,0.09560729035522475,0.9882365163879656,1810,1037,0.7031941485617027
chemotherapy,mmp23b,0.8775568667428563,0.09778568937054354,1.0269580156230291,1810,1037,0.7031941485617027
chemotherapy,tbl1xr1,0.8736036851881481,0.09967525319339017,1.0615074195105507,1810,1037,0.7063941856748956
chemotherapy,mapk1,0.8774800321344397,0.10121985870470282,1.0115473290685877,1810,1037,0.707093012951424
chemotherapy,src,1.1287092559205423,0.1051680790252236,1.0396472806114998,1810,1037,0.7077190310729472
chemotherapy,agtr2,0.8919394798213971,0.10565130729718843,0.9911550112961726,1810,1037,0.7077190310729472
chemotherapy,setd1a,1.1287384407273382,0.10317371717896089,0.976184210250358,1810,1037,0.7077190310729472
chemotherapy,sik1,0.8801938729405858,0.10793807233487661,0.9757059187922967,1810,1037,0.7132664509696576
chemotherapy,mlh1,0.9070147316851621,0.1554062900109573,1.0042058503735203,1810,1037,0.7176349129417049
chemotherapy,ccne1,1.104689442404388,0.13130501716163254,0.9932988297647327,1810,1037,0.7176349129417049
chemotherapy,e2f5,1.1034506987587531,0.15655068982751746,0.9732061292820954,1810,1037,0.7176349129417049
chemotherapy,jak2,0.8961246445293466,0.14943115291134593,0.9343830265228156,1810,1037,0.7176349129417049
chemotherapy,mdm2,1.1418803778760491,0.15039793039758353,0.9700532236682781,1810,1037,0.7176349129417049
chemotherapy,aph1b,0.8891159601212822,0.1466258910688636,0.9672997643739468,1810,1037,0.7176349129417049
chemotherapy,ctbp2,0.8899333814992477,0.13976398150543243,1.0404317558588376,1810,1037,0.7176349129417049
chemotherapy,dll3,1.102763790799447,0.1442796923780571,1.032618009729876,1810,1037,0.7176349129417049
chemotherapy,maml3,0.8683048589485036,0.13870708419739944,0.9883919633208813,1810,1037,0.7176349129417049
chemotherapy,psen1,0.8894374000672306,0.12426958220877565,1.0041914643385699,1810,1037,0.7176349129417049
chemotherapy,rbpj,0.8943652939261793,0.14210169325885477,0.970689496583511,1810,1037,0.7176349129417049
chemotherapy,casp10,0.8958839628144044,0.15051706437470816,1.0722685631938884,1810,1037,0.7176349129417049
chemotherapy,dlec1,0.8431173062966892,0.12568391324212247,0.9634836324056233,1810,1037,0.7176349129417049
chemotherapy,fgfr1,0.8846996178218585,0.13037399974900943,1.0189766496732557,1810,1037,0.7176349129417049
chemotherapy,folr3,1.1105866999251117,0.14711794946347473,1.0062534998994572,1810,1037,0.7176349129417049
chemotherapy,izumo1r,0.8987382497177843,0.14541189648631178,1.0126465154021596,1810,1037,0.7176349129417049
chemotherapy,mmp25,1.1305676675047671,0.159767905513059,0.8640104716896739,1810,1037,0.7176349129417049
chemotherapy,nfkb1,0.8937726500128514,0.15531084553361899,0.9630204261553932,1810,1037,0.7176349129417049
chemotherapy,terc,1.1222557403211502,0.11820335615097098,0.972840557116438,1810,1037,0.7176349129417049
chemotherapy,arid1a,0.8926291761868143,0.14168212677411518,1.036922334720435,1810,1037,0.7176349129417049
chemotherapy,gata3,0.890727865043118,0.1326463240418199,0.9918058002132812,1810,1037,0.7176349129417049
chemotherapy,runx1,1.1352243688991668,0.11822697905745559,1.0345363075380125,1810,1037,0.7176349129417049
chemotherapy,nr1i2,1.1232083876677428,0.14518220198937062,0.9414370397612688,1810,1037,0.7176349129417049
chemotherapy,tubb1,1.1103899949439846,0.12185154156660301,0.9745479944718602,1810,1037,0.7176349129417049
chemotherapy,ccnd3,0.9033377351884014,0.14308100379409394,1.0177048522470682,1810,1037,0.7176349129417049
chemotherapy,chd1,0.8935031133826276,0.1618712836925904,0.9916493882109176,1810,1037,0.7176349129417049
chemotherapy,dnah5,0.9055265820895074,0.162473116148835,1.0229618022180902,1810,1037,0.7176349129417049
chemotherapy,men1,1.1113355696871379,0.16354005999924592,1.0587091688895192,1810,1037,0.7176349129417049
chemotherapy,mtap,1.1063457641319348,0.14095094780550796,0.9274841113013494,1810,1037,0.7176349129417049
chemotherapy,or6a2,0.892725309087247,0.16436627862877495,1.0246966802171908,1810,1037,0.7176349129417049
chemotherapy,prkacg,1.1156604617671735,0.1471446471476949,1.0204777000616363,1810,1037,0.7176349129417049
chemotherapy,prkcq,1.1181138590826205,0.12457141238166256,1.0306699676879414,1810,1037,0.7176349129417049
chemotherapy,prkcz,1.120013206012894,0.11959690008065438,1.003738241133991,1810,1037,0.7176349129417049
chemotherapy,prps2,0.9068555238415686,0.15954801830466975,0.9776116059732362,1810,1037,0.7176349129417049
chemotherapy,setd2,0.8851395977408975,0.1118099977922567,1.063329164055792,1810,1037,0.7176349129417049
chemotherapy,stab2,1.1051838777835192,0.16052015223973515,0.9605937349713732,1810,1037,0.7176349129417049
chemotherapy,shbg,0.881913796963193,0.11893579339390518,0.965062658948982,1810,1037,0.7176349129417049
chemotherapy,star,0.8876437542769526,0.14038631264729562,1.0436476708565638,1810,1037,0.7176349129417049
chemotherapy,akt2,1.1017824864975319,0.1764386822508437,0.9878065535290569,1810,1037,0.7248094513131601
chemotherapy,bmpr1b,0.8559232363309447,0.18008266044523952,0.9883241019652229,1810,1037,0.7248094513131601
chemotherapy,hras,1.106998215046077,0.1706862540631003,0.9946726377911144,1810,1037,0.7248094513131601
chemotherapy,map3k1,0.8863851693916038,0.1676556012933079,0.9933425089261895,1810,1037,0.7248094513131601
chemotherapy,mapk7,1.1116140641882593,0.1823140337658869,1.0524429224395577,1810,1037,0.7248094513131601
chemotherapy,mmp17,0.8977611841887692,0.1799745126778713,1.072148066768352,1810,1037,0.7248094513131601
chemotherapy,smad4,0.9120721817497018,0.1792127348635068,0.9932885706148408,1810,1037,0.7248094513131601
chemotherapy,cyp2c8,0.8730963406018927,0.176278191786866,0.9843086039495831,1810,1037,0.7248094513131601
chemotherapy,ahnak2,1.1051562433817346,0.17261140066343728,1.0432005818998609,1810,1037,0.7248094513131601
chemotherapy,arid2,0.9038120330557707,0.1801852257221439,0.997429393173558,1810,1037,0.7248094513131601
chemotherapy,thada,1.0969020379524814,0.18223242899383463,0.9708187089708392,1810,1037,0.7248094513131601
chemotherapy,rfng,0.9032723887603911,0.18408512440482994,1.023691635025802,1810,1037,0.7259485954351761
chemotherapy,mapk6,0.9105373033475496,0.18789369727931565,1.036573191931898,1810,1037,0.7261488150033156
chemotherapy,mmp14,1.1025398238904476,0.18749763200854858,1.0283651641337552,1810,1037,0.7261488150033156
chemotherapy,pik3r3,1.1057181490539991,0.18859079653460345,0.9831676767872953,1810,1037,0.7261488150033156
chemotherapy,syne1,0.8988621189408754,0.19331127430805461,0.9316095342003798,1810,1037,0.7385094776299899
chemotherapy,ackr3,0.9082645030327712,0.19854248850124298,1.0629872080864837,1810,1037,0.7526145494349444
chemotherapy,cdh1,1.1158102991603782,0.2216215312896823,1.0030021932881636,1810,1037,0.7648973722324831
chemotherapy,rbl1,0.9227199775871198,0.2627657617690151,1.0376176323982684,1810,1037,0.7648973722324831
chemotherapy,ccnd2,0.9102685975213471,0.23525611666089738,0.9508221528577515,1810,1037,0.7648973722324831
chemotherapy,e2f4,1.0926728219979678,0.23919824678791995,1.0171322603170418,1810,1037,0.7648973722324831
chemotherapy,e2f7,0.9143241810935886,0.22007557483461182,1.093147058489108,1810,1037,0.7648973722324831
chemotherapy,stat3,0.9208567924101125,0.2586199224303762,1.0133683243991736,1810,1037,0.7648973722324831
chemotherapy,stat5b,0.8996572206824713,0.21404903171615172,0.9043462248736918,1810,1037,0.7648973722324831
chemotherapy,dtx1,0.9320495574798064,0.2604640649300149,1.0281892848640535,1810,1037,0.7648973722324831
chemotherapy,hdac1,0.9175980048993894,0.24089859053052065,1.0148326492935615,1810,1037,0.7648973722324831
chemotherapy,hey2,0.9310904770735265,0.2615660723560843,1.0400565399225323,1810,1037,0.7648973722324831
chemotherapy,aurka,1.1022680508426008,0.20705593543307974,1.0827616289851205,1810,1037,0.7648973722324831
chemotherapy,bmp4,1.0941334359000783,0.2544629760165579,1.017373011833431,1810,1037,0.7648973722324831
chemotherapy,eif4e,1.092483505957727,0.23173848203735875,0.9686170354333247,1810,1037,0.7648973722324831
chemotherapy,itgb3,1.1181080105888235,0.22874465243442188,0.97086268542766,1810,1037,0.7648973722324831
chemotherapy,map2k4,0.8891384890024407,0.25798821074492817,0.9356707637530806,1810,1037,0.7648973722324831
chemotherapy,mapk12,1.091879205405435,0.2578328490003427,0.9805701857343881,1810,1037,0.7648973722324831
chemotherapy,mapk3,0.916904715517309,0.25854467037566786,0.9942651022983305,1810,1037,0.7648973722324831
chemotherapy,mmp21,1.0973519828650036,0.26050667136574884,0.96228965086762,1810,1037,0.7648973722324831
chemotherapy,rptor,1.1136469169423862,0.21504038837840206,1.0214861931977532,1810,1037,0.7648973722324831
chemotherapy,smad5,1.0990897838799296,0.20536026557430573,0.9405741887628548,1810,1037,0.7648973722324831
chemotherapy,vegfb,1.0971547857428852,0.23612665329112534,1.0305147641282926,1810,1037,0.7648973722324831
chemotherapy,abcb11,0.9085247093970906,0.24221564915853705,1.033993552855272,1810,1037,0.7648973722324831
chemotherapy,map2,0.9254621569703917,0.23322733998998446,1.0702527003505555,1810,1037,0.7648973722324831
chemotherapy,map4,1.1050112073836842,0.23954605636060466,1.0276565974508982,1810,1037,0.7648973722324831
chemotherapy,bcas3,1.1003659422884802,0.23659201410020222,1.052105722268757,1810,1037,0.7648973722324831
chemotherapy,col22a1,0.9286716918262398,0.2247646534015149,1.0443416622149342,1810,1037,0.7648973722324831
chemotherapy,gldc,1.0887502544871368,0.25963733847657305,0.9197510708988788,1810,1037,0.7648973722324831
chemotherapy,gps2,0.9055270756791527,0.21446743115194383,0.9893045881969755,1810,1037,0.7648973722324831
chemotherapy,kdm6a,0.9206052626560911,0.25356278901402407,1.052315856270378,1810,1037,0.7648973722324831
chemotherapy,large1,1.0863310450637327,0.26435103457523446,1.0256096194234803,1810,1037,0.7648973722324831
chemotherapy,ncoa3,1.0942243372709286,0.22525365887180465,1.035399519987114,1810,1037,0.7648973722324831
chemotherapy,rasgef1b,0.9038424442428523,0.23634618387808748,0.97261402266867,1810,1037,0.7648973722324831
chemotherapy,smarcc2,0.9163390297282124,0.2572334518767912,1.0609413500041007,1810,1037,0.7648973722324831
chemotherapy,taf4b,1.091985504252534,0.21510867910596668,0.913242597816181,1810,1037,0.7648973722324831
chemotherapy,thsd7a,1.087467144473201,0.26018678636748854,0.993823928526661,1810,1037,0.7648973722324831
chemotherapy,ttyh1,1.0823282178699924,0.2342289757241205,0.9687888188555926,1810,1037,0.7648973722324831
chemotherapy,utrn,0.9137115980118643,0.2440853037835713,1.0015041251573449,1810,1037,0.7648973722324831
chemotherapy,cyp3a5,1.088280475800533,0.24662407007360826,0.9836899746775737,1810,1037,0.7648973722324831
chemotherapy,hsd17b2,1.0763362394448608,0.2640672554833587,1.0172432845889738,1810,1037,0.7648973722324831
chemotherapy,nrip1,1.0957404303097444,0.24011209872271433,0.9275109832118176,1810,1037,0.7648973722324831
chemotherapy,birc6,0.9197190900073364,0.2663681168102219,0.9948089274286803,1810,1037,0.7662000536482265
chemotherapy,e2f1,1.0883958956889346,0.27228991267824215,1.0023742132733833,1810,1037,0.7764419183121855
chemotherapy,aph1a,1.0874308678964282,0.28098937458976536,0.9448976799337551,1810,1037,0.7764419183121855
chemotherapy,map3k4,0.9226206429515741,0.2810433937449015,1.1124762476384642,1810,1037,0.7764419183121855
chemotherapy,ptprd,0.9162530977332766,0.28085435605634296,1.0251414954096656,1810,1037,0.7764419183121855
chemotherapy,cyp3a7,1.0877423331631968,0.2733182444931408,1.008915786086488,1810,1037,0.7764419183121855
chemotherapy,hsd17b6,0.9231523970460256,0.27914825383992414,1.0474603361024353,1810,1037,0.7764419183121855
chemotherapy,hsd3b2,1.0879494749333178,0.2807671583374195,0.9631387776562134,1810,1037,0.7764419183121855
chemotherapy,brca1,1.073605441733468,0.3297296973458203,0.9431281797733353,1810,1037,0.7876325834823786
chemotherapy,epcam,1.0685686697852141,0.350857667438773,0.9504931145231575,1810,1037,0.7876325834823786
chemotherapy,ccna1,1.0662026487404266,0.3405825612628219,0.990487372082361,1810,1037,0.7876325834823786
chemotherapy,cdkn2a,1.0677413026718532,0.3409511800578841,0.8913380227124166,1810,1037,0.7876325834823786
chemotherapy,stat2,0.9333030667111045,0.3386512902686347,1.083522210671928,1810,1037,0.7876325834823786
chemotherapy,cir1,0.9280546352008865,0.33848617034106054,0.9301338892640107,1810,1037,0.7876325834823786
chemotherapy,jag1,1.0755604874358895,0.3055712591383757,0.9917047498494795,1810,1037,0.7876325834823786
chemotherapy,maml1,0.9340580451045901,0.34067057437743176,1.1321285637471161,1810,1037,0.7876325834823786
chemotherapy,ncstn,0.9321427790084156,0.3331768479779941,1.0174259902317544,1810,1037,0.7876325834823786
chemotherapy,bad,1.0746652049981331,0.3479443127422276,0.9897506002338665,1810,1037,0.7876325834823786
chemotherapy,bmp3,1.0799664149521686,0.34603116343332674,0.9946588392297034,1810,1037,0.7876325834823786
chemotherapy,bmp5,0.9387787260097588,0.3278338899572686,1.0035550066740107,1810,1037,0.7876325834823786
chemotherapy,casp8,0.9328864865103431,0.34689224096972526,0.9644777651960502,1810,1037,0.7876325834823786
chemotherapy,casp9,0.9251858428293787,0.3009348441318239,1.0020640898682731,1810,1037,0.7876325834823786
chemotherapy,eif5a2,1.0671546736755113,0.35166925386609194,0.9836077745837019,1810,1037,0.7876325834823786
chemotherapy,folr2,0.9224267124315781,0.315965141254396,0.9726647528442175,1810,1037,0.7876325834823786
chemotherapy,map2k2,1.0765257152026235,0.3299170783249055,1.0082092836530514,1810,1037,0.7876325834823786
chemotherapy,mmp3,1.0858053652649104,0.30076799195807546,0.9459950385270653,1810,1037,0.7876325834823786
chemotherapy,mmp9,1.091901281027682,0.3244753764192342,1.0730337993612684,1810,1037,0.7876325834823786
chemotherapy,pik3r2,1.0766580469389317,0.3021576158916979,1.030142138490206,1810,1037,0.7876325834823786
chemotherapy,rad51,0.9349864267788155,0.3205797099364245,0.9946516116583166,1810,1037,0.7876325834823786
chemotherapy,raf1,0.9283994386032752,0.32724742427283127,1.0929745310633698,1810,1037,0.7876325834823786
chemotherapy,rps6kb2,1.072135621021456,0.3180231161850864,1.058738394316977,1810,1037,0.7876325834823786
chemotherapy,tgfb3,1.0790419247110827,0.294192714361986,0.9763164828641241,1810,1037,0.7876325834823786
chemotherapy,tgfbr1,1.0723342276999188,0.34817094969435824,1.0279281344810856,1810,1037,0.7876325834823786
chemotherapy,tgfbr2,0.9266120632139914,0.3323933817885544,1.0097033079323892,1810,1037,0.7876325834823786
chemotherapy,tgfbr3,0.9132010903578702,0.2915424784114107,0.9670657421076889,1810,1037,0.7876325834823786
chemotherapy,fgf2,0.9107979343506667,0.3095270240350123,0.9816550933992192,1810,1037,0.7876325834823786
chemotherapy,alk,0.9386351044874971,0.3156375176361037,1.0102564998696673,1810,1037,0.7876325834823786
chemotherapy,dnah11,1.0558522878372036,0.295157223889755,1.031892412889956,1810,1037,0.7876325834823786
chemotherapy,dtwd2,0.9271129748773758,0.2933410019905205,1.0676513576281788,1810,1037,0.7876325834823786
chemotherapy,gh1,0.9193815109587351,0.29095614704685213,1.015520967556423,1810,1037,0.7876325834823786
chemotherapy,kdm3a,1.0747728035730926,0.32303111294909304,0.9619801208593902,1810,1037,0.7876325834823786
chemotherapy,setdb1,0.9306616615429356,0.3200004215050999,1.0465128352681252,1810,1037,0.7876325834823786
chemotherapy,bche,0.9106574148376476,0.33830476049188635,1.0383295825260752,1810,1037,0.7876325834823786
chemotherapy,cdkn2c,0.9183401398402785,0.3164128654377469,0.9055725859488063,1810,1037,0.7876325834823786
chemotherapy,hsd17b11,0.9312543061084252,0.3440272882155341,0.9678025343435928,1810,1037,0.7876325834823786
chemotherapy,hsd17b4,0.919954299101512,0.3016864246094437,1.0369860393595405,1810,1037,0.7876325834823786
chemotherapy,hsd3b1,0.9239673625362931,0.3335090316227037,1.011638958995156,1810,1037,0.7876325834823786
chemotherapy,slc29a1,1.0765115804855518,0.3112042874116647,0.9990560210029105,1810,1037,0.7876325834823786
chemotherapy,ugt2b15,1.0850726956744836,0.31253374552947727,0.9530695388413428,1810,1037,0.7876325834823786
chemotherapy,ugt2b7,1.074092235462056,0.3527434269583659,1.0011419077950547,1810,1037,0.7876325834823786
chemotherapy,brca2,0.9314938570256251,0.3731701407575967,1.0105300420289889,1810,1037,0.8110231059131768
chemotherapy,bmp15,1.0748881707509825,0.3713219242702256,0.9711672613700181,1810,1037,0.8110231059131768
chemotherapy,rps6ka1,1.0697784548728195,0.36713422374472116,0.9567074068806628,1810,1037,0.8110231059131768
chemotherapy,smad6,1.065207856026915,0.36794314627280755,1.0817091703845039,1810,1037,0.8110231059131768
chemotherapy,clk3,0.9299173396338585,0.36931867821216136,1.0106082842745392,1810,1037,0.8110231059131768
chemotherapy,stmn2,0.933836475075363,0.373034391234886,0.9725849426885632,1810,1037,0.8110231059131768
chemotherapy,map2k1,0.9376544056409767,0.37946101886464867,1.028828567789699,1810,1037,0.8150870027479193
chemotherapy,rps6,0.9316561710528685,0.3770287203984659,0.9487315376289842,1810,1037,0.8150870027479193
chemotherapy,bap1,1.067762488783358,0.3800405656984164,0.9990438126400445,1810,1037,0.8150870027479193
chemotherapy,mmp1,1.0630355039158064,0.3880206675434361,0.9637114886267442,1810,1037,0.8249656801249576
chemotherapy,twist1,0.928476502658687,0.3865399684573718,1.0227376448192496,1810,1037,0.8249656801249576
chemotherapy,e2f8,1.0677228133876482,0.39048313744829066,1.0080026942247122,1810,1037,0.8266071610918361
chemotherapy,notch1,0.9420553953946459,0.39354687375427744,1.0750770039516264,1810,1037,0.8295018158010417
chemotherapy,diras3,0.9036973826437467,0.39601004577799515,0.9564807905742878,1810,1037,0.8311112119546765
chemotherapy,hsd17b10,1.0634477814281222,0.39851649749025186,1.0073341984130981,1810,1037,0.8327972960373212
chemotherapy,stat5a,1.0690469063614016,0.4076271269914593,0.8492969693320805,1810,1037,0.8338168203103288
chemotherapy,cul1,0.9459378695940954,0.409212921162034,0.9495816808276699,1810,1037,0.8338168203103288
chemotherapy,hes5,1.0490193637866305,0.4236007907861027,0.9572115075477599,1810,1037,0.8338168203103288
chemotherapy,spen,0.9394901604045729,0.42560563977070087,1.0120373781723344,1810,1037,0.8338168203103288
chemotherapy,bcl2,0.9348726494940958,0.4195430966375767,0.8948235748043096,1810,1037,0.8338168203103288
chemotherapy,bmpr2,0.9427115741024267,0.42882182522586687,1.0030752656360065,1810,1037,0.8338168203103288
chemotherapy,cxcr1,0.93722685201373,0.4220867623810358,1.021060729704014,1810,1037,0.8338168203103288
chemotherapy,foxo1,0.9417283189575896,0.4155028863957554,1.0400598598050257,1810,1037,0.8338168203103288
chemotherapy,map3k3,1.056182217980077,0.42969701169366636,0.9541261922880432,1810,1037,0.8338168203103288
chemotherapy,mmp28,0.9385865712440586,0.4172997215972448,1.0082200605319316,1810,1037,0.8338168203103288
chemotherapy,ptk2,0.9453861400981832,0.4270377317444355,1.028440892838539,1810,1037,0.8338168203103288
chemotherapy,rps6ka2,1.0628839153946001,0.42573227096367594,0.9887628752704694,1810,1037,0.8338168203103288
chemotherapy,sptbn1,0.9353126755882074,0.41240307464619086,1.0009142167176024,1810,1037,0.8338168203103288
chemotherapy,asxl2,0.935404877618867,0.408405922153366,1.0413016288063186,1810,1037,0.8338168203103288
chemotherapy,prr16,0.926833800470503,0.4174981340196331,1.0255611186434892,1810,1037,0.8338168203103288
chemotherapy,shank2,0.9415876767663235,0.40314772833739343,1.0021078247826478,1810,1037,0.8338168203103288
chemotherapy,tg,0.9478619115419619,0.42857284444637755,0.9886191803817329,1810,1037,0.8338168203103288
chemotherapy,hsd17b8,1.0647691319446277,0.4056560057550588,0.9798940990077966,1810,1037,0.8338168203103288
chemotherapy,acvr2b,0.9362576577689455,0.4335202318919441,1.001711455379323,1810,1037,0.8346117850203175
chemotherapy,pdgfrb,0.9429191765500059,0.4330512828732791,1.110540520641834,1810,1037,0.8346117850203175
chemotherapy,lfng,0.9447318473790546,0.4370635220672441,1.034575519569883,1810,1037,0.8375423393546916
chemotherapy,inhbc,1.0603243000805398,0.43846797315910235,0.9538073387245033,1810,1037,0.8375423393546916
chemotherapy,smad7,1.0566389570665795,0.442514345638528,1.0619508435459886,1810,1037,0.8419825487052147
chemotherapy,palb2,1.0597194542640223,0.4489721833161816,0.9946812589780425,1810,1037,0.8474673301424378
chemotherapy,abcc10,1.0515307759595145,0.45232918848093306,0.9955167512727605,1810,1037,0.8474673301424378
chemotherapy,ryr2,1.0509050712105092,0.44888944214050874,0.9498982152532798,1810,1037,0.8474673301424378
chemotherapy,hsd17b7,1.0638580606318704,0.4516330843703956,0.9290845625537607,1810,1037,0.8474673301424378
chemotherapy,e2f3,1.0523057418747455,0.4618864188296703,1.027435430837879,1810,1037,0.8491069879989052
chemotherapy,ctcf,0.9374819227817508,0.45634718409250685,1.0987342110362757,1810,1037,0.8491069879989052
chemotherapy,lifr,0.9397562535942231,0.4569201713317905,0.9505808334200498,1810,1037,0.8491069879989052
chemotherapy,smarcc1,1.0538416315318384,0.46071254926805927,0.9824386480252445,1810,1037,0.8491069879989052
chemotherapy,sox9,0.94223263057545,0.45897690892974663,1.016999380216871,1810,1037,0.8491069879989052
chemotherapy,adgra2,0.9452414338143375,0.4676148618542846,1.0227229490433614,1810,1037,0.8535564445496255
chemotherapy,akr1c1,1.0580684796512685,0.46779780601083776,0.954943382418395,1810,1037,0.8535564445496255
chemotherapy,erbb3,0.9473908563050996,0.4778571598523599,1.0280387759668415,1810,1037,0.8559419456696117
chemotherapy,mmp10,0.9444614255733892,0.47467580220027816,1.0102604556743067,1810,1037,0.8559419456696117
chemotherapy,lipi,0.9260367786522027,0.47620907001045254,1.0363614376029564,1810,1037,0.8559419456696117
chemotherapy,srd5a3,1.0496759206765074,0.4753568617338506,0.9800121920740748,1810,1037,0.8559419456696117
chemotherapy,tnk2,0.9444976784707705,0.47308788419361403,1.0342176025343475,1810,1037,0.8559419456696117
chemotherapy,itgav,0.9491207331799624,0.4796113003446727,1.0308067593261188,1810,1037,0.8559486345567334
chemotherapy,chek2,0.9484511435462866,0.48947762729297684,0.9504563439962098,1810,1037,0.8609876249865672
chemotherapy,kdm5a,0.9482000150212055,0.4881335185362061,1.0793512074174811,1810,1037,0.8609876249865672
chemotherapy,cxcl8,1.0467213537596527,0.48525615182440873,1.0328845734944838,1810,1037,0.8609876249865672
chemotherapy,cyp3a4,1.0584430571018932,0.4887929526879986,0.9809565883282202,1810,1037,0.8609876249865672
chemotherapy,cdk2,0.9475137057517747,0.49265540726862256,1.0718736951092929,1810,1037,0.863471305212747
chemotherapy,rad50,1.0547453334119756,0.5106563979461776,1.021659253594243,1810,1037,0.8649835979268387
chemotherapy,cdkn2b,1.0477114929853306,0.5058557941674904,0.9933890841513923,1810,1037,0.8649835979268387
chemotherapy,acvr1,0.9545876709203033,0.5146676796368401,1.0577511700517028,1810,1037,0.8649835979268387
chemotherapy,casp7,0.9518702215412497,0.5147448404840697,0.9814103575368128,1810,1037,0.8649835979268387
chemotherapy,dab2,1.050460647830217,0.498565649061392,0.9926013382218841,1810,1037,0.8649835979268387
chemotherapy,dph1,1.0535662187684423,0.5013051390276042,0.963546843481552,1810,1037,0.8649835979268387
chemotherapy,inhba,1.0521951331528916,0.5129217154557058,0.9149619573628245,1810,1037,0.8649835979268387
chemotherapy,rictor,1.0541589137468943,0.500767845839374,0.9787131534333581,1810,1037,0.8649835979268387
chemotherapy,akap9,1.0492650893392792,0.5100970136712029,0.912649752708339,1810,1037,0.8649835979268387
chemotherapy,foxp1,1.0526155813849791,0.5059345724983295,0.956978192631824,1810,1037,0.8649835979268387
chemotherapy,cyp11a1,1.0529257205455467,0.5082881178897078,0.9332299136749893,1810,1037,0.8649835979268387
chemotherapy,met,1.0449985537297577,0.5019591720260543,0.9679091210144183,1810,1037,0.8649835979268387
chemotherapy,map3k5,0.9522596005028201,0.5174041743329477,0.9874952308642764,1810,1037,0.865885200094494
chemotherapy,ros1,0.9555784515216355,0.5205935558850332,1.048208568785467,1810,1037,0.865885200094494
chemotherapy,myo3a,1.0427765657855523,0.5197331678383639,1.015816659825205,1810,1037,0.865885200094494
chemotherapy,ran,0.9540063221046071,0.5223955774650603,1.0166970656874255,1810,1037,0.8659370758658117
chemotherapy,maml2,0.9535449045052996,0.5286441371972956,1.006406041699986,1810,1037,0.8733344023293161
chemotherapy,akt1,1.0418543582171453,0.5487413383287916,1.0899142816455314,1810,1037,0.8896746835472567
chemotherapy,eif4ebp1,1.0463233232109417,0.5494514405547475,1.0199313736547326,1810,1037,0.8896746835472567
chemotherapy,erbb4,1.0508353210587615,0.5438039315381917,1.003302536190042,1810,1037,0.8896746835472567
chemotherapy,inha,0.9654462440885312,0.5488011219933135,0.9852716045591163,1810,1037,0.8896746835472567
chemotherapy,sbno1,1.048148603905756,0.5446109688115008,1.025085768829083,1810,1037,0.8896746835472567
chemotherapy,ubr5,0.9548826668753856,0.5447067167978832,1.050361980386472,1810,1037,0.8896746835472567
chemotherapy,cdk1,1.047224445149201,0.5515472856370094,1.0415632474696632,1810,1037,0.8898229506375797
chemotherapy,gdf2,1.0517425012527348,0.5531823660405404,0.9776805656450548,1810,1037,0.8898229506375797
chemotherapy,cdk6,0.962666432653288,0.5585139673922317,1.0180000913864582,1810,1037,0.8935202473575976
chemotherapy,chek1,1.041321715824927,0.5619579852664603,1.019427746280734,1810,1037,0.8935202473575976
chemotherapy,bbc3,1.0443984468307572,0.5627898490514112,0.9839834160230438,1810,1037,0.8935202473575976
chemotherapy,srd5a2,1.040249911973574,0.5608839483592682,0.9981732922880487,1810,1037,0.8935202473575976
chemotherapy,numbl,0.957779177090088,0.5676817286861866,0.988674745793593,1810,1037,0.8951988196408093
chemotherapy,tgfb1,0.9554197395026484,0.5680531236197723,1.0395693524596625,1810,1037,0.8951988196408093
chemotherapy,agmo,0.9601985298507055,0.5693391266018235,1.0006690401902614,1810,1037,0.8951988196408093
chemotherapy,msh6,1.038948171208653,0.5725016542433867,0.9954197592207774,1810,1037,0.8952290023538414
chemotherapy,psen2,1.042484733054227,0.5737230664829571,0.9853439535736361,1810,1037,0.8952290023538414
chemotherapy,rbpjl,1.0407678974641397,0.5832256294181204,1.0576864484837452,1810,1037,0.8952290023538414
chemotherapy,acvr1b,0.9624829239704605,0.585626789651258,1.097820814990132,1810,1037,0.8952290023538414
chemotherapy,csf1r,0.9598522815365129,0.5862403301140413,0.9942167585930591,1810,1037,0.8952290023538414
chemotherapy,mmp12,0.9623736809591963,0.5857838116782949,1.0028178973517259,1810,1037,0.8952290023538414
chemotherapy,mmp13,0.9595304187986973,0.5899363362028309,1.032459443089991,1810,1037,0.8952290023538414
chemotherapy,frmd3,0.9622404306630699,0.5913271324341325,0.9819711058893323,1810,1037,0.8952290023538414
chemotherapy,map3k13,0.9664763175939277,0.5827043033022918,1.0428433535446826,1810,1037,0.8952290023538414
chemotherapy,nr2f1,0.96137586964826,0.5867264939835188,1.0946701269904853,1810,1037,0.8952290023538414
chemotherapy,spry2,0.9584669117326812,0.5864431574693554,0.9450577923890259,1810,1037,0.8952290023538414
chemotherapy,ugt2b17,1.0656624062042295,0.5895771483366645,0.9108370731873434,1810,1037,0.8952290023538414
chemotherapy,mmp11,1.0426217337806867,0.5959229714162307,1.1385994545707967,1810,1037,0.8994022624152372
chemotherapy,tubb4a,0.9593151538729663,0.5991155327534421,1.012650950559067,1810,1037,0.9014384477428713
chemotherapy,nf1,0.9595044961794795,0.6011175814684492,1.0571777910863616,1810,1037,0.9016763722026738
chemotherapy,e2f2,1.0348932425363435,0.622478147519872,1.0246602601804207,1810,1037,0.9037433490412236
chemotherapy,notch3,1.0334577380328827,0.6265214628322593,1.076846814638048,1810,1037,0.9037433490412236
chemotherapy,folr1,0.9661198384113081,0.6222605582278435,1.0047169131407596,1810,1037,0.9037433490412236
chemotherapy,map2k3,1.0370875173258018,0.607070223893801,1.002985695082034,1810,1037,0.9037433490412236
chemotherapy,mmp19,0.9599652263540993,0.6181363859519851,0.9732372673347512,1810,1037,0.9037433490412236
chemotherapy,mmp27,0.962447588073402,0.6218731240676771,0.9720781219779795,1810,1037,0.9037433490412236
chemotherapy,opcml,0.9575343855742126,0.6069338357858509,1.0116963092801334,1810,1037,0.9037433490412236
chemotherapy,pik3ca,1.0375913500835627,0.6144882790473454,0.9683747136310223,1810,1037,0.9037433490412236
chemotherapy,tgfb2,1.036236190555615,0.62556964037776,1.029553435353679,1810,1037,0.9037433490412236
chemotherapy,tubb4b,0.9663461561595695,0.6211417906966157,1.0910943446307977,1810,1037,0.9037433490412236
chemotherapy,akr1c2,1.0351440055046568,0.6248120706829201,0.9900673169609003,1810,1037,0.9037433490412236
chemotherapy,cyp17a1,1.0370689952769387,0.6264953518790966,1.0197847597031624,1810,1037,0.9037433490412236
chemotherapy,hsd17b14,0.9544367239864069,0.6097729461884838,0.9491127406434223,1810,1037,0.9037433490412236
chemotherapy,tp53,1.0322270390582093,0.645460581803575,0.9839441680836298,1810,1037,0.9043845974267857
chemotherapy,atm,0.9643032473321276,0.6402442919210789,0.9806368214266362,1810,1037,0.9043845974267857
chemotherapy,ccnb1,1.035724728949914,0.6408562125051969,1.0401619787556156,1810,1037,0.9043845974267857
chemotherapy,mdc1,0.9670338529231989,0.6313028646083061,0.9872225387596768,1810,1037,0.9043845974267857
chemotherapy,smad9,0.9627566797454497,0.6324291263513899,0.9947021253611052,1810,1037,0.9043845974267857
chemotherapy,tsc2,1.0386323410047886,0.6411574801061068,1.033130152957329,1810,1037,0.9043845974267857
chemotherapy,lama2,0.9623630798734075,0.6372430071037076,0.9639725314468517,1810,1037,0.9043845974267857
chemotherapy,ush2a,0.9601840009690852,0.6439187112332525,1.0633980447693838,1810,1037,0.9043845974267857
chemotherapy,hsd17b3,0.960032238594336,0.6365089854081389,0.9731122481009371,1810,1037,0.9043845974267857
chemotherapy,prkci,1.0336301201734994,0.6437837586339056,0.9696205684247781,1810,1037,0.9043845974267857
chemotherapy,snw1,0.9652901650639945,0.6506177991341231,0.9788377037038862,1810,1037,0.9047367953372317
chemotherapy,smad3,0.9612224266891124,0.6493010708016427,1.0611454516830585,1810,1037,0.9047367953372317
chemotherapy,wwox,1.0558372440077262,0.6525478592362997,1.0410061215159157,1810,1037,0.9047367953372317
chemotherapy,nras,1.033213402826403,0.6531126559387378,0.9799347827471032,1810,1037,0.9047367953372317
chemotherapy,hdac2,1.0319455165785312,0.6663827585727381,1.016225557626518,1810,1037,0.9123165899563564
chemotherapy,fas,0.9676112774064701,0.6756678594064479,0.9292540643737832,1810,1037,0.9123165899563564
chemotherapy,gsk3b,1.032181081006655,0.6761164300209901,1.134884200039828,1810,1037,0.9123165899563564
chemotherapy,rab25,1.0333600587741563,0.6707896710400127,1.0262083299261349,1810,1037,0.9123165899563564
chemotherapy,abcb1,0.9646918688950015,0.6631799608687017,0.9459122523949964,1810,1037,0.9123165899563564
chemotherapy,map3k10,0.9662733211891973,0.672355776501697,0.9539626033598116,1810,1037,0.9123165899563564
chemotherapy,sik2,1.0342006517276674,0.6715061570705692,0.9551138796098314,1810,1037,0.9123165899563564
chemotherapy,cyb5a,1.0302812223227849,0.6772411495995039,1.0011298011337344,1810,1037,0.9123165899563564
chemotherapy,cyp11b2,0.9667124183745565,0.6712768094814832,1.0403473631494937,1810,1037,0.9123165899563564
chemotherapy,ncoa2,1.0326654861684688,0.6626137434184252,0.9812176837450515,1810,1037,0.9123165899563564
chemotherapy,mapk8,1.0338684494348684,0.6792172307689324,0.9706682576276616,1810,1037,0.9124649061703515
chemotherapy,plagl1,0.9708493348177156,0.6814754531008065,1.0215419030801207,1810,1037,0.9129904015514915
chemotherapy,itch,1.0326855746939554,0.6898037808450783,0.9527010196282035,1810,1037,0.9216230842438341
chemotherapy,tsc1,0.9690076342069955,0.6945045355403313,0.9992614520163733,1810,1037,0.9253752530768993
chemotherapy,cdkn1a,1.0297138709845126,0.7178398469333447,0.9850690579951333,1810,1037,0.9265641018233546
chemotherapy,stat1,0.9703052737905287,0.7054052243315916,1.0211307795428608,1810,1037,0.9265641018233546
chemotherapy,dtx4,1.0292147627654755,0.6994735939396085,1.0319462653416278,1810,1037,0.9265641018233546
chemotherapy,igf1r,1.03393625388695,0.7080293030781711,0.9303999503820053,1810,1037,0.9265641018233546
chemotherapy,pdgfra,0.9724699233392267,0.7222276772827312,0.9716051322899283,1810,1037,0.9265641018233546
chemotherapy,smad2,0.9703078965928508,0.7075266622147155,0.9860653615894965,1810,1037,0.9265641018233546
chemotherapy,wfdc2,0.9690214795229273,0.7206471768177526,0.9860691661134448,1810,1037,0.9265641018233546
chemotherapy,ctnna3,1.0295677803347987,0.7203385540715319,1.0554315902533455,1810,1037,0.9265641018233546
chemotherapy,fam20c,1.028659341316421,0.6995637067754121,1.0530315673241535,1810,1037,0.9265641018233546
chemotherapy,fancd2,1.0276220211087952,0.712303340657211,1.0743200604814294,1810,1037,0.9265641018233546
chemotherapy,ptpn22,0.97128923868222,0.7139321710206172,0.9251464454060659,1810,1037,0.9265641018233546
chemotherapy,ptprm,0.9747228675545948,0.7100252062099485,1.0735269887625565,1810,1037,0.9265641018233546
chemotherapy,smarcd1,0.9735882060374497,0.7238189916084283,1.100138439234482,1810,1037,0.9265641018233546
chemotherapy,akt3,1.0295077702993036,0.7146514361355936,1.0109813503402192,1810,1037,0.9265641018233546
chemotherapy,hsd17b12,1.029279460195368,0.7037361845761272,0.9992250632119131,1810,1037,0.9265641018233546
chemotherapy,dtx3,1.0276097337742456,0.7352500507866419,1.013128196252817,1810,1037,0.9293749191209956
chemotherapy,mmp26,1.0386489077038488,0.735212035982455,1.0101703224636798,1810,1037,0.9293749191209956
chemotherapy,myh9,1.0249455729452395,0.7305410490000552,1.0667296194616878,1810,1037,0.9293749191209956
chemotherapy,zfp36l1,0.9720413027959537,0.7330080446801837,1.005202693364459,1810,1037,0.9293749191209956
chemotherapy,akr1c3,0.9741697659298704,0.7355175740282726,0.9644657990441784,1810,1037,0.9293749191209956
chemotherapy,jag2,1.0269983276420984,0.7420260968363024,1.0700043027027526,1810,1037,0.93518237462101
chemotherapy,arrdc1,1.0201034399863977,0.7631778402806428,1.047684016759099,1810,1037,0.9405441224864831
chemotherapy,hla-g,1.0236319402765335,0.7512557659666108,0.9277028273635168,1810,1037,0.9405441224864831
chemotherapy,igf1,0.9728926997594187,0.7492820327467997,0.9080918877339536,1810,1037,0.9405441224864831
chemotherapy,mapk9,0.9765324091261455,0.757943113666851,1.0983069338118763,1810,1037,0.9405441224864831
chemotherapy,abcc1,1.0226029940514623,0.7550422591137065,0.9953340442547495,1810,1037,0.9405441224864831
chemotherapy,bmf,1.021209356638502,0.7592806441931486,1.073209461889748,1810,1037,0.9405441224864831
chemotherapy,col12a1,0.9772490463251335,0.7635910360473084,1.0663227394105288,1810,1037,0.9405441224864831
chemotherapy,rdh5,0.9725726305457885,0.7521967123719958,0.9346711604670411,1810,1037,0.9405441224864831
chemotherapy,tulp4,1.0242215112392417,0.7631750883935923,1.035531571464551,1810,1037,0.9405441224864831
chemotherapy,hdac9,0.977784186507823,0.7658280119455261,0.9832368130496779,1810,1037,0.9409293915612117
chemotherapy,msh2,1.0205240936641906,0.7696210276826876,0.9638607311920677,1810,1037,0.9432197557314141
chemotherapy,clrn2,0.9780636538070301,0.7730102165701188,0.9813777025110846,1810,1037,0.9450049897569702
chemotherapy,cdc25a,1.0165459672445012,0.8041749204832895,0.9987565253084774,1810,1037,0.9513630172234734
chemotherapy,ccnd1,1.0183283741174465,0.8134224378987429,1.0075017086178324,1810,1037,0.9513630172234734
chemotherapy,dtx2,0.9846546711746588,0.8223006876047532,1.0344865077107779,1810,1037,0.9513630172234734
chemotherapy,hes7,1.0219972601212686,0.7837964924338391,1.0393662734769487,1810,1037,0.9513630172234734
chemotherapy,acvr2a,1.0169822438987668,0.813382273916573,0.9616008254144679,1810,1037,0.9513630172234734
chemotherapy,bmpr1a,0.9802109183357385,0.7957552087635085,0.9915772371163833,1810,1037,0.9513630172234734
chemotherapy,braf,1.0180343644259222,0.803301669595828,0.9801615759123258,1810,1037,0.9513630172234734
chemotherapy,egfr,0.9852830789501252,0.8202807611064893,1.0335685271289687,1810,1037,0.9513630172234734
chemotherapy,foxo3,1.0171631241881294,0.8104625613366692,1.0460554653060963,1810,1037,0.9513630172234734
chemotherapy,mmp2,1.0198125355184593,0.8132623941197765,1.045567891752572,1810,1037,0.9513630172234734
chemotherapy,pdgfa,0.9807962553886486,0.7913166859320176,1.0258867899455129,1810,1037,0.9513630172234734
chemotherapy,pik3r1,0.9826100384570222,0.8199714763095228,1.0176292685685875,1810,1037,0.9513630172234734
chemotherapy,rheb,0.9805176949400315,0.781461308961328,0.9762490001254418,1810,1037,0.9513630172234734
chemotherapy,vegfa,0.9835892619926127,0.8043062995368473,1.1160396978981624,1810,1037,0.9513630172234734
chemotherapy,fn1,0.9810617825567789,0.7971837442959552,1.1161665755252772,1810,1037,0.9513630172234734
chemotherapy,gpr32,1.0196033278789505,0.8094225850203431,1.0334274590255934,1810,1037,0.9513630172234734
chemotherapy,herc2,1.0200226024685333,0.7861913067380875,1.0258351416998943,1810,1037,0.9513630172234734
chemotherapy,hist1h2bc,1.0182596761923912,0.8193408334058669,0.997914554945222,1810,1037,0.9513630172234734
chemotherapy,lamb3,1.0175052707557575,0.8087863902526679,0.9773052407012629,1810,1037,0.9513630172234734
chemotherapy,prkce,0.9765374924713449,0.7917664960417886,1.015672738837273,1810,1037,0.9513630172234734
chemotherapy,rpgr,1.0181592147256315,0.8229581928129432,0.9551982155229733,1810,1037,0.9513630172234734
chemotherapy,sgcd,1.0204171838618772,0.7959110618226977,1.015161758719443,1810,1037,0.9513630172234734
chemotherapy,cdk8,0.9845710144367197,0.8187909235478099,1.035728079614767,1810,1037,0.9513630172234734
chemotherapy,nf2,0.9846398794854806,0.8285066143047491,0.9995873233562136,1810,1037,0.9555182414976943
chemotherapy,pms2,0.9842573471608518,0.8364315757026649,0.920512865493218,1810,1037,0.9556426180341195
chemotherapy,apc,1.0163106407609328,0.8349103815219525,1.0142864344439029,1810,1037,0.9556426180341195
chemotherapy,ddc,1.0132972468250512,0.8322865869028855,0.9854920273192996,1810,1037,0.9556426180341195
chemotherapy,srd5a1,0.9862727174260346,0.8325621209005547,1.058887743613849,1810,1037,0.9556426180341195
chemotherapy,kdr,0.9846833753254365,0.8388938862091677,0.9836736048604762,1810,1037,0.9562217024621982
chemotherapy,e2f6,0.9845741285995706,0.847462391264028,0.9407529067247962,1810,1037,0.9608655385547982
chemotherapy,ep300,1.0154725966513727,0.845687131874871,1.056371441604556,1810,1037,0.9608655385547982
chemotherapy,gdf11,1.0144251369115547,0.8488628070668156,1.0372964713900967,1810,1037,0.9608655385547982
chemotherapy,cyp3a43,1.0152150333632204,0.8538523026925122,0.9845886535678269,1810,1037,0.9642812379137148
chemotherapy,bmp6,0.98895122443403,0.8606716299777498,0.9643777590476844,1810,1037,0.9654485350443925
chemotherapy,hif1a,1.0143464627105774,0.8603697024679247,1.0249515289633764,1810,1037,0.9654485350443925
chemotherapy,hsd17b1,0.9878333357897164,0.8608089187716874,0.9257786333677762,1810,1037,0.9654485350443925
chemotherapy,mmp16,1.0129587621419764,0.8746586706755013,1.0340797495914236,1810,1037,0.9746744143904804
chemotherapy,kmt2d,1.0115491836816495,0.8750144538188567,0.9738489187184908,1810,1037,0.9746744143904804
chemotherapy,hsd3b7,1.0134249403811244,0.8722963394303197,0.9279231477250516,1810,1037,0.9746744143904804
chemotherapy,dll4,0.9883968596867845,0.8860735885282396,1.040593278857057,1810,1037,0.9759527576325014
chemotherapy,map2k5,0.9890445888503213,0.8861411541693878,1.0291138835951654,1810,1037,0.9759527576325014
chemotherapy,cbfb,0.9885833023828016,0.8851807305611245,1.0106139330349844,1810,1037,0.9759527576325014
chemotherapy,col6a3,1.0128947206399288,0.8784302023518513,1.0831040734469288,1810,1037,0.9759527576325014
chemotherapy,siah1,0.9871089152512532,0.8826942299477961,1.024514820308999,1810,1037,0.9759527576325014
chemotherapy,spaca1,0.9889104374221753,0.8890268431051653,0.9658982728774285,1810,1037,0.9769306208503952
chemotherapy,nrarp,0.9920635520575544,0.8986198955567064,0.998293512234749,1810,1037,0.983053979702974
chemotherapy,ahnak,0.9906713571101754,0.8975760223550189,1.0225401464846113,1810,1037,0.983053979702974
chemotherapy,hey1,0.9933363408831355,0.9164442580119617,0.9966889738976283,1810,1037,0.9857288281762663
chemotherapy,apaf1,1.0085786974277018,0.9115576288279226,1.029350327286616,1810,1037,0.9857288281762663
chemotherapy,casp3,0.992040351839883,0.9203857510467488,1.0578918898722653,1810,1037,0.9857288281762663
chemotherapy,pdpk1,0.9903327446701957,0.903698541416369,1.0477201358690484,1810,1037,0.9857288281762663
chemotherapy,slco1b3,0.9921640082903288,0.9061033060353876,1.000584019572158,1810,1037,0.9857288281762663
chemotherapy,arid5b,1.0086556914818618,0.9194717652219377,1.0156592855147881,1810,1037,0.9857288281762663
chemotherapy,klrg1,0.9914620774562287,0.9170666909539884,0.960188890650639,1810,1037,0.9857288281762663
chemotherapy,magea8,0.9942719746469114,0.9212230561892714,1.0347033115069144,1810,1037,0.9857288281762663
chemotherapy,cyp19a1,0.991527340019776,0.9091074392412732,0.9994892852654542,1810,1037,0.9857288281762663
chemotherapy,cyp21a2,1.0094899961190364,0.911567197169418,1.0257304864626162,1810,1037,0.9857288281762663
chemotherapy,pten,0.9969763151481598,0.9681356411490152,0.9813755738771197,1810,1037,0.9903750252853623
chemotherapy,nbn,0.9949215801207019,0.9465063639632315,0.9547313129326152,1810,1037,0.9903750252853623
chemotherapy,bard1,0.9973891351345073,0.9727764766127914,1.075231233268484,1810,1037,0.9903750252853623
chemotherapy,rad51d,0.9967254331441084,0.9609512220126615,0.9803853726313239,1810,1037,0.9903750252853623
chemotherapy,myc,0.9966273009311827,0.9638615164713753,0.9890109447514667,1810,1037,0.9903750252853623
chemotherapy,adam17,1.0021449508559743,0.9741725708839657,1.0431884881293585,1810,1037,0.9903750252853623
chemotherapy,acvrl1,1.0069091411630569,0.9285982672108662,0.9984469121471313,1810,1037,0.9903750252853623
chemotherapy,bmp7,1.005604103285271,0.9349959349277799,1.0196107620448336,1810,1037,0.9903750252853623
chemotherapy,casp6,1.0052578871928828,0.9422175516849873,0.9645246326743604,1810,1037,0.9903750252853623
chemotherapy,csf1,1.0055612116338175,0.94425222291877,0.9954900655114507,1810,1037,0.9903750252853623
chemotherapy,kit,0.9963522191425751,0.9623248466583989,0.9603979337190843,1810,1037,0.9903750252853623
chemotherapy,mapk4,0.9954608439498823,0.9527294236694984,1.0033984543295815,1810,1037,0.9903750252853623
chemotherapy,arid1b,0.993268217833808,0.9315676173055223,1.00990333371081,1810,1037,0.9903750252853623
chemotherapy,kmt2c,0.9953284463253945,0.9490056663874307,1.0148601791984402,1810,1037,0.9903750252853623
chemotherapy,mapt,0.9950579295581872,0.9533444582575553,0.941087271622778,1810,1037,0.9903750252853623
chemotherapy,afdn,1.0029697148094872,0.9686825853312359,1.0319882951788022,1810,1037,0.9903750252853623
chemotherapy,asxl1,0.9966138718612454,0.9637923168810496,1.0475083123002504,1810,1037,0.9903750252853623
chemotherapy,flt3,0.9957094319929145,0.9672278744077671,0.9117142795079143,1810,1037,0.9903750252853623
chemotherapy,muc16,1.002382730260061,0.9703313888835461,0.9875372608438221,1810,1037,0.9903750252853623
chemotherapy,myo1a,0.9952985599331131,0.9535717765315803,1.0454002453582512,1810,1037,0.9903750252853623
chemotherapy,ppp2cb,1.0070072971260933,0.932064523596334,0.9481871862296529,1810,1037,0.9903750252853623
chemotherapy,akr1c4,1.0033694649616385,0.9634669710445655,0.9874138642301769,1810,1037,0.9903750252853623
chemotherapy,ar,1.0045487663553005,0.9500945598359404,1.0846952347712588,1810,1037,0.9903750252853623
chemotherapy,st7,1.0037486251556316,0.9616652230185663,0.9646967781688357,1810,1037,0.9903750252853623
chemotherapy,prkg1,1.0018303396435726,0.9808986320405914,0.9979214725157932,1810,1037,0.9948123854255047
chemotherapy,hes6,0.99840083221527,0.9826060984877684,1.0119970305058539,1810,1037,0.9948123854255047
chemotherapy,zfyve9,0.9985801682571986,0.9852942662816786,1.0202565288074654,1810,1037,0.9954729260573157
chemotherapy,heyl,0.999458010042653,0.9936108473060875,1.0631393700038339,1810,1037,0.9965054780092794
chemotherapy,mmp7,0.9995089444178858,0.9944237593064267,1.0046818073612405,1810,1037,0.9965054780092794
chemotherapy,ldlrap1,0.9995345921826202,0.9950381801132123,1.0132055151767736,1810,1037,0.9965054780092794
chemotherapy,pbrm1,0.9994065691266966,0.9937211882022982,0.9608994194268361,1810,1037,0.9965054780092794
chemotherapy,mecom,0.9996882777857047,0.9965054780092794,1.0497747447420223,1810,1037,0.9965054780092794
hormone_therapy,eif4e,0.761754733793533,2.353570046347799e-05,1.183891534904567,1810,1037,0.011508957526640736
hormone_therapy,twist1,0.7790244092562746,6.349612571917295e-05,1.2054986141646538,1810,1037,0.013214406128765248
hormone_therapy,dnah2,1.293832035802608,8.106997625009355e-05,0.8022348338075698,1810,1037,0.013214406128765248
hormone_therapy,setdb1,1.2752917839933158,0.0001385486376315582,0.8808287553825501,1810,1037,0.01693757095045799
hormone_therapy,pdgfra,0.7843767873246102,0.000228978565074244,1.148358372559898,1810,1037,0.02239410366426106
hormone_therapy,epcam,0.7885157905001219,0.00028566189555941616,1.1388585066207564,1810,1037,0.023281444488092416
hormone_therapy,myc,0.8038489212638551,0.0004931978066529873,1.1387419145570337,1810,1037,0.029786056708280453
hormone_therapy,mtor,1.2431570419752824,0.0005482096326677384,0.8914961122210013,1810,1037,0.029786056708280453
hormone_therapy,map3k13,1.237755720486497,0.000547836700712513,0.930785740136616,1810,1037,0.029786056708280453
hormone_therapy,ackr3,0.8012552066792337,0.000640637685052605,1.2086700828179995,1810,1037,0.03132718279907239
hormone_therapy,bap1,1.229541073186503,0.0007133903484974483,0.8697017532998704,1810,1037,0.031713443674113835
hormone_therapy,dtx3,1.2127806151251956,0.0008967360555403054,0.8689765999863248,1810,1037,0.03422724930637266
hormone_therapy,casp6,0.8090052357219288,0.0009099268731755513,1.1080677400681842,1810,1037,0.03422724930637266
hormone_therapy,mmp16,0.8107482152986094,0.0012042632204987732,1.1763705429870832,1810,1037,0.042063193915992864
hormone_therapy,smad3,1.2174880126555858,0.001550482493371656,0.9201428055414175,1810,1037,0.050545729283915986
hormone_therapy,ppp2cb,0.8045057258186191,0.0016979399160489432,1.095157169311052,1810,1037,0.05189328868424582
hormone_therapy,psen1,0.8132610745893042,0.002165309910890736,1.1468919757671847,1810,1037,0.05882425257919832
hormone_therapy,smarcd1,1.2211295453223892,0.002147660140655886,0.9597886077677859,1810,1037,0.05882425257919832
hormone_therapy,shbg,1.22524149136829,0.0022997766599098923,0.820580433578551,1810,1037,0.05918898877347038
hormone_therapy,hsd17b11,0.8277780180834953,0.0025102206508381773,1.0924377782494634,1810,1037,0.06137489491299343
hormone_therapy,smarcc2,1.2094303264588737,0.0026395566193624068,0.9105833623301599,1810,1037,0.0614639612794389
hormone_therapy,bard1,1.2165748372317244,0.0028868852987969777,0.9418927858118616,1810,1037,0.061678463248499335
hormone_therapy,fgf1,0.8207079982402774,0.0029010320137330976,1.1874687743338148,1810,1037,0.061678463248499335
hormone_therapy,dlec1,1.2110212949446464,0.004434595366171885,0.838779267539159,1810,1037,0.0822902658062429
hormone_therapy,map3k1,1.2019282275536285,0.004115154399624214,0.8475190605211147,1810,1037,0.0822902658062429
hormone_therapy,mmp21,1.2070236167852972,0.0044353318866605694,0.8611853361324472,1810,1037,0.0822902658062429
hormone_therapy,zfp36l1,0.830995671142647,0.00454363430832016,1.1417637622548522,1810,1037,0.0822902658062429
hormone_therapy,ccnd1,1.1864830610987023,0.005496732414944688,0.8817972911145392,1810,1037,0.09599650538956972
hormone_therapy,hdac1,1.1916434288251232,0.00677947758653466,0.8887602332502137,1810,1037,0.10273685781192628
hormone_therapy,rps6ka1,1.18710530919735,0.006933162183626927,0.8704055692578286,1810,1037,0.10273685781192628
hormone_therapy,sgcd,0.8375838764443119,0.006771175749296856,1.1572883917876402,1810,1037,0.10273685781192628
hormone_therapy,ran,0.8442688687488932,0.00662006140837633,1.1346659734189235,1810,1037,0.10273685781192628
hormone_therapy,spry2,0.8321509931183604,0.006392450832052896,1.0658859370117837,1810,1037,0.10273685781192628
hormone_therapy,fbxw7,1.1791506757389456,0.007307688286405429,0.9040842785400031,1810,1037,0.10296397057162146
hormone_therapy,ppp2r2a,1.185349126972932,0.0073696093456170775,0.8626619747986444,1810,1037,0.10296397057162146
hormone_therapy,mapk14,0.8431504332622636,0.00777962114012089,1.1481119344348252,1810,1037,0.10523827932042443
hormone_therapy,prkacg,1.1827685994488282,0.008149160490379259,0.9364139901740531,1810,1037,0.10523827932042443
hormone_therapy,siah1,0.8494010209441338,0.008178025795861204,1.1470996199593118,1810,1037,0.10523827932042443
hormone_therapy,akt3,0.8462469179448024,0.00852270542885158,1.1262679266702944,1810,1037,0.10686161422329288
hormone_therapy,acvr2a,0.8412704743641816,0.00879018419853771,1.0756889903278648,1810,1037,0.1074600018271235
hormone_therapy,stat2,1.1769468156652159,0.009658534355854691,0.9669820415490809,1810,1037,0.11346610117256117
hormone_therapy,mmp19,0.8366152242786501,0.00974555470193777,1.092696884373184,1810,1037,0.11346610117256117
hormone_therapy,prkd1,0.8465098742175842,0.009984274353132058,1.16000551011787,1810,1037,0.11354209671352504
hormone_therapy,bmp10,0.8487783132392134,0.010799143052738247,1.1444897403693328,1810,1037,0.12001774892702279
hormone_therapy,tp53bp1,1.1626678745621468,0.01188943794603914,0.9635577694212367,1810,1037,0.12638989468724215
hormone_therapy,ncstn,1.1714947265181173,0.01182853422778419,0.8983139225272252,1810,1037,0.12638989468724215
hormone_therapy,kmt2c,1.1613515357167952,0.012541678819483563,0.9186590143281884,1810,1037,0.13048682856866942
hormone_therapy,prkcz,1.173255051587172,0.012815588938829748,0.9248027391758681,1810,1037,0.13055881231432806
hormone_therapy,pms2,0.8597039040619527,0.016801011875941976,1.015815925674637,1810,1037,0.16442364032983092
hormone_therapy,maml3,1.152210886402681,0.020039689539346543,0.8886985562751545,1810,1037,0.16442364032983092
hormone_therapy,spen,1.1644230686795036,0.0181798415956188,0.9077755142932186,1810,1037,0.16442364032983092
hormone_therapy,bcl2l1,1.1592010913165929,0.02032684289766098,0.9438076265573688,1810,1037,0.16442364032983092
hormone_therapy,eif4ebp1,0.8648340487387808,0.020469932684670896,1.1498454193133858,1810,1037,0.16442364032983092
hormone_therapy,map2k2,1.1597456353627085,0.02019378999555018,0.9244464246821692,1810,1037,0.16442364032983092
hormone_therapy,opcml,1.1706120057414942,0.016880919045483323,0.8930242185716085,1810,1037,0.16442364032983092
hormone_therapy,pik3r2,1.166511039989624,0.01755076687959318,0.940482279003066,1810,1037,0.16442364032983092
hormone_therapy,tert,0.8666399813545608,0.020510924458322467,1.1002341545319623,1810,1037,0.16442364032983092
hormone_therapy,map4,1.1435071321228798,0.017396331997231708,0.9557257044765387,1810,1037,0.16442364032983092
hormone_therapy,cyp21a2,1.1559733450046188,0.019603613355475044,0.9121296316132822,1810,1037,0.16442364032983092
hormone_therapy,srd5a1,1.1484869116636447,0.019930086390574007,1.0223679539912507,1810,1037,0.16442364032983092
hormone_therapy,srd5a3,0.8683141341638049,0.020386498763779962,1.081668276401263,1810,1037,0.16442364032983092
hormone_therapy,setd2,1.1588146431353403,0.022353482120634607,0.9289500539588346,1810,1037,0.17630407672565038
hormone_therapy,folr2,0.8602481655527958,0.023673549538824175,1.0794286769325756,1810,1037,0.1808971651995621
hormone_therapy,hif1a,0.8702331677775123,0.02404563545597451,1.1471406783172187,1810,1037,0.1808971651995621
hormone_therapy,tnk2,1.1535282967602536,0.023842238148176466,0.9131713833618192,1810,1037,0.1808971651995621
hormone_therapy,erbb3,1.1602528466833932,0.024548542463044474,0.8967326485372059,1810,1037,0.18188238279437496
hormone_therapy,erbb2,0.8635853632031235,0.02549988285788089,1.2238296781318014,1810,1037,0.18611108533587692
hormone_therapy,cdkn2a,1.1591474999324964,0.02972312962834507,0.9013292799788302,1810,1037,0.2083013683817179
hormone_therapy,diras3,0.8629525378871751,0.03059402919859946,1.0330775060164885,1810,1037,0.2083013683817179
hormone_therapy,smad1,0.869201945060555,0.030569795631807506,1.126680792729624,1810,1037,0.2083013683817179
hormone_therapy,sbno1,0.8677541336155378,0.030670140129823494,1.1386591121635303,1810,1037,0.2083013683817179
hormone_therapy,stab2,0.8517175400357866,0.02997818990055938,1.1249881520053029,1810,1037,0.2083013683817179
hormone_therapy,cdc25a,1.1408350847750226,0.033409301380141476,0.9652685135724786,1810,1037,0.2149624786169629
hormone_therapy,hes1,0.8711160244661569,0.032954447637767274,1.1984823140446113,1810,1037,0.2149624786169629
hormone_therapy,runx1,1.1408532939436244,0.032930870394789424,0.9427864211812093,1810,1037,0.2149624786169629
hormone_therapy,sdc4,1.145635553980505,0.03325422949301658,0.9418025943537787,1810,1037,0.2149624786169629
hormone_therapy,tubb4b,1.1460993671979367,0.03538966790483606,0.9967690890734553,1810,1037,0.22396395832005916
hormone_therapy,asxl2,1.1407925512896178,0.03572431237007079,0.9477735158265467,1810,1037,0.22396395832005916
hormone_therapy,hsd3b7,1.142648576125862,0.03659050116604736,0.8366300800088173,1810,1037,0.2264905705088248
hormone_therapy,large1,1.1428023013231474,0.03707086197775698,0.9324245715474253,1810,1037,0.22659564383903955
hormone_therapy,tubb4a,0.8838497289369079,0.039105777724853,1.0916126306505616,1810,1037,0.23039428081268815
hormone_therapy,ar,1.1411873127521368,0.038885634193612864,0.9829965395676369,1810,1037,0.23039428081268815
hormone_therapy,slc29a1,0.8810214365098508,0.03872725945645438,1.0762477169987381,1810,1037,0.23039428081268815
hormone_therapy,ncoa2,0.8775943532910037,0.041460082178887026,1.0836949885761653,1810,1037,0.24135690696994946
hormone_therapy,acvr1b,1.1364250027730594,0.042953577790403284,0.9895971116556588,1810,1037,0.24174354925730893
hormone_therapy,rheb,0.8914189322303402,0.04300958851817153,1.051813616295921,1810,1037,0.24174354925730893
hormone_therapy,sik1,0.8762844997334072,0.042147726527582294,1.049174963030301,1810,1037,0.24174354925730893
hormone_therapy,rb1,0.8817480701866038,0.04435707276758409,1.1147069107179188,1810,1037,0.24401736700231044
hormone_therapy,map2,1.1389523485392088,0.044412158820461414,1.0296850549137715,1810,1037,0.24401736700231044
hormone_therapy,dph1,0.880416807984254,0.04512777638950993,1.0546608206688943,1810,1037,0.24519425171633732
hormone_therapy,pdgfb,1.1280831092862,0.04595284876105457,0.9897039312190348,1810,1037,0.24693344004566686
hormone_therapy,acvr2b,1.124298296028213,0.047790718142188694,0.9196560523845138,1810,1037,0.25128667926376635
hormone_therapy,bcl2,1.1360909886252972,0.047581765380948216,0.7841609640026271,1810,1037,0.25128667926376635
hormone_therapy,fas,0.8768382498279562,0.04971722427913252,1.0179600754128548,1810,1037,0.25591287023679793
hormone_therapy,tgfbr2,0.8880577988175721,0.049480002598774046,1.0811135668540952,1810,1037,0.25591287023679793
hormone_therapy,aph1b,1.134382049106352,0.05046108543901805,0.8521647377909477,1810,1037,0.2570361539549982
hormone_therapy,tsc2,1.1262265625474683,0.05320360007720981,0.9346472862761512,1810,1037,0.26547510650771017
hormone_therapy,met,0.8859358604103871,0.05277863695384052,1.0621743226459706,1810,1037,0.26547510650771017
hormone_therapy,adam10,0.8919210350758588,0.05696864469047626,1.0847123064674449,1810,1037,0.27370484491832603
hormone_therapy,hdac2,0.8883039088183455,0.05778859308388503,1.109376504946782,1810,1037,0.27370484491832603
hormone_therapy,snw1,0.8823125836456734,0.05877097897019271,1.0509148019624253,1810,1037,0.27370484491832603
hormone_therapy,bmp3,0.8811867756634009,0.05762071909433069,1.1017368171640032,1810,1037,0.27370484491832603
hormone_therapy,kit,0.8831585669619264,0.05661866393952781,1.0443463395315966,1810,1037,0.27370484491832603
hormone_therapy,myo3a,1.1324306113336435,0.05862950211288545,0.9526871723747328,1810,1037,0.27370484491832603
hormone_therapy,npnt,1.1308704139115016,0.05665302284843474,0.9305539796322924,1810,1037,0.27370484491832603
hormone_therapy,cdkn1a,0.8834889934092743,0.059921010384778456,1.0906687543020828,1810,1037,0.27642805734110065
hormone_therapy,stat1,1.1268744333412888,0.06245461629699665,0.9609287424723242,1810,1037,0.2801863061397372
hormone_therapy,numb,1.12647181353377,0.06179465701924895,0.9497916900129723,1810,1037,0.2801863061397372
hormone_therapy,hsd17b14,1.1278891524460815,0.062231605843352494,0.8668994744007187,1810,1037,0.2801863061397372
hormone_therapy,hsd17b6,0.8865782177246363,0.06408882569375611,1.1287397831957748,1810,1037,0.28490396149315217
hormone_therapy,numbl,0.8891864164064353,0.06580399259360363,1.064316414603214,1810,1037,0.2862312443583113
hormone_therapy,igf1,0.8719679390782248,0.06536063500724383,0.9908060796628215,1810,1037,0.2862312443583113
hormone_therapy,map3k5,1.1255724501189868,0.06648888144852487,0.9294029776341889,1810,1037,0.2862312443583113
hormone_therapy,thada,1.117690802479933,0.06672875635347135,0.9260194421861361,1810,1037,0.2862312443583113
hormone_therapy,sf3b1,0.890548779609775,0.06782053077253467,1.0896193214020424,1810,1037,0.28838469171973435
hormone_therapy,msh2,0.8856113893558833,0.06946514372006944,1.0531510205462113,1810,1037,0.2911062641953389
hormone_therapy,kmt2d,0.8937364575638898,0.06965119204673753,1.038106151040727,1810,1037,0.2911062641953389
hormone_therapy,e2f5,0.8936754784366835,0.07206430345120397,1.0793539198605466,1810,1037,0.2980394668330232
hormone_therapy,syne1,0.8814555058005257,0.07252903180599132,1.0052599932598947,1810,1037,0.2980394668330232
hormone_therapy,ccna1,1.1276714024385472,0.07327163513304157,0.975475433681299,1810,1037,0.2985053925607548
hormone_therapy,ptprd,0.8893580769794801,0.07386329754570825,1.0969383572605234,1810,1037,0.2985053925607548
hormone_therapy,stmn2,0.8816115623268466,0.07661222019828579,1.0441797008128615,1810,1037,0.30707684981116184
hormone_therapy,aph1a,0.8940766315751981,0.08138335660853015,1.021136004043416,1810,1037,0.3133579636344192
hormone_therapy,jag1,1.1182113296137253,0.08083551695109575,0.9305927969744973,1810,1037,0.3133579636344192
hormone_therapy,erbb4,1.1128787310613621,0.07901058608964695,0.943653908358458,1810,1037,0.3133579636344192
hormone_therapy,col6a3,0.8944074490217957,0.08072865193392927,1.1582647957809509,1810,1037,0.3133579636344192
hormone_therapy,akr1c4,0.8908124572527096,0.0798861911074322,1.0756634318726945,1810,1037,0.3133579636344192
hormone_therapy,pbrm1,1.1167982733040327,0.08287371901089083,0.8868424621829964,1810,1037,0.31660350465879383
hormone_therapy,arid5b,0.8959815431528655,0.08418732470847352,1.107485268974662,1810,1037,0.31667385986495045
hormone_therapy,nt5e,0.8988241993154067,0.08417635952484454,1.0993858288842606,1810,1037,0.31667385986495045
hormone_therapy,tbx3,1.1204503620473074,0.08524141242646505,0.8764662709672058,1810,1037,0.31819122653848403
hormone_therapy,fgfr1,0.8882712092014217,0.08776967845839881,1.0984941019027623,1810,1037,0.3230139327350951
hormone_therapy,lifr,0.8814939065344195,0.08785450522242873,1.0135842115607918,1810,1037,0.3230139327350951
hormone_therapy,hsd17b13,0.8913462259248116,0.09039176708547282,0.9908638993346022,1810,1037,0.32986249331937467
hormone_therapy,rbl1,1.112134591773942,0.09132074023489432,0.969961453031218,1810,1037,0.3307840146286172
hormone_therapy,cdkn2b,1.1164692048292155,0.09314108579882326,0.9621593847357663,1810,1037,0.3324524887271867
hormone_therapy,kdm3a,0.8982779711144421,0.09296227511244398,1.0390468199279388,1810,1037,0.3324524887271867
hormone_therapy,cul1,1.1109897419659043,0.09541909664290761,0.889733297362406,1810,1037,0.33811549462595525
hormone_therapy,nfkb2,1.1065599513151518,0.09986060208690617,0.9353081568220806,1810,1037,0.3513081612985404
hormone_therapy,bmf,1.1110706312049574,0.10380037570795553,1.0105822420850654,1810,1037,0.3625598837227875
hormone_therapy,itch,1.105762925161144,0.10511575707959317,0.8938538088796777,1810,1037,0.36455039157390823
hormone_therapy,nrip1,1.1031842216042804,0.10889648627079664,0.8719799728036666,1810,1037,0.3750026886367574
hormone_therapy,ctbp1,1.106982961821684,0.10974310765191558,0.8834732838184715,1810,1037,0.3752753821103966
hormone_therapy,pten,1.1095546244371863,0.11257338549681165,0.8993677462686145,1810,1037,0.37907477557292174
hormone_therapy,e2f7,1.1069533167424912,0.11295368041303278,1.0120127994117984,1810,1037,0.37907477557292174
hormone_therapy,pik3r3,1.101272438010469,0.11317978984385801,0.9424976818893107,1810,1037,0.37907477557292174
hormone_therapy,acvr1,0.9045932625910428,0.11487137377475637,1.1234296363779201,1810,1037,0.3821231413323528
hormone_therapy,foxo3,1.1023858134723599,0.11990628254306926,0.9753315631295767,1810,1037,0.39617683894297884
hormone_therapy,notch3,1.1008761590555576,0.12184126105648678,1.0212503099507912,1810,1037,0.3966737687479875
hormone_therapy,rps6,0.9088011491468783,0.12139987309371451,0.9917186172786643,1810,1037,0.3966737687479875
hormone_therapy,taf1,1.1063029482543192,0.12249026396921496,0.9808960123767423,1810,1037,0.3966737687479875
hormone_therapy,rad51c,0.904825891272505,0.12435847230149952,1.0162846446661051,1810,1037,0.39745943108126314
hormone_therapy,cdk1,0.9077148165457607,0.12401057246216828,1.1369301475281297,1810,1037,0.39745943108126314
hormone_therapy,pik3r1,1.0998022279916342,0.12617741934725618,0.9514489769132437,1810,1037,0.39806940684392433
hormone_therapy,palld,0.908380862072426,0.12546755634374784,1.1080244322663013,1810,1037,0.39806940684392433
hormone_therapy,cir1,0.901216064113117,0.12749814832006626,0.9705329863164133,1810,1037,0.39965765723405383
hormone_therapy,cbfb,0.9122267370304685,0.12934913698663503,1.0932210614066902,1810,1037,0.40032739231939574
hormone_therapy,clrn2,0.905269458136706,0.12884577743116982,1.039977655373177,1810,1037,0.40032739231939574
hormone_therapy,cdkn2c,0.889075599883812,0.13064482107306355,0.9843470601846931,1810,1037,0.4017944497152709
hormone_therapy,map2k5,1.1018447130025255,0.13432132906140232,0.9499608028613099,1810,1037,0.4105195619439108
hormone_therapy,dll1,0.9129388941430754,0.13804609314675031,1.1050081940511407,1810,1037,0.41449185984003917
hormone_therapy,bmpr1b,1.1066040007303368,0.13816395328001305,0.8935115328892507,1810,1037,0.41449185984003917
hormone_therapy,myo1a,1.1003590172638678,0.1370857028745902,0.9862422734886312,1810,1037,0.41449185984003917
hormone_therapy,bmp6,0.9132766237184883,0.14174713614386442,1.0294629738892407,1810,1037,0.41951278150411964
hormone_therapy,terc,0.9057214570556447,0.14241129188074408,1.0724474085741829,1810,1037,0.41951278150411964
hormone_therapy,gata3,1.1019031913226773,0.14233181998388905,0.8647174937474039,1810,1037,0.41951278150411964
hormone_therapy,foxp1,1.0926470209255634,0.14389157982062936,0.9038099267246597,1810,1037,0.4210456204068161
hormone_therapy,sox9,1.1015129526279719,0.14465371007841535,0.9574553518742025,1810,1037,0.4210456204068161
hormone_therapy,ubr5,0.9127488529342249,0.14578622246984585,1.0869478778818151,1810,1037,0.42183114075594447
hormone_therapy,mapt,1.0973546306686788,0.1484242554963863,0.852383068855049,1810,1037,0.42444129203352576
hormone_therapy,ttyh1,0.9076229935498172,0.14816964294531262,1.058480854098094,1810,1037,0.42444129203352576
hormone_therapy,dtx4,0.9132222401635265,0.15084107270266456,1.1012659248989431,1810,1037,0.4288446776255987
hormone_therapy,casp8,0.910180976503724,0.1577790930619859,1.0290218490637932,1810,1037,0.4459767428168272
hormone_therapy,casp10,1.0958820892235945,0.16103193484225473,1.0079795059705923,1810,1037,0.45116666811315914
hormone_therapy,sptbn1,1.090758655573793,0.1622534325309552,0.933494081634106,1810,1037,0.45116666811315914
hormone_therapy,asxl1,1.0953071175548905,0.16238309527181188,0.9708136719940527,1810,1037,0.45116666811315914
hormone_therapy,rbl2,0.9162135361974261,0.1634224402762291,1.059694278049061,1810,1037,0.4514891146614465
hormone_therapy,cdkn1b,0.9140282881526147,0.16696561996918785,1.0004560755459606,1810,1037,0.4571342605679956
hormone_therapy,jak1,0.9204999074611486,0.16827027996367935,1.039461879697769,1810,1037,0.4571342605679956
hormone_therapy,maml1,1.092373967485467,0.16769817909332474,1.0478390407776128,1810,1037,0.4571342605679956
hormone_therapy,e2f2,1.0926951689502524,0.1703105993003734,1.014284466412701,1810,1037,0.45745578266880343
hormone_therapy,mmp23b,1.0898539863216925,0.17100476231154893,0.965946818265476,1810,1037,0.45745578266880343
hormone_therapy,rassf1,1.090735623689746,0.1711951088515154,0.9148497013124262,1810,1037,0.45745578266880343
hormone_therapy,slc19a1,0.9167118613814906,0.17293740674303215,1.1012867926096463,1810,1037,0.45959995596381914
hormone_therapy,hes4,1.0888366182408946,0.17775961309714347,0.9895058357883662,1810,1037,0.4698618962405576
hormone_therapy,nf1,1.0909200240508603,0.18422681658160805,0.9633535540504394,1810,1037,0.4702140567005227
hormone_therapy,folr3,0.9172439675034602,0.18182039785510373,1.0970540501054384,1810,1037,0.4702140567005227
hormone_therapy,plagl1,0.9207024269996734,0.18462392410327272,1.0855486298887163,1810,1037,0.4702140567005227
hormone_therapy,clk3,1.0922433224695907,0.1831178007057634,0.9419560872250093,1810,1037,0.4702140567005227
hormone_therapy,lamb3,1.0885376476968711,0.18305107028300094,0.9436012239542558,1810,1037,0.4702140567005227
hormone_therapy,akr1c2,0.9155750445594745,0.18048050920946382,1.0643362425638825,1810,1037,0.4702140567005227
hormone_therapy,cdk8,0.9216327112504017,0.17993201096687672,1.1027793915720203,1810,1037,0.4702140567005227
hormone_therapy,cyp3a5,1.0897646976161328,0.18619889857974226,0.9444085499741981,1810,1037,0.47176819381084956
hormone_therapy,tulp4,1.0858440065911505,0.18777373500132735,0.9672394056465019,1810,1037,0.47330596090540755
hormone_therapy,wfdc2,1.0910022883801052,0.19118374481528444,0.9153466624971361,1810,1037,0.4794300062290979
hormone_therapy,casp7,0.9202518535176236,0.19356220841227909,1.024787806550809,1810,1037,0.48291795874287996
hormone_therapy,rps6kb1,0.9188751496125679,0.19546027071932848,1.0517745954470845,1810,1037,0.4851780323946783
hormone_therapy,ctnna3,0.9198883509963646,0.1969536473368254,1.1238349351706725,1810,1037,0.48641582599852334
hormone_therapy,cdk2,1.0891001166604757,0.1988500803058495,1.00820285501096,1810,1037,0.48863160436965025
hormone_therapy,mmp9,0.9185062479015641,0.20033595411864627,1.1543904839856387,1810,1037,0.48982140782009015
hormone_therapy,mmp1,0.9238013530602605,0.20345331403307468,1.0329048193915404,1810,1037,0.4949685102595697
hormone_therapy,setd1a,1.078170725692966,0.20815845901236726,0.938922383017241,1810,1037,0.5039083487972653
hormone_therapy,rictor,0.9209085507137964,0.2113039732251005,1.030938807995727,1810,1037,0.5065178632017497
hormone_therapy,hsd17b2,0.924980781353489,0.2113080656301778,1.1105109830789617,1810,1037,0.5065178632017497
hormone_therapy,bmpr1a,0.9248630266512099,0.2144155641863819,1.053223314413665,1810,1037,0.5087788130900608
hormone_therapy,map2k1,0.9282290995021495,0.21375136294756772,1.08461160222131,1810,1037,0.5087788130900608
hormone_therapy,bbc3,0.922048841625997,0.21537262640008706,1.0508231560486037,1810,1037,0.5087788130900608
hormone_therapy,bche,0.9229269545078932,0.21695657104410931,1.0970508384998752,1810,1037,0.5100565540411993
hormone_therapy,mecom,1.0817005384698208,0.21887430045411732,0.9948226060353157,1810,1037,0.5121030283352315
hormone_therapy,nbn,1.0797623574394437,0.22734786759663833,0.9108867503431473,1810,1037,0.5146903113646117
hormone_therapy,bmp2,0.9227440902460917,0.2230474185062146,1.0582995599868419,1810,1037,0.5146903113646117
hormone_therapy,folr1,0.9274915788904102,0.22479838117860895,1.062038359768541,1810,1037,0.5146903113646117
hormone_therapy,mapk9,0.9285305621653335,0.22678192339785583,1.1428988311204058,1810,1037,0.5146903113646117
hormone_therapy,dnah5,1.0767417093932508,0.22251802696376094,0.9562977144439518,1810,1037,0.5146903113646117
hormone_therapy,cyp3a7,0.9151001003267628,0.22522430585069114,1.0993488140479006,1810,1037,0.5146903113646117
hormone_therapy,hsd3b2,0.9256727529222385,0.2272757181912491,1.0264859931407446,1810,1037,0.5146903113646117
hormone_therapy,mmp13,0.9257707307929546,0.22880634957151275,1.085031549499677,1810,1037,0.5156050918915656
hormone_therapy,pdgfa,0.9241932598728846,0.2324428912817623,1.0699920983871907,1810,1037,0.5213971276916595
hormone_therapy,map2k4,1.0801724991397328,0.23516405174779204,0.8690591416969767,1810,1037,0.5250923347245219
hormone_therapy,heyl,1.0747029146828764,0.2403986970415063,1.0054968900244985,1810,1037,0.5259831173659206
hormone_therapy,mapk8,0.9282505755716535,0.24201677179413528,1.015189766547687,1810,1037,0.5259831173659206
hormone_therapy,lama2,0.9251412905369689,0.23723665053755155,1.0029580853450415,1810,1037,0.5259831173659206
hormone_therapy,nr2f1,0.9292801837646435,0.24054254723440505,1.1358648170361423,1810,1037,0.5259831173659206
hormone_therapy,nrg3,1.0811571396316848,0.24186424043492816,1.0140560889361339,1810,1037,0.5259831173659206
hormone_therapy,akr1c1,0.9255647988825049,0.2413612061859924,1.0068213302119766,1810,1037,0.5259831173659206
hormone_therapy,nek1,0.9275946974702725,0.2433365807356414,0.9748997841171297,1810,1037,0.5265114512377373
hormone_therapy,jak2,1.0785746800404998,0.24672143247359535,0.8851613811214651,1810,1037,0.5288043492255539
hormone_therapy,dtx2,1.077376074050066,0.24764048256166016,1.0106187795992314,1810,1037,0.5288043492255539
hormone_therapy,ncoa3,1.0762186985811026,0.24648937621757996,1.0092445570834405,1810,1037,0.5288043492255539
hormone_therapy,akt1s1,1.0689760410795,0.2571346527401414,0.9539068991150969,1810,1037,0.5429157446658727
hormone_therapy,igf1r,1.0745194586611297,0.25757965800098664,0.8558474089242896,1810,1037,0.5429157446658727
hormone_therapy,raf1,1.0772125917256132,0.2559501455865883,1.0297308819222224,1810,1037,0.5429157446658727
hormone_therapy,abcb11,0.9299329495999978,0.26529830745246274,1.0802721056542266,1810,1037,0.5567848598465849
hormone_therapy,mmp10,0.9260708121445492,0.2693040009804232,1.039131729530642,1810,1037,0.5603815169337316
hormone_therapy,rps6kb2,1.0731079319267904,0.2691841658347149,1.03792242960295,1810,1037,0.5603815169337316
hormone_therapy,birc6,1.0724953505099328,0.2707151221903198,0.9335777821994534,1810,1037,0.5609309099621457
hormone_therapy,eif5a2,1.0683162594712972,0.2751139885465066,0.9527208743812543,1810,1037,0.5676402548491212
hormone_therapy,e2f6,1.071318947329243,0.27716904737558723,0.8992358514167701,1810,1037,0.569477580532194
hormone_therapy,atm,0.9333584358125401,0.28535571657143344,1.0232162223637318,1810,1037,0.5832473293592282
hormone_therapy,foxo1,0.9330137514179382,0.28625635796771937,1.0835833214082622,1810,1037,0.5832473293592282
hormone_therapy,dll4,0.9374378599418637,0.2931184678320591,1.0851346414500778,1810,1037,0.5941817278707835
hormone_therapy,gdf11,1.0635382552380552,0.298702447394655,0.9935309385490493,1810,1037,0.5941817278707835
hormone_therapy,mapk12,0.9387051401358181,0.29891350727241867,1.033055356409911,1810,1037,0.5941817278707835
hormone_therapy,cyb5a,0.9371950992709048,0.2957206056666639,1.0310588064769333,1810,1037,0.5941817278707835
hormone_therapy,serpini1,1.0762955477815896,0.2962165721967457,0.9629837487628902,1810,1037,0.5941817278707835
hormone_therapy,srd5a2,0.9365574362170143,0.2976691506315495,1.0607350483918736,1810,1037,0.5941817278707835
hormone_therapy,smad2,0.9353333627713107,0.3015498791560799,1.0328965202697848,1810,1037,0.5949788731889902
hormone_therapy,star,1.0729607390476052,0.3017479765866454,0.9800894210426538,1810,1037,0.5949788731889902
hormone_therapy,mapk6,0.9424764637270466,0.3113973578849753,1.0809661839802627,1810,1037,0.6115393895813371
hormone_therapy,chek2,0.9387099409240025,0.31664363810237484,0.9979437397835257,1810,1037,0.6120108262136811
hormone_therapy,cxcl8,0.9405431302568359,0.3132886229240162,1.1143637631844394,1810,1037,0.6120108262136811
hormone_therapy,cxcr1,0.9366407032510856,0.3146512169617681,1.0629596270542814,1810,1037,0.6120108262136811
hormone_therapy,rad51,0.942490234869191,0.3157941170773898,1.0311041588356156,1810,1037,0.6120108262136811
hormone_therapy,smad5,0.9350662862148883,0.32547633641927504,0.9900125667032671,1810,1037,0.6192915506187763
hormone_therapy,wwox,1.0630116192226509,0.3248241315728994,0.9893995072844308,1810,1037,0.6192915506187763
hormone_therapy,abcb1,0.9352082344614989,0.325334308387345,0.9825568260672443,1810,1037,0.6192915506187763
hormone_therapy,aff2,0.9397048510535669,0.32222563632175927,1.0323175944118328,1810,1037,0.6192915506187763
hormone_therapy,hsd17b4,1.0654238898264858,0.329398888851148,0.952207086348132,1810,1037,0.6243258009620596
hormone_therapy,mmp2,0.9389755044297329,0.3325157584044193,1.0965729254978986,1810,1037,0.62780002262456
hormone_therapy,apc,0.940736141788854,0.334249655438849,1.0562018243808522,1810,1037,0.6283876682458933
hormone_therapy,hsd17b12,0.9424299005944173,0.3353970990024093,1.058692767186795,1810,1037,0.6283876682458933
hormone_therapy,smad7,0.9421615317444183,0.33909638580971746,1.1212843817142388,1810,1037,0.6328936361105032
hormone_therapy,ccne1,1.0609213734297227,0.34312028782028675,1.0398992526250714,1810,1037,0.6379689001677574
hormone_therapy,mmp14,0.9424032877740994,0.3502738907942924,1.083302641479405,1810,1037,0.6488027749939734
hormone_therapy,bmpr2,0.9425019896514202,0.35401694364488856,1.031177165097375,1810,1037,0.6517106422124613
hormone_therapy,vegfa,1.059377164185773,0.3545092654979851,1.097739551671044,1810,1037,0.6517106422124613
hormone_therapy,col22a1,1.0552452243163986,0.35643151231960013,1.0065595578740685,1810,1037,0.6527902978437621
hormone_therapy,cyp3a43,1.0617857207146217,0.36277777107221876,0.9468574340754303,1810,1037,0.6619340673668469
hormone_therapy,bmp4,1.0569209572772453,0.36516179498872725,0.980390193223413,1810,1037,0.6638071291802514
hormone_therapy,dnah11,0.9530362808760727,0.36688804246394513,1.1011531372544416,1810,1037,0.6644750102402561
hormone_therapy,tubb1,1.060704702911388,0.37016960423805056,0.9592991600199515,1810,1037,0.665488737030907
hormone_therapy,rasgef1b,0.9428416578756087,0.3700878493716855,1.0067780666007544,1810,1037,0.665488737030907
hormone_therapy,arl11,1.056160661624431,0.37808382228159054,0.9904170315229854,1810,1037,0.6740116296061844
hormone_therapy,tgfb1,0.9439015434791256,0.3782048667748338,1.0642602220966975,1810,1037,0.6740116296061844
hormone_therapy,ctcf,1.0588321687555553,0.3790453949728031,1.0476891792691196,1810,1037,0.6740116296061844
hormone_therapy,e2f1,1.0577257423220947,0.3843315856156506,0.9765739589560966,1810,1037,0.674250715507917
hormone_therapy,kdm5a,1.0570148295700201,0.38363987069296834,1.0450787740053993,1810,1037,0.674250715507917
hormone_therapy,mmp25,1.0603247265448135,0.3806922366213966,0.8526702167595095,1810,1037,0.674250715507917
hormone_therapy,pdpk1,0.9484708004338243,0.38469519351065207,1.0829654236319746,1810,1037,0.674250715507917
hormone_therapy,stk11,1.0551761443443728,0.3898452574766187,0.9469306363212712,1810,1037,0.6760082656243495
hormone_therapy,rfng,0.9463358975610805,0.38948058503366045,1.0434319345307232,1810,1037,0.6760082656243495
hormone_therapy,hsd17b8,0.9465147653674951,0.38729643666946223,0.999215638262507,1810,1037,0.6760082656243495
hormone_therapy,tsc1,1.0552159150497284,0.39602223963116,0.9256836632078613,1810,1037,0.6842928451577288
hormone_therapy,akt1,1.052410807406206,0.4043013556996079,1.0623831335057474,1810,1037,0.6898855195948349
hormone_therapy,col12a1,0.9482926050785269,0.4025323560679809,1.1006030360491375,1810,1037,0.6898855195948349
hormone_therapy,ctnna1,1.0532380960503536,0.40490213522232643,1.0607522413844666,1810,1037,0.6898855195948349
hormone_therapy,herc2,1.052876481745693,0.4040356642147914,0.9911352551581684,1810,1037,0.6898855195948349
hormone_therapy,adam17,0.9509013019588823,0.40721366184149266,1.094520912226691,1810,1037,0.6914148633350343
hormone_therapy,mmp27,1.0598004803126364,0.40972007894620255,0.925848382321175,1810,1037,0.6932633861754085
hormone_therapy,csf1,0.9469408434715723,0.412708115919455,1.036911555903894,1810,1037,0.6953801848035873
hormone_therapy,prkci,0.9494396305426325,0.4138152019996808,1.0120289653237495,1810,1037,0.6953801848035873
hormone_therapy,bmp5,1.050499466132923,0.4161066151004307,0.9701064450464498,1810,1037,0.6967948006004425
hormone_therapy,fn1,0.9485648015492955,0.41750690506325083,1.1670698996037348,1810,1037,0.6967948006004425
hormone_therapy,dll3,0.9532018852016377,0.42091395085591565,1.1013662580327597,1810,1037,0.6977183795543822
hormone_therapy,mapk4,1.0506949542229411,0.4204661508579547,0.9912928714756852,1810,1037,0.6977183795543822
hormone_therapy,rad51d,1.0552188542766203,0.42442851123817504,0.9432351841595077,1810,1037,0.6981381280039548
hormone_therapy,klrg1,1.0561480024342271,0.42350245014960863,0.9378520768459537,1810,1037,0.6981381280039548
hormone_therapy,hsd17b1,1.054109464943826,0.4254502293357434,0.8919447737669121,1810,1037,0.6981381280039548
hormone_therapy,maml2,0.9519057626602233,0.44083996764068156,1.0474331651799025,1810,1037,0.7008275190005899
hormone_therapy,notch2,1.0503361865667669,0.4341529263961431,0.9786900756251381,1810,1037,0.7008275190005899
hormone_therapy,casp3,0.9514986638461203,0.43119320375197767,1.112735641104574,1810,1037,0.7008275190005899
hormone_therapy,cxcr2,0.9507271349185306,0.44107278487327495,1.0109428128162412,1810,1037,0.7008275190005899
hormone_therapy,smad4,0.9554989333445623,0.43754050499286257,1.003973561123804,1810,1037,0.7008275190005899
hormone_therapy,smad6,1.0494564650797076,0.43145997397623015,1.0771295142402577,1810,1037,0.7008275190005899
hormone_therapy,ahnak2,0.9519227284785491,0.44142101401264144,1.0947328815142285,1810,1037,0.7008275190005899
hormone_therapy,ccnd3,1.0508866164595476,0.4389453452639128,0.9749756434607316,1810,1037,0.7008275190005899
hormone_therapy,hdac9,0.9510275419982029,0.42897186534656895,1.0155230582633878,1810,1037,0.7008275190005899
hormone_therapy,prkce,1.050285165156247,0.43667475695912117,0.9669386712872001,1810,1037,0.7008275190005899
hormone_therapy,taf4b,0.9501599728948663,0.4459203015798491,0.9663106736914667,1810,1037,0.7056797005584019
hormone_therapy,agmo,0.953985931839185,0.44855531896276957,1.0244826267061913,1810,1037,0.7075598418477237
hormone_therapy,acvrl1,0.952085209296284,0.45176523918928324,1.035435771302815,1810,1037,0.7080551344985881
hormone_therapy,ugt2b15,0.9456251417667533,0.45156391050381084,1.0072312419894704,1810,1037,0.7080551344985881
hormone_therapy,rdh5,1.0550264719519624,0.46047493571140274,0.8945606942095633,1810,1037,0.7194001391785173
hormone_therapy,ncor2,1.0454038787527689,0.46629133981722815,1.0048847118520186,1810,1037,0.7246164666377765
hormone_therapy,rbpjl,1.044989290324096,0.4684733381137274,1.0380347022851502,1810,1037,0.7246164666377765
hormone_therapy,hla-g,0.9543114256841444,0.4712229783043209,0.9746016317073819,1810,1037,0.7246164666377765
hormone_therapy,mmp26,0.9548334148893045,0.470988327198103,1.041030143234178,1810,1037,0.7246164666377765
hormone_therapy,mmp28,0.9536650355546904,0.4701312467808163,1.027038266133669,1810,1037,0.7246164666377765
hormone_therapy,nf2,0.9565894097404288,0.4800940340497577,1.038012329094589,1810,1037,0.7359435192800361
hormone_therapy,inha,0.9573448079177707,0.4839457605066326,0.9973080340580877,1810,1037,0.7360187697839832
hormone_therapy,mlst8,1.045440882115791,0.484658576422173,0.9416024765301708,1810,1037,0.7360187697839832
hormone_therapy,mmp12,0.9565914508710895,0.48173297126476156,1.0328018490253494,1810,1037,0.7360187697839832
hormone_therapy,ptpn22,0.9538931519412466,0.48707071419940495,0.9638366871044727,1810,1037,0.7373918862028143
hormone_therapy,nfkb1,1.0461430695235336,0.4902058708676068,0.9205068682634612,1810,1037,0.7385729513274394
hormone_therapy,hist1h2bc,0.9561215722705386,0.4908715934180323,1.0379963935155794,1810,1037,0.7385729513274394
hormone_therapy,ep300,1.0416791259529072,0.49749298862210045,1.0359946350960412,1810,1037,0.7462394829331507
hormone_therapy,map3k4,1.0442826619869348,0.502071481521233,1.0502606976386673,1810,1037,0.7491617237236164
hormone_therapy,slco1b3,1.0452942245070853,0.5025052052788266,0.9837166869779261,1810,1037,0.7491617237236164
hormone_therapy,jag2,1.0432628147396774,0.5130595844380128,1.032239673313619,1810,1037,0.7556811349102056
hormone_therapy,gsk3b,1.0412153130085655,0.5095060953223222,1.1316103036300804,1810,1037,0.7556811349102056
hormone_therapy,kras,1.0432468667019665,0.5105984907268887,1.092525032661307,1810,1037,0.7556811349102056
hormone_therapy,ush2a,0.9586986579866675,0.5122601429766341,1.0788623726788915,1810,1037,0.7556811349102056
hormone_therapy,lfng,1.0421645886031932,0.5152745985203131,0.97279785511138,1810,1037,0.7566645005298291
hormone_therapy,hes7,0.9586825662793057,0.5187959442300105,1.0763426379929464,1810,1037,0.759554541103219
hormone_therapy,e2f4,0.9602667250328341,0.5209314961225708,1.0860750747069465,1810,1037,0.7604044823998124
hormone_therapy,brca2,1.041888953651919,0.5306170196979605,0.9701460957893039,1810,1037,0.7645406040138799
hormone_therapy,tgfb3,1.0414814274502662,0.5263206144772234,0.9541042287221287,1810,1037,0.7645406040138799
hormone_therapy,adgra2,0.9595754425862829,0.5290048265688208,1.0355970894227164,1810,1037,0.7645406040138799
hormone_therapy,gh1,1.0403694972725315,0.5295117811110259,0.981211150306125,1810,1037,0.7645406040138799
hormone_therapy,akr1c3,0.9605555924754254,0.5315824240587304,0.9881303299767289,1810,1037,0.7645406040138799
hormone_therapy,stat3,0.9643158995486989,0.5399191023819935,1.0178665348634062,1810,1037,0.7742245900268212
hormone_therapy,braf,1.0376841575939255,0.5462320727183094,0.9585138803007417,1810,1037,0.7742245900268212
hormone_therapy,map2k3,1.0395805897164876,0.5447379165143427,1.0024054164399923,1810,1037,0.7742245900268212
hormone_therapy,mmp3,0.9601734948475432,0.5428798637048459,0.9880350976200756,1810,1037,0.7742245900268212
hormone_therapy,ugt2b7,0.9623658714469489,0.5450941197092867,1.052344158414234,1810,1037,0.7742245900268212
hormone_therapy,thsd7a,0.9628772424788241,0.5521064928084127,1.0361518941391878,1810,1037,0.7802892340558203
hormone_therapy,mdm2,1.0395148216197896,0.5628714339044758,0.9525758043047962,1810,1037,0.7864118033693962
hormone_therapy,apaf1,0.9635924650085109,0.5613393250313854,1.0462573152088823,1810,1037,0.7864118033693962
hormone_therapy,tgfbr1,1.0375894435859916,0.5620378378990927,1.01221081666662,1810,1037,0.7864118033693962
hormone_therapy,chd1,1.039020186381592,0.5608522603523187,0.9272896496252934,1810,1037,0.7864118033693962
hormone_therapy,lipi,0.9672560056807598,0.575671310247732,1.0617624799509608,1810,1037,0.8020036202596609
hormone_therapy,cyp3a4,1.0375296755291288,0.5791581631115099,0.9742157430651318,1810,1037,0.8045691527316146
hormone_therapy,tbl1xr1,1.034151515450155,0.582775381685082,1.0145820386994995,1810,1037,0.8068157655613837
hormone_therapy,hsd17b7,1.0358958124616051,0.5840752167867685,0.903911849403736,1810,1037,0.8068157655613837
hormone_therapy,ccnd2,1.0348577638607162,0.5970596987781267,0.9244502836048476,1810,1037,0.8110060908402889
hormone_therapy,itgav,0.9687867262594649,0.5945416250070868,1.0493103429243025,1810,1037,0.8110060908402889
hormone_therapy,mmp17,0.9668985326692002,0.5955758601387482,1.082233484259907,1810,1037,0.8110060908402889
hormone_therapy,ptk2,0.9669165425765199,0.5969498343245996,1.0304384159945652,1810,1037,0.8110060908402889
hormone_therapy,zfyve9,1.034939261499546,0.5891874100347073,0.9998499986572149,1810,1037,0.8110060908402889
hormone_therapy,tg,1.032884787869231,0.5917176864091126,0.9577598420472937,1810,1037,0.8110060908402889
hormone_therapy,kdm6a,0.9692568577745221,0.5992377591308408,1.0551806147568397,1810,1037,0.8117098731716929
hormone_therapy,hes2,0.9677364622562821,0.6077878141446637,0.996995748708834,1810,1037,0.818755485170084
hormone_therapy,fgf2,1.0345878686739993,0.607057064382799,0.9515062264742359,1810,1037,0.818755485170084
hormone_therapy,gdf2,0.9696620785596667,0.6128763230286212,1.002349158606878,1810,1037,0.8233420932994389
hormone_therapy,rad50,0.9691801526492307,0.6327698478547492,1.0522800934189913,1810,1037,0.832445121217601
hormone_therapy,acvr1c,0.9677730931889273,0.6335146041005385,0.945049489723136,1810,1037,0.832445121217601
hormone_therapy,atr,0.969081845404136,0.6261570212213894,1.096025598605808,1810,1037,0.832445121217601
hormone_therapy,csf1r,0.970676335327855,0.6373805789499396,1.0173986601256064,1810,1037,0.832445121217601
hormone_therapy,izumo1r,1.0313587144220038,0.6299851965001508,0.9752203335362561,1810,1037,0.832445121217601
hormone_therapy,mmp7,0.9703837146003145,0.6358539686791717,1.0477061544311927,1810,1037,0.832445121217601
hormone_therapy,fancd2,0.9691047007641371,0.6334103824628223,1.1095362386716443,1810,1037,0.832445121217601
hormone_therapy,frmd3,1.0325772890745444,0.623566761141551,0.9678769155907165,1810,1037,0.832445121217601
hormone_therapy,gps2,1.0300394345590935,0.6320482441761979,0.9483263095618593,1810,1037,0.832445121217601
hormone_therapy,men1,1.0326677790282819,0.6331581536609765,1.0534776182673875,1810,1037,0.832445121217601
hormone_therapy,cyp19a1,0.9700011556186642,0.6383781604429455,1.0208362975511762,1810,1037,0.832445121217601
hormone_therapy,bad,0.9708634495131154,0.6446508024364708,1.0161887681838582,1810,1037,0.8339530221995615
hormone_therapy,mapk1,0.9712227965481355,0.6415086021944338,1.0396292963270073,1810,1037,0.8339530221995615
hormone_therapy,bcas3,0.9713456999128834,0.6438491568265907,1.0641285708672859,1810,1037,0.8339530221995615
hormone_therapy,fam20c,0.9711956412078262,0.6521137234819541,1.092990516773429,1810,1037,0.8413815587933391
hormone_therapy,gldc,0.9720749591643542,0.6562375909902192,0.9538183547582365,1810,1037,0.8444741631426768
hormone_therapy,l1cam,0.9714227086053715,0.6586127148447538,1.0089934960309526,1810,1037,0.8453060828322431
hormone_therapy,chek1,0.9728647257711693,0.660695425165688,1.0870327559058088,1810,1037,0.8457593269791137
hormone_therapy,mdc1,1.0277671092506042,0.6665008160483076,0.9586485108344509,1810,1037,0.8465425949288894
hormone_therapy,mmp15,0.9743351447359597,0.664270122638309,1.086985049950601,1810,1037,0.8465425949288894
hormone_therapy,cacna2d3,1.0292203027242688,0.6653773974237964,0.9634466235577698,1810,1037,0.8465425949288894
hormone_therapy,kdr,1.0275001924643883,0.6682727529271593,0.9716287733135137,1810,1037,0.8465942388118676
hormone_therapy,ahnak,1.0255500608591512,0.6780381518057848,0.9754525189517136,1810,1037,0.8567458817390924
hormone_therapy,itgb3,0.9710215313480112,0.6802411043905494,0.9984616411460925,1810,1037,0.8573141753788109
hormone_therapy,e2f8,1.0257249156254151,0.6864600309236792,1.0251503087940417,1810,1037,0.8588768279936468
hormone_therapy,smarcc1,1.0259245087453681,0.6873616736654009,0.9847736518178473,1810,1037,0.8588768279936468
hormone_therapy,utrn,0.9751831799245886,0.6885065778599377,1.0051241137058418,1810,1037,0.8588768279936468
hormone_therapy,hes6,1.0262487584783935,0.6859677627326208,0.9982393248223711,1810,1037,0.8588768279936468
hormone_therapy,notch1,1.0257185706045835,0.6952344626751075,1.0664069664352305,1810,1037,0.8650627283667367
hormone_therapy,hey1,0.9775386958570201,0.7088697021600333,1.0081281517451217,1810,1037,0.8775627452057121
hormone_therapy,rab25,1.0260793811036626,0.7083289328856978,1.0141329823197498,1810,1037,0.8775627452057121
hormone_therapy,mapk7,1.023740084316771,0.718657758439467,1.0591721182587714,1810,1037,0.8829739795901994
hormone_therapy,prkg1,0.9763556250323115,0.7174249475701798,1.0196352027206856,1810,1037,0.8829739795901994
hormone_therapy,prr16,1.0243671435574584,0.7170322368898145,1.0039974499776991,1810,1037,0.8829739795901994
hormone_therapy,psenen,1.024113311244628,0.723796088493537,0.9380207817456118,1810,1037,0.884840718183349
hormone_therapy,st7,0.9777209448441442,0.7235650758003043,0.9851329843723392,1810,1037,0.884840718183349
hormone_therapy,pik3ca,1.0231095152499212,0.7286023425276967,0.9596274149122415,1810,1037,0.8862849390448848
hormone_therapy,gpr32,0.9776939758780957,0.7278496382606872,1.0559179747359444,1810,1037,0.8862849390448848
hormone_therapy,smad9,1.0220290984782499,0.7306115059803808,0.9657972260235976,1810,1037,0.8865236387702388
hormone_therapy,pde4dip,1.0226121101090169,0.7326451543955584,0.974073481482867,1810,1037,0.886790793315416
hormone_therapy,casp9,0.9793335264282275,0.7438018673282227,0.9983166017697934,1810,1037,0.8958598845406426
hormone_therapy,shank2,1.0205706856718422,0.7428213666229844,0.9705183105099265,1810,1037,0.8958598845406426
hormone_therapy,hsd17b10,1.0215831897867438,0.7462705145503304,1.0160373528528746,1810,1037,0.8966247705530997
hormone_therapy,mlh1,0.9814962942007938,0.7494743339525987,0.9877877778727967,1810,1037,0.8982670326049529
hormone_therapy,arid1b,0.9804020755788956,0.7576386221160301,1.0235163342626448,1810,1037,0.9058319956350579
hormone_therapy,mmp11,0.9797848006357441,0.7647732190694744,1.1584169076537523,1810,1037,0.9108485034902293
hormone_therapy,prkcq,1.018561732599296,0.7655597851420946,1.0633745763035822,1810,1037,0.9108485034902293
hormone_therapy,cdk6,0.9821166572632125,0.7697822562709145,1.0472421483307663,1810,1037,0.9114371024612038
hormone_therapy,e2f3,1.018515792724278,0.7686866521370658,1.052659271590108,1810,1037,0.9114371024612038
hormone_therapy,agtr2,0.982266090209522,0.7751389486909537,0.979473991597623,1810,1037,0.9155626712798945
hormone_therapy,or6a2,1.0185104084853123,0.781819550245297,0.9880016737178912,1810,1037,0.9212283375179524
hormone_therapy,ncor1,1.0168325275937635,0.784227843653743,0.9472128526581459,1810,1037,0.9218447489102892
hormone_therapy,cyp11a1,0.9813954146809729,0.7892184820518675,0.953597570672767,1810,1037,0.9254864213989525
hormone_therapy,mtap,1.0175089764375602,0.7917270853180217,0.97327935233541,1810,1037,0.9262070447859153
hormone_therapy,inhba,0.9833657026222538,0.7942489587024771,0.9306981181348505,1810,1037,0.9269397155262801
hormone_therapy,nr3c1,0.983105057172916,0.7982599703788286,0.9488576921897783,1810,1037,0.9294026797982075
hormone_therapy,dtwd2,0.9844211416410671,0.8010337902904828,1.0781828748316955,1810,1037,0.9304169203136488
hormone_therapy,rbpj,0.985275367867099,0.8088045958586364,0.9726548767672862,1810,1037,0.9306010526467604
hormone_therapy,bmp7,1.014439048709143,0.8087083027462163,1.021554900931409,1810,1037,0.9306010526467604
hormone_therapy,fanca,1.015927253887025,0.8070851667364656,1.0131170350257799,1810,1037,0.9306010526467604
hormone_therapy,ptprm,0.9854360488640559,0.8088007987407909,1.0741881666699102,1810,1037,0.9306010526467604
hormone_therapy,src,1.0148510002415216,0.8140782661402277,1.055268956977165,1810,1037,0.9344701224004023
hormone_therapy,nras,1.013983587377739,0.8226674450345806,1.0069646115257804,1810,1037,0.9421179874049411
hormone_therapy,hey2,0.9870749942074741,0.8306233097507901,1.0258542974839782,1810,1037,0.9445925545770614
hormone_therapy,alk,1.0127267240406816,0.8291564178764423,0.9900156532517809,1810,1037,0.9445925545770614
hormone_therapy,sik2,0.9863868194476002,0.829506817250994,0.9681622515030746,1810,1037,0.9445925545770614
hormone_therapy,stat5b,0.9865600295887264,0.8327165472342276,0.8744710264101297,1810,1037,0.9447758505743326
hormone_therapy,tp53,1.0123449794903796,0.8437094399833089,0.9791375540777747,1810,1037,0.9499580063219757
hormone_therapy,cdk4,1.011406929508003,0.8469973226101869,1.0085764617264459,1810,1037,0.9499580063219757
hormone_therapy,dab2,1.0128667917199816,0.8401432299590169,0.9884596024150482,1810,1037,0.9499580063219757
hormone_therapy,mapk3,0.9874205264384038,0.8435248019166319,0.9612368260604031,1810,1037,0.9499580063219757
hormone_therapy,arid2,0.9878853513030637,0.8457837330736626,0.9709425068845108,1810,1037,0.9499580063219757
hormone_therapy,hes5,1.0123528220959497,0.848979595103105,0.9676566864630101,1810,1037,0.9500023386851678
hormone_therapy,smarcb1,0.9885126319939129,0.8541560710722642,1.059106226227428,1810,1037,0.953612599895747
hormone_therapy,cyp11b2,0.9883682879199812,0.8566375154012607,1.0472497592252137,1810,1037,0.9542044305950261
hormone_therapy,inhbc,0.9882812689760866,0.8598221864532191,0.9672726307240396,1810,1037,0.9555751117627821
hormone_therapy,myh9,1.0111864822552745,0.8623393585672126,1.0753393630690296,1810,1037,0.9561994248058208
hormone_therapy,egfr,1.0098563209594922,0.8732888290373171,1.0665655091578907,1810,1037,0.9600338726320303
hormone_therapy,rptor,1.0095948873777978,0.8756137161429152,1.0156156494402206,1810,1037,0.9600338726320303
hormone_therapy,map3k10,0.9897823927980415,0.8748088443362877,0.9555431837746933,1810,1037,0.9600338726320303
hormone_therapy,rpgr,1.0105358588912627,0.8714902272033296,0.9187965909343677,1810,1037,0.9600338726320303
hormone_therapy,hsd3b1,1.0107020636150474,0.8719523793771976,0.9950288722278551,1810,1037,0.9600338726320303
hormone_therapy,cdh1,0.990109103012333,0.8818639923010906,1.0308611349798085,1810,1037,0.9601784098644981
hormone_therapy,akt2,1.009143692961479,0.8875268737397815,0.9980609695914279,1810,1037,0.9601784098644981
hormone_therapy,aurka,0.9905869316281796,0.8834757923963211,1.1444899875819086,1810,1037,0.9601784098644981
hormone_therapy,map3k3,1.0092523626898018,0.8862596936209298,0.954596675659275,1810,1037,0.9601784098644981
hormone_therapy,tgfbr3,0.9906148977306797,0.884329566163279,0.9523212078800151,1810,1037,0.9601784098644981
hormone_therapy,cyp17a1,0.990359466830162,0.8797926409090915,1.0351039012763847,1810,1037,0.9601784098644981
hormone_therapy,ddc,1.0081790854647197,0.8907578847338475,1.0005714858808623,1810,1037,0.9615465908054116
hormone_therapy,palb2,1.0078277392704755,0.9025664000166039,0.9968871563420736,1810,1037,0.9681614201793266
hormone_therapy,mmp24,0.9927348943299537,0.9048052536236243,0.9849517332319436,1810,1037,0.9681614201793266
hormone_therapy,cyp2c8,1.0078592517984999,0.9029133886412373,0.9481246168254722,1810,1037,0.9681614201793266
hormone_therapy,afdn,0.9921452568650413,0.9004197292676717,1.0297117758295011,1810,1037,0.9681614201793266
hormone_therapy,stat5a,1.0074165689050831,0.9099543821030258,0.8540454919983701,1810,1037,0.971044692335257
hormone_therapy,psen2,1.0071905097780682,0.9114713983269591,0.9683632862338022,1810,1037,0.971044692335257
hormone_therapy,peg3,0.9939492508691516,0.9196527651814419,1.0546117064461369,1810,1037,0.971548329925946
hormone_therapy,vegfb,1.0064677100265136,0.9218781699092821,1.0473557239166211,1810,1037,0.971548329925946
hormone_therapy,ros1,0.9932713548018965,0.9155498131566013,1.0550360443832292,1810,1037,0.971548329925946
hormone_therapy,flt3,0.9930906474932617,0.9203780817778627,0.8957152533725554,1810,1037,0.971548329925946
hormone_therapy,hsd17b3,1.006365995856337,0.9189039343260285,0.9524649918866642,1810,1037,0.971548329925946
hormone_therapy,muc16,0.9942981686378705,0.9240511236230724,1.0095271530772316,1810,1037,0.9717440848423278
hormone_therapy,arrdc1,1.0055898377950396,0.927934632832794,1.057616714043936,1810,1037,0.9737339816635971
hormone_therapy,prps2,0.9946768278898475,0.931354332481933,0.9584325675121528,1810,1037,0.975229697181296
hormone_therapy,abcc10,1.0051309404275421,0.933618808009772,1.0175873690849577,1810,1037,0.9755119596512362
hormone_therapy,tgfb2,0.9952592681000023,0.937329685215879,1.050068775095999,1810,1037,0.9773011003636777
hormone_therapy,magea8,0.9952867759653988,0.9402823218073826,1.0410743922099979,1810,1037,0.9782937348166172
hormone_therapy,rps6ka2,0.9955941094080155,0.9453968453825234,0.9979311184979168,1810,1037,0.9794471554916397
hormone_therapy,usp9x,0.9956165092466835,0.9440918927595682,1.0116203295443358,1810,1037,0.9794471554916397
hormone_therapy,nrarp,1.0039512059355542,0.9474965101148219,0.9840316313600846,1810,1037,0.9795471320214544
hormone_therapy,dtx1,1.0034001945545323,0.9551236530146369,1.0123393067599835,1810,1037,0.981645004263022
hormone_therapy,hras,1.0036314923718679,0.9539499983796981,1.0028266312826908,1810,1037,0.981645004263022
hormone_therapy,pdgfrb,0.9964710464660964,0.9555481023091993,1.0875900184127858,1810,1037,0.981645004263022
hormone_therapy,brca1,0.9980817355460372,0.9760556186462955,0.9480592255540193,1810,1037,0.989391529737259
hormone_therapy,msh6,0.9979728099260522,0.9745258883395825,1.0228806304006122,1810,1037,0.989391529737259
hormone_therapy,ccnb1,0.9979242063165172,0.9738073883564251,1.051424922614655,1810,1037,0.989391529737259
hormone_therapy,bmp15,0.9985126617958512,0.9816245211909664,0.9842534784138404,1810,1037,0.989391529737259
hormone_therapy,arid1a,0.9988084878562576,0.9842111192616141,1.0183235732356375,1810,1037,0.989391529737259
hormone_therapy,abcc1,0.9978049176390329,0.972354790238144,1.0029737455864265,1810,1037,0.989391529737259
hormone_therapy,nr1i2,0.9987709226608538,0.9847131372989336,0.9662058878914044,1810,1037,0.989391529737259
hormone_therapy,akap9,0.9987696773338488,0.9840134080078027,0.9168153900461764,1810,1037,0.989391529737259
hormone_therapy,ldlrap1,1.0025231117747757,0.9691002727128079,1.017880661024107,1810,1037,0.989391529737259
hormone_therapy,spaca1,0.9988125780229204,0.9853449386135892,0.9597424214876451,1810,1037,0.989391529737259
hormone_therapy,ugt2b17,1.0017208983856998,0.9836059582526574,0.9091261754225168,1810,1037,0.989391529737259
hormone_therapy,ctbp2,1.000847952175881,0.988942128775895,1.0154632045061598,1810,1037,0.9909686495315833
hormone_therapy,ryr2,0.9999640225553633,0.9995323470327362,0.9625153339106665,1810,1037,0.9995323470327362
radio_therapy,prps2,1.2388945060264778,0.0005568510083141601,0.8338364628378412,1810,1037,0.2723001430656243
radio_therapy,hes2,1.208322673544202,0.003398109545366547,0.8778080783009166,1810,1037,0.7507742845099667
radio_therapy,fancd2,1.1985888283214674,0.0046059772055826185,0.98004897313577,1810,1037,0.7507742845099667
radio_therapy,palb2,0.8808954288334622,0.0448969084783636,1.083642619843514,1810,1037,0.7784934722351671
radio_therapy,nf1,0.8621167955675303,0.01947378473255875,1.1144281818382984,1810,1037,0.7784934722351671
radio_therapy,msh6,1.1766803698419377,0.012372342721910639,0.9226976457927238,1810,1037,0.7784934722351671
radio_therapy,epcam,1.1368210491286679,0.06294244046533964,0.9077474349968592,1810,1037,0.7784934722351671
radio_therapy,rb1,0.8931855024446018,0.062322871767486514,1.1014483722854205,1810,1037,0.7784934722351671
radio_therapy,rbl2,0.8649204963580845,0.020437883151162132,1.1010360635254615,1810,1037,0.7784934722351671
radio_therapy,cdk1,1.1567003608941178,0.02263944510612258,0.9819213556879774,1810,1037,0.7784934722351671
radio_therapy,e2f2,1.1405755827890203,0.04034432304690173,0.9859950559917142,1810,1037,0.7784934722351671
radio_therapy,jak1,0.8877816732567269,0.05108632255222344,1.0668758499895554,1810,1037,0.7784934722351671
radio_therapy,tp53bp1,0.880091826184477,0.03412590055188474,1.1319786002803858,1810,1037,0.7784934722351671
radio_therapy,cul1,1.134560242723679,0.03972272117906285,0.8788130808616038,1810,1037,0.7784934722351671
radio_therapy,hes5,1.1372087870350496,0.05369308997398919,0.8891598399695154,1810,1037,0.7784934722351671
radio_therapy,nrarp,0.8649207441931088,0.021928926514837414,1.0824967695418264,1810,1037,0.7784934722351671
radio_therapy,numb,0.8881433572976176,0.05991291547790516,1.1008535398999395,1810,1037,0.7784934722351671
radio_therapy,psen1,0.8635410276519425,0.02136330263029631,1.092610886697383,1810,1037,0.7784934722351671
radio_therapy,hes4,1.122209316146302,0.06233150737636388,0.9710988877627638,1810,1037,0.7784934722351671
radio_therapy,arl11,1.1278297444186407,0.05106390546889123,0.9478497618478978,1810,1037,0.7784934722351671
radio_therapy,aurka,1.126953539041249,0.0652724588172635,1.0631752168397692,1810,1037,0.7784934722351671
radio_therapy,bmp7,1.1329659940847951,0.04015775169872234,0.9541011095815443,1810,1037,0.7784934722351671
radio_therapy,bmpr1b,0.8845205887122175,0.04839088430600894,1.0228516910241736,1810,1037,0.7784934722351671
radio_therapy,cxcr2,0.8707621487155283,0.03729414243982379,1.0665017651969073,1810,1037,0.7784934722351671
radio_therapy,map3k1,0.8852073586840552,0.05216499909693323,1.0168359331659869,1810,1037,0.7784934722351671
radio_therapy,mmp1,1.1536558515597788,0.02324646390273939,0.9026499448521366,1810,1037,0.7784934722351671
radio_therapy,mmp23b,1.1248588941496984,0.06424298317497208,0.9456648122895502,1810,1037,0.7784934722351671
radio_therapy,rps6kb2,1.1341937848574026,0.04055273321573444,1.0055002295723208,1810,1037,0.7784934722351671
radio_therapy,slc19a1,1.1609873992048798,0.01668293098702099,0.9466804311695366,1810,1037,0.7784934722351671
radio_therapy,gata3,0.8848976023269964,0.0651276950674147,0.9770335752730486,1810,1037,0.7784934722351671
radio_therapy,cyp2c8,0.8708746108140217,0.037056036904807584,1.0351444015000477,1810,1037,0.7784934722351671
radio_therapy,slco1b3,1.1793700565078957,0.011091807093243766,0.9034451905228965,1810,1037,0.7784934722351671
radio_therapy,alk,1.1190364138669426,0.0644317453861799,0.9286452408010724,1810,1037,0.7784934722351671
radio_therapy,arid2,0.868717119650196,0.02418248480597765,1.0523709227093436,1810,1037,0.7784934722351671
radio_therapy,ctcf,0.8738114670393325,0.03581018337972641,1.189795410788528,1810,1037,0.7784934722351671
radio_therapy,nek1,0.880560425534347,0.039218580262393936,0.9965123779076916,1810,1037,0.7784934722351671
radio_therapy,nr3c1,0.8732866738893909,0.032116380674790404,1.0117014183685948,1810,1037,0.7784934722351671
radio_therapy,cdkn2c,0.8601024620615576,0.04136735259434446,1.0030805507851486,1810,1037,0.7784934722351671
radio_therapy,hsd17b10,1.1863805898497368,0.008026570353541845,0.9276420968138943,1810,1037,0.7784934722351671
radio_therapy,pik3r3,1.124867038170934,0.049188438111923534,0.9342644764468228,1810,1037,0.7784934722351671
radio_therapy,ran,0.8887043979856868,0.05434871507400277,1.0975424184324958,1810,1037,0.7784934722351671
radio_therapy,adam10,0.901472965311282,0.07942520841742003,1.0766415371934757,1810,1037,0.8263601471514552
radio_therapy,bcl2,0.889695193816522,0.07701307901454779,0.9078053483807225,1810,1037,0.8263601471514552
radio_therapy,bmpr1a,0.8923397833988318,0.07403150700291812,1.0813483197020135,1810,1037,0.8263601471514552
radio_therapy,ncor1,0.8999949878695628,0.07122211200341204,1.014818052928797,1810,1037,0.8263601471514552
radio_therapy,map2,1.116393692783201,0.07461105520982905,1.0084566610907024,1810,1037,0.8263601471514552
radio_therapy,bcas3,0.897054179219638,0.0780473023496946,1.112326217601468,1810,1037,0.8263601471514552
radio_therapy,rad50,1.104053875158788,0.11620482120259333,0.9765725379723992,1810,1037,0.831681114002194
radio_therapy,ccne1,1.112436649961622,0.10512657069941447,0.992431066923972,1810,1037,0.831681114002194
radio_therapy,cdc25a,1.1120861440807992,0.09343359265310683,0.9679636278125173,1810,1037,0.831681114002194
radio_therapy,fbxw7,0.91189085945685,0.122583916981927,1.059021949433531,1810,1037,0.831681114002194
radio_therapy,itch,0.9080760599302735,0.1241699246068821,1.0097800124495548,1810,1037,0.831681114002194
radio_therapy,hey1,0.9074805858958865,0.12163914627707682,1.062240488001593,1810,1037,0.831681114002194
radio_therapy,fas,1.1129606824778444,0.112173403992541,0.8845717155509597,1810,1037,0.831681114002194
radio_therapy,map2k2,1.1031918999809542,0.12073724405914942,0.947315734630347,1810,1037,0.831681114002194
radio_therapy,map2k4,0.9074016408395262,0.11525519791666632,0.9616844716788003,1810,1037,0.831681114002194
radio_therapy,map3k3,0.89812138393042,0.09578306011711865,1.0308753911159323,1810,1037,0.831681114002194
radio_therapy,mapk3,0.89786472069304,0.0843869925925728,1.0207333471755544,1810,1037,0.831681114002194
radio_therapy,mapk4,1.097857213003237,0.11784744675533944,0.9638085730908093,1810,1037,0.831681114002194
radio_therapy,mmp21,1.1154277308684124,0.08987350160893277,0.9147485537644209,1810,1037,0.831681114002194
radio_therapy,nfkb2,1.1024139635799093,0.11145946252962513,0.9329531014286,1810,1037,0.831681114002194
radio_therapy,raf1,1.1054098502057563,0.1163106594571674,1.0164380599713334,1810,1037,0.831681114002194
radio_therapy,rassf1,1.1076220487521489,0.10364618300095754,0.9109888747754609,1810,1037,0.831681114002194
radio_therapy,rps6kb1,0.8974963683307674,0.09978759344131066,1.0694755827961353,1810,1037,0.831681114002194
radio_therapy,wwox,0.9162883429949032,0.12448858760707203,1.089962420809913,1810,1037,0.831681114002194
radio_therapy,ahnak,0.9020182753447668,0.09995383812826451,1.0535089156513398,1810,1037,0.831681114002194
radio_therapy,l1cam,1.1068324644032916,0.12585767369358355,0.9314736348145648,1810,1037,0.831681114002194
radio_therapy,thada,1.110401840329057,0.08166149416220247,0.9309473764309265,1810,1037,0.831681114002194
radio_therapy,ush2a,0.8961887277926842,0.09850408717970609,1.1250269591260822,1810,1037,0.831681114002194
radio_therapy,usp9x,1.0986140436322107,0.12561840065601168,0.9515590193311825,1810,1037,0.831681114002194
radio_therapy,utrn,0.9102056156394688,0.11319252213680418,1.0373201808688357,1810,1037,0.831681114002194
radio_therapy,hsd3b2,1.106054278467184,0.11178621447947584,0.9261335247423408,1810,1037,0.831681114002194
radio_therapy,ncoa2,0.9006157707543739,0.0949222296715015,1.0652318474119546,1810,1037,0.831681114002194
radio_therapy,srd5a1,1.097075768812676,0.11420056901940237,1.0285194594644176,1810,1037,0.831681114002194
radio_therapy,bmp10,1.0984176765225824,0.12874389072832818,0.9794952354078194,1810,1037,0.8394101675486997
radio_therapy,stk11,1.0952003772870422,0.1413369508763444,0.9289576932010527,1810,1037,0.8406572673104611
radio_therapy,stat1,1.0939068448670801,0.15456690765002748,0.9803467910283212,1810,1037,0.8406572673104611
radio_therapy,stat5b,0.915435180695938,0.16165708487845817,0.9129710327897873,1810,1037,0.8406572673104611
radio_therapy,mdm2,1.0975936170740117,0.144174276304442,0.9285848370949334,1810,1037,0.8406572673104611
radio_therapy,hdac2,1.1007802334041819,0.13411680775528856,0.9798892597231759,1810,1037,0.8406572673104611
radio_therapy,cxcr1,1.0989243552048047,0.1440668005568702,0.9728418962367528,1810,1037,0.8406572673104611
radio_therapy,erbb3,0.9097007591691466,0.1620490791178063,1.0353304696826393,1810,1037,0.8406572673104611
radio_therapy,fgf1,0.9100637161901428,0.15031009002931237,1.1009599551349072,1810,1037,0.8406572673104611
radio_therapy,izumo1r,1.090738206645204,0.16193952905427245,0.9421494109233853,1810,1037,0.8406572673104611
radio_therapy,mapk8,1.091916984550755,0.15979062042342815,0.9195947263310111,1810,1037,0.8406572673104611
radio_therapy,mmp17,0.9196581480806704,0.16331787401736975,1.1148869261755476,1810,1037,0.8406572673104611
radio_therapy,pik3r2,1.0976441909168526,0.14882900641234195,0.9736535265251779,1810,1037,0.8406572673104611
radio_therapy,sptbn1,0.9158424160846782,0.1435468645297702,1.0353840390048399,1810,1037,0.8406572673104611
radio_therapy,map3k10,1.0953608446947227,0.1425016365398537,0.9043462144401269,1810,1037,0.8406572673104611
radio_therapy,nrg3,0.9104108676532567,0.1473552831402389,1.1126326563163207,1810,1037,0.8406572673104611
radio_therapy,ppp2r2a,0.9148440343660307,0.1547331745345126,1.0119007760280363,1810,1037,0.8406572673104611
radio_therapy,setd2,0.9105793554097692,0.14331086643239202,1.075453009606419,1810,1037,0.8406572673104611
radio_therapy,setdb1,0.9125346128917308,0.15774359399347412,1.0768258339068468,1810,1037,0.8406572673104611
radio_therapy,stmn2,0.9061693304213897,0.1495926741095312,1.0166686269356715,1810,1037,0.8406572673104611
radio_therapy,rdh5,0.90673304756101,0.1472919092331436,0.9829354144093088,1810,1037,0.8406572673104611
radio_therapy,hsd17b14,1.0887482602654193,0.16554889390718003,0.8931217866972282,1810,1037,0.8432646783396982
radio_therapy,mmp26,0.9176131023111443,0.16925370448648777,1.0527414167429505,1810,1037,0.8532480566380671
radio_therapy,msh2,1.0988939423252997,0.1850461968613,0.9214994974490958,1810,1037,0.8604485830901687
radio_therapy,akt1,1.0861818329297106,0.17483482903785003,1.041000335710244,1810,1037,0.8604485830901687
radio_therapy,diras3,0.9111727330412998,0.18281360085321746,0.9801164474342148,1810,1037,0.8604485830901687
radio_therapy,gdf11,0.9247224088855577,0.1871342730987839,1.0881884945149727,1810,1037,0.8604485830901687
radio_therapy,abcb11,0.9219174408939174,0.19003772387267528,1.0803678399053522,1810,1037,0.8604485830901687
radio_therapy,aff2,0.918675726858307,0.17992066571215204,1.041856047086663,1810,1037,0.8604485830901687
radio_therapy,lama2,0.9189785844607506,0.18890157660459123,0.9999454242145773,1810,1037,0.8604485830901687
radio_therapy,rasgef1b,1.090382911800094,0.1790188374672964,0.9238372167646366,1810,1037,0.8604485830901687
radio_therapy,akr1c2,0.9163142473109429,0.1866782457994644,1.0671020735671972,1810,1037,0.8604485830901687
radio_therapy,hsd17b3,1.0841261031643503,0.18733742552157417,0.9145549223172014,1810,1037,0.8604485830901687
radio_therapy,hsd17b8,0.9195192288592747,0.1754055620730901,1.0192393030162177,1810,1037,0.8604485830901687
radio_therapy,brca2,0.9393984761088633,0.32371882642685557,1.0281376663769108,1810,1037,0.8758035542776692
radio_therapy,tp53,0.9362527905066976,0.2918748265991673,1.021728571029127,1810,1037,0.8758035542776692
radio_therapy,atm,0.9279275785703914,0.24269934952578637,1.0246207782072547,1810,1037,0.8758035542776692
radio_therapy,cdh1,0.9397080606592599,0.3293253430373443,1.063296809449271,1810,1037,0.8758035542776692
radio_therapy,nbn,1.0442821692250719,0.4795054464446352,0.9358681578857636,1810,1037,0.8758035542776692
radio_therapy,bard1,1.070767429697692,0.2783888810908523,1.0277127330469038,1810,1037,0.8758035542776692
radio_therapy,pms2,1.057823904757252,0.36623240843715077,0.8905885627911166,1810,1037,0.8758035542776692
radio_therapy,rbl1,0.9417623231801653,0.3377332315046388,1.0694493805881073,1810,1037,0.8758035542776692
radio_therapy,ccnd1,0.9549145970308949,0.45332383086580663,0.9980534969936017,1810,1037,0.8758035542776692
radio_therapy,ccnd2,0.9513088965542627,0.4365316414442566,0.9695080665848881,1810,1037,0.8758035542776692
radio_therapy,cdkn1b,0.9411301144751556,0.3269982167575364,0.9748830286476022,1810,1037,0.8758035542776692
radio_therapy,e2f3,1.0623792753928016,0.32458368428942735,1.0248064105500172,1810,1037,0.8758035542776692
radio_therapy,e2f5,0.9239150274097503,0.22974351676739752,1.0764228925718315,1810,1037,0.8758035542776692
radio_therapy,src,1.0686603740565508,0.2739751296237818,1.0278091924045998,1810,1037,0.8758035542776692
radio_therapy,stat3,0.9455557144670166,0.3653528389529216,1.0291269695664902,1810,1037,0.8758035542776692
radio_therapy,stat5a,1.052028672200437,0.4352617154850329,0.8342262149775728,1810,1037,0.8758035542776692
radio_therapy,aph1a,1.0886710289047743,0.19530754003963133,0.9078728251302516,1810,1037,0.8758035542776692
radio_therapy,arrdc1,0.9475113686301142,0.3939164214343265,1.1043011131318399,1810,1037,0.8758035542776692
radio_therapy,ctbp1,1.051615451195473,0.41859114870060965,0.9119146432936669,1810,1037,0.8758035542776692
radio_therapy,dll3,1.0596847838442576,0.34581553336694326,1.0329001362606687,1810,1037,0.8758035542776692
radio_therapy,dtx1,0.9387392305194405,0.3357502049503729,1.0641163355854864,1810,1037,0.8758035542776692
radio_therapy,dtx2,1.0649290582143838,0.3256416408021282,1.0162324969118168,1810,1037,0.8758035542776692
radio_therapy,dtx3,0.9383563417799571,0.2763977342290953,1.0136761721908287,1810,1037,0.8758035542776692
radio_therapy,hdac1,0.9514159250858675,0.4404148342612334,1.0233724391425736,1810,1037,0.8758035542776692
radio_therapy,hes1,1.0523318098690606,0.4146760923843077,1.0663651110149548,1810,1037,0.8758035542776692
radio_therapy,heyl,0.9369291934433204,0.2918218968001035,1.089566265197048,1810,1037,0.8758035542776692
radio_therapy,jag1,0.9441965546148383,0.3703870611694907,1.0265001233889823,1810,1037,0.8758035542776692
radio_therapy,maml1,0.9392771143106347,0.31791452325229674,1.1478875906756754,1810,1037,0.8758035542776692
radio_therapy,maml2,0.9486009697005915,0.41725285825212777,1.0550630366736755,1810,1037,0.8758035542776692
radio_therapy,notch2,0.9461564665217772,0.3863829276754416,1.0452621662263415,1810,1037,0.8758035542776692
radio_therapy,numbl,1.0467463958356424,0.4751647109749454,0.9707450677756435,1810,1037,0.8758035542776692
radio_therapy,psen2,1.071627591999121,0.28140648464157236,0.9316241526815843,1810,1037,0.8758035542776692
radio_therapy,spen,0.9384388604180915,0.313333409821774,1.0363838650090424,1810,1037,0.8758035542776692
radio_therapy,hes7,0.9392260628803951,0.3264834895717271,1.0881220918434311,1810,1037,0.8758035542776692
radio_therapy,acvr1b,0.9256545681646247,0.22402714191852607,1.1106113803611404,1810,1037,0.8758035542776692
radio_therapy,acvr2a,0.9395970082693323,0.3337678462112687,1.0018793076050165,1810,1037,0.8758035542776692
radio_therapy,acvr2b,1.0480642859632727,0.43788705943432826,0.9551113193136994,1810,1037,0.8758035542776692
radio_therapy,akt1s1,1.0654081176623171,0.28363193228541383,0.9532246214682184,1810,1037,0.8758035542776692
radio_therapy,apaf1,0.9525110172328765,0.4305507777716341,1.0473031457969104,1810,1037,0.8758035542776692
radio_therapy,bcl2l1,1.0488813921352156,0.48027858249571,0.9992639838357649,1810,1037,0.8758035542776692
radio_therapy,bmp2,1.0801083743153912,0.283703903357378,0.9688476654682036,1810,1037,0.8758035542776692
radio_therapy,bmp4,0.9493387591604494,0.38865262940375556,1.043245922887823,1810,1037,0.8758035542776692
radio_therapy,bmp6,1.0828561443726465,0.24071988646371936,0.9345695133532401,1810,1037,0.8758035542776692
radio_therapy,casp10,1.0616909469779516,0.35182728968493404,1.0312992783744421,1810,1037,0.8758035542776692
radio_therapy,casp3,1.0504971413403201,0.434903016053487,1.049592867514152,1810,1037,0.8758035542776692
radio_therapy,chek1,1.0710149316808932,0.2838323293479101,1.0282835695904968,1810,1037,0.8758035542776692
radio_therapy,cxcl8,1.051829476811619,0.40177593516631926,1.0536168152871337,1810,1037,0.8758035542776692
radio_therapy,dlec1,0.9428665775172753,0.3521048495729905,0.9656010426017182,1810,1037,0.8758035542776692
radio_therapy,dph1,1.0656506118689537,0.30696310170740404,0.9390851671271908,1810,1037,0.8758035542776692
radio_therapy,egfr,1.0693275872345536,0.2918445246687571,1.0250988234007008,1810,1037,0.8758035542776692
radio_therapy,erbb2,1.075264069712704,0.2769626557847201,1.079289829903132,1810,1037,0.8758035542776692
radio_therapy,fgfr1,0.956538090699486,0.4537972335864452,1.0289555735287972,1810,1037,0.8758035542776692
radio_therapy,foxo1,0.9381597794078246,0.32557257537170764,1.0758745987311948,1810,1037,0.8758035542776692
radio_therapy,hla-g,1.073356607660794,0.28576112108007323,0.9061470021102049,1810,1037,0.8758035542776692
radio_therapy,hras,1.048740342108484,0.444811406070169,0.9792171185768884,1810,1037,0.8758035542776692
radio_therapy,igf1,0.9334403826864915,0.3292270682945713,0.9383431375495016,1810,1037,0.8758035542776692
radio_therapy,kit,0.938900412597562,0.3533554162421708,1.0167683236621141,1810,1037,0.8758035542776692
radio_therapy,kras,1.0478414893038879,0.4682212777558804,1.0862385477073269,1810,1037,0.8758035542776692
radio_therapy,map2k1,1.0461075919168665,0.4609894803381923,1.0110030623968855,1810,1037,0.8758035542776692
radio_therapy,map2k3,1.0483877324485265,0.45045597578095964,0.9969706150626568,1810,1037,0.8758035542776692
radio_therapy,map3k4,0.9228685902252984,0.20918915431931376,1.1273025837579396,1810,1037,0.8758035542776692
radio_therapy,mapk12,1.0640268154213026,0.31063249468604825,0.9660581466043116,1810,1037,0.8758035542776692
radio_therapy,mapk9,0.9572132444243489,0.475109627003523,1.1204280385259109,1810,1037,0.8758035542776692
radio_therapy,mdc1,0.9548427729509413,0.46235339517390206,1.0004442912976237,1810,1037,0.8758035542776692
radio_therapy,mmp10,0.9198317789369415,0.22262478073440034,1.0345764873976424,1810,1037,0.8758035542776692
radio_therapy,mmp13,1.0473276996368437,0.45026486940209565,1.0029936954444765,1810,1037,0.8758035542776692
radio_therapy,mmp28,0.955255451915596,0.4689403390980934,1.0178520358014571,1810,1037,0.8758035542776692
radio_therapy,mmp3,1.0561076307215105,0.4027821684862286,0.9273927617953265,1810,1037,0.8758035542776692
radio_therapy,mmp7,1.0653028984728141,0.3325356694156282,0.9913390422053286,1810,1037,0.8758035542776692
radio_therapy,mmp9,1.0464838967451708,0.4764985207045156,1.0681177367837869,1810,1037,0.8758035542776692
radio_therapy,mtor,1.0518944808228274,0.40354081744013315,0.998802484038169,1810,1037,0.8758035542776692
radio_therapy,pdgfb,1.043558402397507,0.4797000213670559,1.0352607653212473,1810,1037,0.8758035542776692
radio_therapy,pdgfra,0.9291166838099362,0.2481401780143701,1.0188255239786128,1810,1037,0.8758035542776692
radio_therapy,pdgfrb,0.9480784814158513,0.39923879919538763,1.1137592014616173,1810,1037,0.8758035542776692
radio_therapy,pik3r1,0.9563801927819316,0.4619982227253151,1.031947298672044,1810,1037,0.8758035542776692
radio_therapy,plagl1,0.9514746155042525,0.4307732225048947,1.068467719072712,1810,1037,0.8758035542776692
radio_therapy,rab25,1.0511841081452293,0.48258276106818343,0.9940904447052579,1810,1037,0.8758035542776692
radio_therapy,rheb,1.0721245470248637,0.24227148464629028,0.948535917436589,1810,1037,0.8758035542776692
radio_therapy,rictor,1.0843778511821425,0.20116120931053075,0.9366002458623057,1810,1037,0.8758035542776692
radio_therapy,rptor,1.0442765174664073,0.4811793181672056,0.9949360955425279,1810,1037,0.8758035542776692
radio_therapy,smad1,0.9334723693843722,0.25700431260049456,1.0644760429996067,1810,1037,0.8758035542776692
radio_therapy,smad4,0.9560476045571332,0.4510822694146204,1.0032422440803055,1810,1037,0.8758035542776692
radio_therapy,smad6,1.0664540088060526,0.30262846481665995,1.0606084584007125,1810,1037,0.8758035542776692
radio_therapy,smad7,0.9434216820514334,0.35273755074131685,1.126126855439578,1810,1037,0.8758035542776692
radio_therapy,terc,0.9293780898292513,0.2667914698820716,1.056604913734307,1810,1037,0.8758035542776692
radio_therapy,tgfb2,1.044967956204352,0.46482168732983975,1.020537581695361,1810,1037,0.8758035542776692
radio_therapy,tgfbr3,0.9273724322887079,0.22763419502386933,0.9869302455755591,1810,1037,0.8758035542776692
radio_therapy,tsc1,0.9523308632061642,0.4434745646864727,0.9802327833136337,1810,1037,0.8758035542776692
radio_therapy,vegfa,1.0734080668575292,0.2648802678108775,1.077398736382204,1810,1037,0.8758035542776692
radio_therapy,vegfb,0.9494706773592336,0.42051707256672366,1.0870888263155742,1810,1037,0.8758035542776692
radio_therapy,wfdc2,0.9482995852160131,0.39462808207395295,0.9980456192868823,1810,1037,0.8758035542776692
radio_therapy,arid1a,0.9391377067144094,0.3073412559137667,1.0546488108980736,1810,1037,0.8758035542776692
radio_therapy,arid1b,1.0727595988646397,0.2721719155411906,0.9702029384945834,1810,1037,0.8758035542776692
radio_therapy,tbx3,0.9513639527284901,0.4370732868949998,0.9628422777857781,1810,1037,0.8758035542776692
radio_therapy,abcb1,0.9406546441638188,0.3628317083901764,0.9770700343975682,1810,1037,0.8758035542776692
radio_therapy,abcc1,0.9372012590563648,0.29495034689379795,1.0421010057027857,1810,1037,0.8758035542776692
radio_therapy,abcc10,1.0460049885593639,0.4528618402306177,0.9975188689641311,1810,1037,0.8758035542776692
radio_therapy,bmf,1.0456135185918418,0.4826236881369723,1.051545152263111,1810,1037,0.8758035542776692
radio_therapy,fgf2,0.9478912745368225,0.38240484824547794,0.9990503194112659,1810,1037,0.8758035542776692
radio_therapy,tubb1,1.0530494654049036,0.40989899814730424,0.9681246351255659,1810,1037,0.8758035542776692
radio_therapy,tubb4b,1.056430772921007,0.3912224678193925,1.045624715157195,1810,1037,0.8758035542776692
radio_therapy,twist1,0.9424511084540977,0.31737695827744433,1.0541464386342951,1810,1037,0.8758035542776692
radio_therapy,agmo,1.0831426786762144,0.20585140611892921,0.9489902930504701,1810,1037,0.8758035542776692
radio_therapy,agtr2,0.9574444124341693,0.4835725146318419,0.997434907629437,1810,1037,0.8758035542776692
radio_therapy,asxl1,0.9291191515121858,0.24551480113369506,1.072665913336559,1810,1037,0.8758035542776692
radio_therapy,asxl2,1.0532750294169526,0.4047899770015334,0.9915732115199241,1810,1037,0.8758035542776692
radio_therapy,clrn2,0.9475968459688252,0.3979000323305981,1.0054128703650402,1810,1037,0.8758035542776692
radio_therapy,col22a1,1.0624131031834465,0.31899594829142053,0.9940805446463963,1810,1037,0.8758035542776692
radio_therapy,col6a3,0.9337582833769668,0.28099584002714484,1.1222964057000056,1810,1037,0.8758035542776692
radio_therapy,ctnna1,0.9240581263536075,0.20476511030722652,1.1333899472082107,1810,1037,0.8758035542776692
radio_therapy,ctnna3,1.0649836528653842,0.3225854651507887,1.0331722768492193,1810,1037,0.8758035542776692
radio_therapy,dnah2,1.0723355168833442,0.2686806309418276,0.8918021103302618,1810,1037,0.8758035542776692
radio_therapy,fam20c,1.0507409007688213,0.4480597262522217,1.0395989662050655,1810,1037,0.8758035542776692
radio_therapy,flt3,0.9258832698173795,0.2459271887819144,0.9335346879021345,1810,1037,0.8758035542776692
radio_therapy,frmd3,1.0581828428294104,0.39267533680404365,0.9503558523876027,1810,1037,0.8758035542776692
radio_therapy,gpr32,0.9412472081319814,0.34164559387231286,1.080889748968129,1810,1037,0.8758035542776692
radio_therapy,hdac9,1.0545417786718019,0.40551816570442023,0.954656375103974,1810,1037,0.8758035542776692
radio_therapy,npnt,0.9481194525648972,0.3884268689123864,1.0355238161905793,1810,1037,0.8758035542776692
radio_therapy,or6a2,0.955412397852617,0.4702302934971686,1.0276977063205914,1810,1037,0.8758035542776692
radio_therapy,palld,0.9446523598788771,0.35960643825000627,1.075165074889391,1810,1037,0.8758035542776692
radio_therapy,prkacg,1.0615028696084423,0.32345968843143946,1.0098120773759953,1810,1037,0.8758035542776692
radio_therapy,prkce,0.9532318006330069,0.4365155513370964,1.0276264076936936,1810,1037,0.8758035542776692
radio_therapy,prkcz,1.052456352164111,0.4219662768758785,0.9881991529047274,1810,1037,0.8758035542776692
radio_therapy,prkg1,1.0777341926093773,0.2507584198321434,0.9578801770260613,1810,1037,0.8758035542776692
radio_therapy,ptpn22,1.0809476337089736,0.26543040354144526,0.8899030983398041,1810,1037,0.8758035542776692
radio_therapy,ptprm,0.9288034009960499,0.24291179610400543,1.1156106999463609,1810,1037,0.8758035542776692
radio_therapy,sf3b1,0.9306911056267071,0.2580277079441693,1.0600662746791079,1810,1037,0.8758035542776692
radio_therapy,shank2,0.9469232278651158,0.38121799942486956,1.0191033897459418,1810,1037,0.8758035542776692
radio_therapy,siah1,0.9577915125197154,0.481309146730021,1.0684706773218082,1810,1037,0.8758035542776692
radio_therapy,sik1,0.9234782041714676,0.2134834866588283,1.0083995905980427,1810,1037,0.8758035542776692
radio_therapy,sik2,0.9517756874303409,0.43339398026649123,0.9834724488931225,1810,1037,0.8758035542776692
radio_therapy,smarcb1,1.0568261490532664,0.36060069177446563,1.017272849147702,1810,1037,0.8758035542776692
radio_therapy,smarcd1,0.9302555574837507,0.2564815698158737,1.1271364338709673,1810,1037,0.8758035542776692
radio_therapy,stab2,0.9224176889065044,0.24921825504519426,1.063336093670096,1810,1037,0.8758035542776692
radio_therapy,syne1,0.9435606130086226,0.3919462823217664,0.9557388032716105,1810,1037,0.8758035542776692
radio_therapy,taf1,0.9256956968604684,0.2194478289120443,1.0925759241622686,1810,1037,0.8758035542776692
radio_therapy,tbl1xr1,1.0551617491298213,0.3803676749361795,0.9998866938799218,1810,1037,0.8758035542776692
radio_therapy,thsd7a,1.070994326630152,0.26715088430245637,0.9722390987611235,1810,1037,0.8758035542776692
radio_therapy,ttyh1,1.06619266752241,0.3467926182579235,0.9788277454285617,1810,1037,0.8758035542776692
radio_therapy,ackr3,0.9410282072326024,0.31847436539460006,1.0806039022577312,1810,1037,0.8758035542776692
radio_therapy,akr1c4,0.9335990801204772,0.30012661230336324,1.0478441536340224,1810,1037,0.8758035542776692
radio_therapy,bche,0.9575764719058482,0.4605282226998134,1.0623925458302867,1810,1037,0.8758035542776692
radio_therapy,cyb5a,0.9410473953305304,0.32035143585711945,1.025179525725341,1810,1037,0.8758035542776692
radio_therapy,cyp11a1,0.9536612072371531,0.47764044685948803,0.9715656526905895,1810,1037,0.8758035542776692
radio_therapy,cyp21a2,0.9574907344631022,0.46603012747520745,1.0230951335276328,1810,1037,0.8758035542776692
radio_therapy,cyp3a5,1.0565820438211673,0.3977722658167714,0.9640467833192354,1810,1037,0.8758035542776692
radio_therapy,cyp3a7,1.09352275409821,0.2202131652959361,0.9875965062505705,1810,1037,0.8758035542776692
radio_therapy,hes6,1.079175081312469,0.23266270530639452,0.9709243865652164,1810,1037,0.8758035542776692
radio_therapy,hsd17b11,0.9510205065742732,0.4244939710731296,1.0073922071017674,1810,1037,0.8758035542776692
radio_therapy,hsd17b13,0.9292664906737887,0.27476071350804093,0.9618880628477993,1810,1037,0.8758035542776692
radio_therapy,hsd17b2,1.0583278550948967,0.3579446534745939,1.0353829089505042,1810,1037,0.8758035542776692
radio_therapy,hsd17b6,0.9345810665922104,0.28847325540985247,1.0880085627485951,1810,1037,0.8758035542776692
radio_therapy,mecom,0.9255804184845466,0.21698301767297493,1.0909427928271094,1810,1037,0.8758035542776692
radio_therapy,met,1.076728800319842,0.258646739174142,0.9544798832469071,1810,1037,0.8758035542776692
radio_therapy,sdc4,1.0460432591845614,0.4830488826531293,0.9963257503466292,1810,1037,0.8758035542776692
radio_therapy,serpini1,0.9363613276822326,0.28730287779610264,1.0594237735170842,1810,1037,0.8758035542776692
radio_therapy,slc29a1,0.9390969546125538,0.3170059860576746,1.0472520447464666,1810,1037,0.8758035542776692
radio_therapy,spry2,0.931731365206433,0.29345532546773034,0.9894367512419283,1810,1037,0.8758035542776692
radio_therapy,srd5a3,1.0579400146673843,0.36756381045076636,0.966741436547264,1810,1037,0.8758035542776692
radio_therapy,star,0.9531412206078826,0.4772483126594348,1.0540916941043628,1810,1037,0.8758035542776692
radio_therapy,tulp4,1.0606940486693928,0.33220502503644567,0.9836502959121327,1810,1037,0.8758035542776692
radio_therapy,ugt2b17,1.066767567516458,0.40577512986090647,0.8757826830130442,1810,1037,0.8758035542776692
radio_therapy,inhba,1.0433370914257134,0.4934259403546587,0.8989052085105507,1810,1037,0.8903516045513953
radio_therapy,mmp19,0.9557821815289339,0.49768091401084635,0.9969024987667814,1810,1037,0.8943482918953015
radio_therapy,ptprd,0.9584975587545761,0.5029566058715909,1.0416411257033775,1810,1037,0.8943482918953015
radio_therapy,birc6,1.0443278927989714,0.5008918836588406,0.9484143346192707,1810,1037,0.8943482918953015
radio_therapy,prkcq,1.0417546942725513,0.5020141004413892,1.048110549912216,1810,1037,0.8943482918953015
radio_therapy,aph1b,0.9591624841707056,0.5087805212647207,0.9399751972356934,1810,1037,0.8968870422387264
radio_therapy,map4,0.9636971316215469,0.508625543783656,1.0550402118310171,1810,1037,0.8968870422387264
radio_therapy,ldlrap1,1.0440293341545634,0.5098867029496236,0.9945035077151273,1810,1037,0.8968870422387264
radio_therapy,map3k5,1.0416994074279704,0.5157852961175319,0.9753342334460332,1810,1037,0.9007821778624039
radio_therapy,sbno1,0.9595001725977397,0.5152583799552923,1.0619784915451949,1810,1037,0.9007821778624039
radio_therapy,rad51d,0.9644484284868085,0.5810447215997794,0.9990524969553618,1810,1037,0.9024742352396845
radio_therapy,cdk2,1.0334872542140137,0.6008015194614802,1.043971028833517,1810,1037,0.9024742352396845
radio_therapy,cdk4,1.0393280009749088,0.5343361171499941,0.9899398605599825,1810,1037,0.9024742352396845
radio_therapy,cdkn2a,1.0412416404708345,0.581658890154273,0.9379238246166167,1810,1037,0.9024742352396845
radio_therapy,myc,0.9609510304379637,0.5424282856405258,1.0264021066955806,1810,1037,0.9024742352396845
radio_therapy,cdkn1a,1.0368495780812907,0.5827224409148843,0.9898601418478509,1810,1037,0.9024742352396845
radio_therapy,e2f6,0.9677837732346031,0.5967587790024449,0.9581982794937342,1810,1037,0.9024742352396845
radio_therapy,ep300,0.9670964939413668,0.5801960996906345,1.0787125834958813,1810,1037,0.9024742352396845
radio_therapy,ncor2,0.9629386947861758,0.5350748283074411,1.0528226153415892,1810,1037,0.9024742352396845
radio_therapy,psenen,1.0336170247208418,0.6047800066762705,0.9374865786192922,1810,1037,0.9024742352396845
radio_therapy,bmp3,1.0358603568169384,0.5861788079376025,0.9925652965966514,1810,1037,0.9024742352396845
radio_therapy,braf,1.0335848012799589,0.5904585318679229,0.9611525357146339,1810,1037,0.9024742352396845
radio_therapy,erbb4,0.9632143233266217,0.5415077649349449,1.0351291425222813,1810,1037,0.9024742352396845
radio_therapy,folr1,1.0360632484202799,0.5782651713614861,1.0001524337130627,1810,1037,0.9024742352396845
radio_therapy,folr2,0.9659607803910072,0.5973765168554344,1.0030977211466927,1810,1037,0.9024742352396845
radio_therapy,hif1a,1.03328638143235,0.6005610585137887,1.0442792603985067,1810,1037,0.9024742352396845
radio_therapy,map2k5,1.0345225505571642,0.5983418104426654,0.983902808651205,1810,1037,0.9024742352396845
radio_therapy,mapk1,1.034966744652214,0.5801000271001397,1.0017518800032614,1810,1037,0.9024742352396845
radio_therapy,mmp12,1.0351000598152815,0.5911199066765083,0.9879771692818993,1810,1037,0.9024742352396845
radio_therapy,mmp27,0.9668394026901056,0.599504514384622,0.9828001111549012,1810,1037,0.9024742352396845
radio_therapy,rad51,1.037269741034373,0.5477568347551379,0.9752806094895362,1810,1037,0.9024742352396845
radio_therapy,rps6,0.961663919930367,0.526107851965937,0.9545270965217599,1810,1037,0.9024742352396845
radio_therapy,rps6ka1,1.0362780022738798,0.5646728589296899,0.947768289998482,1810,1037,0.9024742352396845
radio_therapy,smad3,0.9624272310333138,0.5332275091766719,1.058778499241422,1810,1037,0.9024742352396845
radio_therapy,tgfb3,0.9673128477274143,0.6044999186200679,0.9925324467297474,1810,1037,0.9024742352396845
radio_therapy,kmt2d,1.0375004345122472,0.5538610540911085,0.9506592495443713,1810,1037,0.9024742352396845
radio_therapy,mapt,0.96233868862088,0.549160797682265,0.9184957879823517,1810,1037,0.9024742352396845
radio_therapy,nr1i2,1.0336066123638432,0.5927979684517126,0.9488037924143237,1810,1037,0.9024742352396845
radio_therapy,adgra2,0.9665365640862421,0.582802076275865,1.0262590012844062,1810,1037,0.9024742352396845
radio_therapy,ahnak2,1.037717166823114,0.555566974428938,1.0334414134572127,1810,1037,0.9024742352396845
radio_therapy,bap1,0.9681338459596074,0.5953618385535208,1.0080576447342895,1810,1037,0.9024742352396845
radio_therapy,clk3,0.9645616021145931,0.567947706107677,1.0208568014770072,1810,1037,0.9024742352396845
radio_therapy,gldc,1.0385604479792403,0.552871600572859,0.9175356213363508,1810,1037,0.9024742352396845
radio_therapy,gps2,0.9652569197554556,0.5533889739968734,0.9859142500490884,1810,1037,0.9024742352396845
radio_therapy,hist1h2bc,1.0333833340380836,0.6053405913264142,0.9899605095800539,1810,1037,0.9024742352396845
radio_therapy,lamb3,1.0379871365151565,0.5602131532544021,0.9635837584763086,1810,1037,0.9024742352396845
radio_therapy,men1,0.966181346308324,0.5970852387099475,1.1000949645674114,1810,1037,0.9024742352396845
radio_therapy,muc16,0.9627110985404411,0.5309695797446152,1.0352724659605173,1810,1037,0.9024742352396845
radio_therapy,ncoa3,1.035403389670018,0.5775246192521698,1.038803624650979,1810,1037,0.9024742352396845
radio_therapy,nr2f1,0.9646994166287775,0.5490141920038933,1.0976802114355741,1810,1037,0.9024742352396845
radio_therapy,smarcc1,0.9664753863622726,0.5838924167713169,1.0210257837099317,1810,1037,0.9024742352396845
radio_therapy,taf4b,0.9613379515216124,0.5674042627683007,0.9684808263150233,1810,1037,0.9024742352396845
radio_therapy,cyp19a1,0.9646922057046945,0.5729787982852965,1.029167736543305,1810,1037,0.9024742352396845
radio_therapy,hsd17b1,1.0406604764033016,0.5344062200433395,0.9005628028298913,1810,1037,0.9024742352396845
radio_therapy,hsd17b12,0.9655144290075471,0.5738801716528507,1.0439813297469929,1810,1037,0.9024742352396845
radio_therapy,hsd3b1,0.9626862976070131,0.5579208957615118,1.0189520592529187,1810,1037,0.9024742352396845
radio_therapy,prkd1,0.9619772877510281,0.5442445101410538,1.0658061005811577,1810,1037,0.9024742352396845
radio_therapy,ugt2b15,1.0462377947769126,0.5252895208292113,0.9425653204230804,1810,1037,0.9024742352396845
radio_therapy,jag2,0.968535562907228,0.6116730120868556,1.0784876055965593,1810,1037,0.9091431699406456
radio_therapy,rbpjl,1.0304197684132326,0.6204088178814664,1.043910283912132,1810,1037,0.9110537118623327
radio_therapy,itgav,0.9704724420231745,0.6240196861449572,1.0470756187630927,1810,1037,0.9110537118623327
radio_therapy,mapk14,0.9686615182493995,0.6216495914816598,1.0596323379461245,1810,1037,0.9110537118623327
radio_therapy,sgcd,0.9698021204706555,0.6260000964943636,1.0437888899052576,1810,1037,0.9110537118623327
radio_therapy,cyp11b2,1.0314823290626158,0.6252649134220123,1.0196251820577382,1810,1037,0.9110537118623327
radio_therapy,srd5a2,1.031690188352777,0.6247688109825488,1.0025855646344983,1810,1037,0.9110537118623327
radio_therapy,st7,0.9696727075416485,0.6165371161051013,0.9862917019387512,1810,1037,0.9110537118623327
radio_therapy,tgfbr1,1.0302506516909125,0.6287413308586418,1.0180579633095943,1810,1037,0.9123279251925099
radio_therapy,e2f8,1.0304810439701655,0.633764515570735,1.0226928535871107,1810,1037,0.9154819440945821
radio_therapy,casp6,0.9707650170345192,0.6346592618569802,0.985609651392754,1810,1037,0.9154819440945821
radio_therapy,cdkn2b,0.9696347118258619,0.639410528785938,1.0431078188211733,1810,1037,0.9173878566071977
radio_therapy,tgfbr2,0.9718138013184883,0.6397326362025653,1.024239907621717,1810,1037,0.9173878566071977
radio_therapy,rbpj,0.9717178343613065,0.6432245295564579,0.9862870105480734,1810,1037,0.9182293847034638
radio_therapy,smad2,1.0297938335572645,0.6459527777873038,0.9785495634344107,1810,1037,0.9182293847034638
radio_therapy,hsd3b7,1.0302423013362265,0.6448609415886829,0.8904967687744351,1810,1037,0.9182293847034638
radio_therapy,eif4ebp1,1.0291086741173947,0.6489214058872139,1.0256557176840857,1810,1037,0.9197755579097031
radio_therapy,nrip1,0.9726118267006166,0.6516938794991127,0.9374406480821212,1810,1037,0.921035569581116
radio_therapy,rps6ka2,1.0276284563929068,0.6618388831273716,0.9766743798707126,1810,1037,0.9273329909721626
radio_therapy,myh9,1.0281242183937294,0.6616007053344787,1.06000641436985,1810,1037,0.9273329909721626
radio_therapy,nf2,1.028547189945592,0.6583620265979917,0.997481169199445,1810,1037,0.9273329909721626
radio_therapy,fn1,1.0274721956685204,0.6688968196909791,1.1107628835515726,1810,1037,0.9337074778552377
radio_therapy,ppp2cb,1.0288521137810107,0.6702072080310602,0.9279668719243435,1810,1037,0.9337074778552377
radio_therapy,kdm5a,0.974501971619861,0.678549629358979,1.0921122587569707,1810,1037,0.9341267215943464
radio_therapy,peg3,0.9753837372762532,0.6770316987896969,1.0672227453358978,1810,1037,0.9341267215943464
radio_therapy,zfyve9,1.0266112530977765,0.6749522171842586,1.0057084008546497,1810,1037,0.9341267215943464
radio_therapy,cdk8,1.0262704478653764,0.6800595355574384,1.0387927938978077,1810,1037,0.9341267215943464
radio_therapy,sox9,0.9738002958677455,0.6789521794070239,1.0326681734478953,1810,1037,0.9341267215943464
radio_therapy,cdk6,1.0249660030820935,0.7023247681212546,1.023391661105173,1810,1037,0.9365894959090498
radio_therapy,jak2,1.0251047029912939,0.6990616574735493,0.9148895412938759,1810,1037,0.9365894959090498
radio_therapy,dtx4,1.024591867321506,0.7067515828025345,1.0314931726250776,1810,1037,0.9365894959090498
radio_therapy,notch1,0.9742721504179733,0.6861865269056435,1.0983930235946955,1810,1037,0.9365894959090498
radio_therapy,casp7,0.9767163453006528,0.7038513656657506,0.9851884441902008,1810,1037,0.9365894959090498
radio_therapy,foxo3,1.0245396385381957,0.6946697203483938,1.017368648992934,1810,1037,0.9365894959090498
radio_therapy,smad5,0.9728953984669136,0.7049740336675152,0.9679543879028534,1810,1037,0.9365894959090498
radio_therapy,bbc3,1.024571254320993,0.7060020800729432,0.9891163311525208,1810,1037,0.9365894959090498
radio_therapy,apc,0.97446073794915,0.6856131780601854,1.0371346995291013,1810,1037,0.9365894959090498
radio_therapy,chd1,0.975009797903158,0.6999306104777565,0.9633942095523441,1810,1037,0.9365894959090498
radio_therapy,dtwd2,0.9759475365580782,0.6893273653485303,1.0829615467851263,1810,1037,0.9365894959090498
radio_therapy,hsd17b4,0.9755764592381462,0.6967112440329871,0.998263249072865,1810,1037,0.9365894959090498
radio_therapy,shbg,0.975402862438816,0.6995109866037073,0.9498814270771417,1810,1037,0.9365894959090498
radio_therapy,lifr,0.974458800491189,0.715516514233886,0.943931638140167,1810,1037,0.9456420958388384
radio_therapy,mtap,1.0245230510994487,0.7189139796121823,0.9726964779809156,1810,1037,0.9475712561465152
radio_therapy,mmp25,0.9773428966402954,0.725971472190672,0.8963155989962233,1810,1037,0.9517427611293261
radio_therapy,tg,0.9794485674711138,0.7252580601309456,0.985345080458096,1810,1037,0.9517427611293261
radio_therapy,e2f4,1.021577575365356,0.7349758502597914,1.0468099023454025,1810,1037,0.9528431053111345
radio_therapy,ncstn,0.9791180361873254,0.7404506748839081,1.0076648946389606,1810,1037,0.9528431053111345
radio_therapy,acvr1c,0.9782782233298094,0.7378188184411227,0.9408763203724045,1810,1037,0.9528431053111345
radio_therapy,csf1r,1.0208340148168495,0.7398650610006994,0.9849895943538909,1810,1037,0.9528431053111345
radio_therapy,pbrm1,0.978719815948614,0.7306038275075852,0.9621945262175239,1810,1037,0.9528431053111345
radio_therapy,ubr5,0.9790601864915683,0.7347881719672726,1.038923263479545,1810,1037,0.9528431053111345
radio_therapy,cyp17a1,0.9788372109355467,0.7309717561908766,1.0390228798283727,1810,1037,0.9528431053111345
radio_therapy,adam17,0.9804298448234541,0.7469965447113986,1.0812822868054677,1810,1037,0.9544517120106395
radio_therapy,cyp3a4,1.0209374768158352,0.7464013029048633,0.9851944965283793,1810,1037,0.9544517120106395
radio_therapy,cyp3a43,1.0203750932123852,0.7475562488754088,0.9738778364368461,1810,1037,0.9544517120106395
radio_therapy,rad51c,0.9804428040818401,0.7517112754887552,0.9627975370799041,1810,1037,0.9572017636514684
radio_therapy,bmpr2,0.9801848404331731,0.7549648662557567,1.0032188754616334,1810,1037,0.9572017636514684
radio_therapy,setd1a,0.9814680687517999,0.7555825782606683,0.9938299653582124,1810,1037,0.9572017636514684
radio_therapy,gsk3b,1.018289623091341,0.7657698457625981,1.1490464754218206,1810,1037,0.958076193674171
radio_therapy,pik3ca,1.0204988733484182,0.7660261342699989,0.9634197881970967,1810,1037,0.958076193674171
radio_therapy,runx1,1.0195964159428101,0.7584890325146224,1.0007582328516709,1810,1037,0.958076193674171
radio_therapy,col12a1,0.9813670757743633,0.7654705852274911,1.0731178789936657,1810,1037,0.958076193674171
radio_therapy,fanca,1.0189046308080747,0.7660691037353801,1.013491925283422,1810,1037,0.958076193674171
radio_therapy,kdr,1.017592036440728,0.7813104293995501,0.9787448042905763,1810,1037,0.9658344282715562
radio_therapy,mapk6,1.0164984870351814,0.7841232474924495,1.032333766009724,1810,1037,0.9658344282715562
radio_therapy,mmp14,1.0179163970766307,0.7819441738624284,1.033200536395897,1810,1037,0.9658344282715562
radio_therapy,tgfb1,0.9825096394400401,0.781988685223,1.0350069722070139,1810,1037,0.9658344282715562
radio_therapy,herc2,0.9827257987445964,0.7761093171758837,1.0286558905296785,1810,1037,0.9658344282715562
radio_therapy,large1,1.0174885305470673,0.7835823234782012,1.0018658697203235,1810,1037,0.9658344282715562
radio_therapy,cir1,1.0173839469030173,0.7961321624712312,0.897010628596387,1810,1037,0.9663177583075658
radio_therapy,maml3,0.9841252849747495,0.7889794580787864,0.9690947976489781,1810,1037,0.9663177583075658
radio_therapy,mmp11,0.9828950381026216,0.7976208541485466,1.1536044742606562,1810,1037,0.9663177583075658
radio_therapy,mmp24,1.0156158954235919,0.7932196110435041,0.9749196292272126,1810,1037,0.9663177583075658
radio_therapy,ptk2,0.9839659037306293,0.7983484138164757,1.0199692820411161,1810,1037,0.9663177583075658
radio_therapy,dnah11,0.9860021536876183,0.7935339599417565,1.0844728507310912,1810,1037,0.9663177583075658
radio_therapy,magea8,1.0152372519479975,0.7869813437021477,1.028512291484843,1810,1037,0.9663177583075658
radio_therapy,e2f7,0.9848541587454374,0.8148245258235267,1.0964002647528364,1810,1037,0.967986871228757
radio_therapy,stat2,1.0146706147727316,0.8139372324219512,1.054864995253421,1810,1037,0.967986871228757
radio_therapy,casp8,1.0157928376664513,0.814298892741901,0.9607923422915454,1810,1037,0.967986871228757
radio_therapy,eif4e,1.015160866555531,0.8118468480687235,0.9883490883835048,1810,1037,0.967986871228757
radio_therapy,itgb3,1.016003727394762,0.810784940525076,0.9695484042343233,1810,1037,0.967986871228757
radio_therapy,pdgfa,1.0159700880358506,0.8092599415841133,1.009337287141452,1810,1037,0.967986871228757
radio_therapy,pde4dip,1.0150667359362815,0.8155635806671736,0.9764336433660809,1810,1037,0.967986871228757
radio_therapy,kdm6a,1.0142338687142933,0.811074015184512,1.0265723496577936,1810,1037,0.967986871228757
radio_therapy,cbfb,1.014068196434833,0.8214669242408909,1.0319710624349718,1810,1037,0.9701740900762722
radio_therapy,arid5b,1.0139948421678782,0.8224108626276452,1.0189817782064483,1810,1037,0.9701740900762722
radio_therapy,foxp1,0.9865648348961618,0.8233583791035848,0.9627506378840349,1810,1037,0.9701740900762722
radio_therapy,pten,0.9889644820625924,0.8694304751732317,0.9593583154967777,1810,1037,0.9702463394261651
radio_therapy,mlh1,0.9882486455535758,0.8401921644893624,0.9804619439144582,1810,1037,0.9702463394261651
radio_therapy,ccnb1,1.0113402145222217,0.8632712331276884,1.0473111842281904,1810,1037,0.9702463394261651
radio_therapy,e2f1,1.0095048877981054,0.880813113681446,1.005206812721308,1810,1037,0.9702463394261651
radio_therapy,ctbp2,1.0118388038322028,0.8442735406622122,1.0072413363387671,1810,1037,0.9702463394261651
radio_therapy,rfng,1.012213721181333,0.8500399591579211,0.9998266175610945,1810,1037,0.9702463394261651
radio_therapy,snw1,1.0122585301160674,0.8471434957981071,0.9595952559198769,1810,1037,0.9702463394261651
radio_therapy,acvrl1,0.9898561325176892,0.8730954652508109,1.0108719140986535,1810,1037,0.9702463394261651
radio_therapy,akt2,1.009465172782466,0.8780074584903191,1.001608126318352,1810,1037,0.9702463394261651
radio_therapy,atr,1.012583180565142,0.8455247989155614,1.0692196102334797,1810,1037,0.9702463394261651
radio_therapy,bad,1.0089803492784366,0.8863465395482328,0.9907626438031081,1810,1037,0.9702463394261651
radio_therapy,csf1,1.0098967445399487,0.8772093953611446,0.9950049732704617,1810,1037,0.9702463394261651
radio_therapy,gdf2,1.009726795043313,0.8711544684918077,0.9805026441162155,1810,1037,0.9702463394261651
radio_therapy,igf1r,0.9904935457489635,0.8799897891489916,0.8939763956078539,1810,1037,0.9702463394261651
radio_therapy,inha,1.012229739138834,0.8491669310610915,0.9604482174106941,1810,1037,0.9702463394261651
radio_therapy,mmp15,0.986776572027737,0.8308569524523711,1.0849615395120966,1810,1037,0.9702463394261651
radio_therapy,mmp2,1.0093355712010095,0.8819189721664761,1.0428228208430126,1810,1037,0.9702463394261651
radio_therapy,nfkb1,0.9879912787323789,0.8422124199584629,0.9542472410921651,1810,1037,0.9702463394261651
radio_therapy,pdpk1,0.9911333169481705,0.8821968076109232,1.0541221111060834,1810,1037,0.9702463394261651
radio_therapy,smad9,0.9884557263890604,0.8526603642399889,0.9840293121646059,1810,1037,0.9702463394261651
radio_therapy,tert,0.9902907203905096,0.8758465222988981,1.0200941977394902,1810,1037,0.9702463394261651
radio_therapy,ros1,0.9906587808828876,0.8830191212654331,1.0584010142929303,1810,1037,0.9702463394261651
radio_therapy,tubb4a,1.0100369578478599,0.8658817385953729,1.005155696481785,1810,1037,0.9702463394261651
radio_therapy,cacna2d3,0.9904827990650901,0.8783776936711755,0.989207316381475,1810,1037,0.9702463394261651
radio_therapy,dnah5,0.9873750079240743,0.8354706826956481,1.006333195632978,1810,1037,0.9702463394261651
radio_therapy,gh1,0.9893800187381874,0.8652316620455743,1.0199421496812497,1810,1037,0.9702463394261651
radio_therapy,nras,1.0122644721860636,0.8461713063299647,1.009211771125152,1810,1037,0.9702463394261651
radio_therapy,prr16,0.9891184185759205,0.8609920818117944,1.022133886569248,1810,1037,0.9702463394261651
radio_therapy,smarcc2,0.9909980161487463,0.8869122980030589,1.0219152263997384,1810,1037,0.9702463394261651
radio_therapy,zfp36l1,0.9903608732050416,0.8760732300185349,1.01133815312392,1810,1037,0.9702463394261651
radio_therapy,akr1c3,0.9883328883881973,0.8542741849847494,0.9689224533295384,1810,1037,0.9702463394261651
radio_therapy,prkci,1.0106547471169751,0.8699158991969421,0.9765998022041623,1810,1037,0.9702463394261651
radio_therapy,folr3,0.9909160423556947,0.8897744223790436,1.04455911130195,1810,1037,0.9712046708556972
radio_therapy,brca1,0.9918110700126231,0.8947793450120085,0.950259363355628,1810,1037,0.9734171269186723
radio_therapy,bmp15,1.008548385366167,0.8957826321337475,0.9802979471018551,1810,1037,0.9734171269186723
radio_therapy,notch3,1.0070377594852615,0.9091221829412124,1.0720991164578881,1810,1037,0.9760903553237235
radio_therapy,inhbc,0.992828683084404,0.9102192270503433,0.9658544931464403,1810,1037,0.9760903553237235
radio_therapy,mlst8,1.0078049611743356,0.9021386708021171,0.9623053718168894,1810,1037,0.9760903553237235
radio_therapy,tsc2,0.9927934016618886,0.9064185468513424,1.0107355983140576,1810,1037,0.9760903553237235
radio_therapy,map3k13,1.0072276706698586,0.9094663934635698,1.0392094198384194,1810,1037,0.9760903553237235
radio_therapy,myo3a,1.00763262336507,0.9055859942710429,1.0163573579955953,1810,1037,0.9760903553237235
radio_therapy,klrg1,0.992898977406737,0.9168900079086209,0.9778347160638619,1810,1037,0.9780674974854487
radio_therapy,nt5e,1.006835974417516,0.9165622926947676,1.0318294241721107,1810,1037,0.9780674974854487
radio_therapy,ryr2,1.0061505480750232,0.9200634945670888,0.9576026735742867,1810,1037,0.9780674974854487
radio_therapy,ar,1.0067080355836693,0.9191747579644793,1.0458771685914143,1810,1037,0.9780674974854487
radio_therapy,akap9,1.0056859897236732,0.9271358070288163,0.9089070195172403,1810,1037,0.9798619775487459
radio_therapy,akt3,0.9942039143810663,0.9266124828080464,1.0257007350705456,1810,1037,0.9798619775487459
radio_therapy,tnk2,1.0056948128953602,0.9277629766974834,0.99297740994127,1810,1037,0.9798619775487459
radio_therapy,chek2,1.0052285361517468,0.935172450904037,0.9592320939465246,1810,1037,0.9813290310988715
radio_therapy,dll1,1.0049870051013274,0.9342341463962524,1.036887612930016,1810,1037,0.9813290310988715
radio_therapy,kdm3a,0.9946840414109239,0.9339996333980668,0.9798301422215768,1810,1037,0.9813290310988715
radio_therapy,mapk7,1.004681810552024,0.941046745524254,1.0724964090727145,1810,1037,0.9832732020541884
radio_therapy,kmt2c,1.004443789911522,0.9409219942194069,1.0021466501979737,1810,1037,0.9832732020541884
radio_therapy,dab2,1.0042201628233296,0.9469646213015532,0.9921789426692742,1810,1037,0.9852461698222543
radio_therapy,spaca1,0.9957828720981294,0.9463844394844629,0.9641004653442344,1810,1037,0.9852461698222543
radio_therapy,lfng,0.9972323898512999,0.965318892464726,0.9937667449276755,1810,1037,0.9893413983159391
radio_therapy,acvr1,1.0030161118967496,0.9620279061038195,1.052009256915389,1810,1037,0.9893413983159391
radio_therapy,casp9,0.9972494032492465,0.9648288591693809,0.9849799498113458,1810,1037,0.9893413983159391
radio_therapy,mmp16,1.003333702125619,0.9576315312000886,1.0370710076178231,1810,1037,0.9893413983159391
radio_therapy,opcml,0.9962912691075128,0.9532553424998889,0.9899508652271121,1810,1037,0.9893413983159391
radio_therapy,myo1a,1.002674335966229,0.9670862748364395,1.0413245073832702,1810,1037,0.9893413983159391
radio_therapy,akr1c1,1.002875200449004,0.9639416957733158,0.9588263693756733,1810,1037,0.9893413983159391
radio_therapy,ugt2b7,0.9968135813378688,0.9595556450894978,1.0296498382902313,1810,1037,0.9893413983159391
radio_therapy,hey2,1.0018469211031182,0.9761699252022031,1.016614802957872,1810,1037,0.9921294270702232
radio_therapy,bmp5,0.9978983468064532,0.9722977252830247,0.9947747736752264,1810,1037,0.9921294270702232
radio_therapy,eif5a2,0.9980266635129625,0.974260359948153,0.9932931296550668,1810,1037,0.9921294270702232
radio_therapy,ccnd3,0.9982045862558991,0.9779271653330217,1.0078567558565292,1810,1037,0.9921294270702232
radio_therapy,afdn,1.0015295192738287,0.9806782857273582,1.0251724049198012,1810,1037,0.9928606246804931
radio_therapy,ccna1,1.0009549558494069,0.9887617235698806,1.0309435546295793,1810,1037,0.9958098139029982
radio_therapy,lipi,1.0010358543312328,0.986691983230302,1.036183982239669,1810,1037,0.9958098139029982
radio_therapy,hsd17b7,1.000814012944421,0.9897005512410166,0.9208286761024093,1810,1037,0.9958098139029982
radio_therapy,rpgr,1.0003322756007564,0.9959238026300178,0.9227087015057519,1810,1037,0.9983346639281732
radio_therapy,ddc,0.9997158258902975,0.996293079748361,1.008272831678206,1810,1037,0.9983346639281732
radio_therapy,dll4,1.0000525020069562,0.999322533445871,1.0446653291053074,1810,1037,0.999322533445871
