genes (489) | Gradient Boosting,genes (489) | Random Forest,genes (489) | Regressao logistica (L2),genes (489) | SVM RBF,clinico (6) | Gradient Boosting,clinico (6) | Random Forest,clinico (6) | Regressao logistica (L2),clinico (6) | SVM RBF,combinado | Gradient Boosting,combinado | Random Forest,combinado | Regressao logistica (L2),combinado | SVM RBF,y
0.602200634560131,0.44985322174371656,0.13232179174537825,0.416546900940179,0.8398216098084659,0.775619756631142,0.7685892346795576,0.8314292075580677,0.8951775739639806,0.5176396858649307,0.3172024757826071,0.435148108663022,0
0.20604272870392723,0.4221441285978726,0.30128920893398103,0.38029543035306906,0.683580884069263,0.3778524405233196,0.2840349623921279,0.26634882022058715,0.033377494860531064,0.46169888395087527,0.19917059779163102,0.31857935990801567,0
0.4128225495049809,0.39842712939993435,0.46211736438629947,0.38769744387900723,0.5166153122240602,0.5645817328594098,0.36596851127616964,0.4559550949895909,0.5133396514057197,0.4284743674230935,0.38129216556265716,0.3569313189580408,0
0.7262569368476622,0.5434621932537534,0.5481028951633681,0.5186907441787355,0.7022706495780563,0.869593720761897,0.8082281535635195,0.8348549046605275,0.9146024449690034,0.62833963176164,0.5055648127211635,0.590037822494207,1
0.4586183423325229,0.5582450780938288,0.843590698361822,0.5541465882956628,0.7020127678013067,0.6585826550042259,0.6186750139716273,0.6991295350332201,0.6067684972924282,0.5560417534485901,0.8259671857627446,0.587704041639682,1
0.2917970311293725,0.3873068341857973,0.36542990061541797,0.4726117150709813,0.031024882812538224,0.31577734692824244,0.35024153509921735,0.3074009739122772,0.09215179069623004,0.4053767870775425,0.4626768543525785,0.47567643430484075,0
0.21391171737929537,0.3966339369739653,0.14272001083331015,0.3471271244439215,0.9883026545043894,0.8009022429262043,0.5762608171044646,0.7609402551494623,0.9045289093223647,0.4461156907758903,0.2905365149168105,0.3213252472628292,1
0.4736016334670825,0.536116139469912,0.21646360411946908,0.48331708939990914,0.9968011032724632,0.7617921080486859,0.7054793181112887,0.7938237965171209,0.9750701929334595,0.5232517860099545,0.18531311751270968,0.5185732944053075,1
0.6483746256002871,0.5122109438793593,0.9478973259991965,0.5583072256446658,0.5415208786616604,0.6017533193989295,0.6838981594512652,0.6630584641175308,0.6710329439052318,0.5109914997265863,0.9135757162991113,0.5633130199392343,1
0.39107475759393356,0.46499394915340697,0.5412179355859749,0.5419739951167651,0.7642767369669343,0.7125897658916654,0.4391761338198683,0.7297685049627203,0.8134889180598026,0.48632024154028286,0.45149795155318606,0.5299537402660213,0
0.08838917549486136,0.37618387909797474,0.008411079602884466,0.4375584055854276,0.13653575936043355,0.3364575544272008,0.35762977141824476,0.3219596389888476,0.060940777302907416,0.38975644280705196,0.005014474372290103,0.4422674036850468,0
0.6364005350803422,0.46578920912422084,0.7741700032744349,0.4228544791169323,0.15241522401458052,0.31900048054346714,0.34528762902766214,0.25569170598847507,0.2481592916625639,0.47370593311740267,0.4962771437211124,0.36704200971713513,0
0.927519879795436,0.5889719184614941,0.92173846777107,0.7305332855040584,0.9068373181116245,0.8408477084597573,0.9232119368137447,0.7388320485583413,0.9820515000262351,0.6498865677711961,0.9977217254783252,0.8886723827636711,1
0.46083817640969693,0.4488014814256404,0.3318067524884024,0.4561599823082287,0.5077683801912137,0.489729317319877,0.4276237213678163,0.3171943267403178,0.23280239888198584,0.42197809217925253,0.5943336566947172,0.45442767889537156,0
0.5924640447930051,0.49282484182179964,0.8960335923677695,0.4698735155495888,0.5438053996373662,0.4613399871269545,0.4874897074903199,0.4152401486512345,0.4467278393605521,0.4919037722854002,0.9349821854290183,0.4813930559452201,0
0.7965768461684266,0.5112890540351808,0.566478482651505,0.5501794433699887,0.1334478287783753,0.3998445146514603,0.28538646138953855,0.24093290569066952,0.6572417101385595,0.47965454572777266,0.18459793850096623,0.5162894094281979,0
0.14402869678580407,0.4590220650459974,0.004586533665117878,0.4394718364181097,0.1711665960505536,0.3850537271727995,0.3819477687911657,0.28966138695634364,0.20364005116574627,0.46084020537185394,0.00293333861812784,0.44279500014346335,0
0.5053934775361708,0.5252350622837872,0.2499044108740782,0.5230892900033429,0.653708238756143,0.5599546604609712,0.41542198805000086,0.3587734475176709,0.08845883347286194,0.48835196754486165,0.2369759843537362,0.5,0
0.06939902980267645,0.4504227010377344,0.17887982553748746,0.3740890146169877,0.9269625477558048,0.8194763325594997,0.6727332052509231,0.8248530109736227,0.05032801405590573,0.468599295956874,0.39959786752034326,0.37924720649569377,1
0.037642803578334626,0.35283758244661,0.2110262570054316,0.30285957141532716,0.054539314561778574,0.15421080658472777,0.3427188496550387,0.24962633838902298,0.016376016667421535,0.29952649513326085,0.20193678842819068,0.2532330578760197,1
0.3538513957696312,0.4449839430438931,0.2386416261228839,0.39407427199575773,0.1509794793817518,0.3188231662537535,0.2985184532795714,0.2434513459305789,0.15779036516180306,0.39737217374817724,0.3187052168952932,0.3762244855287399,0
0.27373152068350426,0.4847821432603558,0.16301730559119706,0.4402482877900635,0.3732199222864166,0.717164578488057,0.6716704039334895,0.738079496361792,0.572149512866856,0.5113309707060031,0.2506566594527753,0.44966677815994727,1
0.5093635493500723,0.5192955157330247,0.04734286185018358,0.46857656091157507,0.5455627590007999,0.6628883062457445,0.5852816538106386,0.6595854933500677,0.3439602958354529,0.5368257426445429,0.034268268258647365,0.4696284063251711,1
0.16575482522166504,0.4114403295791809,0.8417978489099469,0.4310109827078427,0.0047195286128896745,0.18142692258801524,0.30702398257230035,0.2590827725008971,0.029192165133181503,0.3872523367471406,0.6600254552268073,0.37317143738277425,0
0.04299137122772503,0.4047109407698593,0.01716580156375925,0.2574361360813541,0.8114343475400948,0.7631041839412636,0.7217009889387971,0.776375486347708,0.755367869244564,0.4857234783749797,0.1144742545103757,0.34303118865678234,0
0.2414986875216272,0.47781376632425454,0.48152682060473717,0.4487895375252692,0.7306002195995076,0.594977968174576,0.43592533929202976,0.2958999784139382,0.2575595490430199,0.5092093441825561,0.5375935034215218,0.42878473482994983,0
0.04359902019786517,0.36248554552506834,0.05123482270062853,0.35804010508109063,0.08383642489176844,0.21925547548764743,0.20524756170922137,0.1613175992789279,0.014956183403966834,0.3291527694984351,0.01762747619176096,0.33634979686295624,1
0.1863035474056613,0.50519304669106,0.08265422260962413,0.40910592377493266,0.4220001601959975,0.7822210561081425,0.7325365151095519,0.8501746929575789,0.3065171108418393,0.5322009678572869,0.15992749496575906,0.38872221191384243,1
0.18987234081893942,0.3382154579200969,0.043952206166999554,0.21475206385068368,0.10511031598453019,0.1484337452523654,0.18615236825155337,0.2301379959939558,0.011928760488862157,0.3267199653691445,0.02730746098185639,0.16097550247260997,0
0.41360691619253026,0.4809241201284586,0.44085838795655613,0.4821026456867309,0.9877257285531206,0.9058072563159869,0.9675751744118395,0.6778628503236612,0.9940387574538624,0.6015480525443512,0.9649865706230795,0.7345049414893392,1
0.16154518475371354,0.5108003250596,0.6245562409038086,0.5311673447910441,0.8733496336979695,0.6111756329156397,0.306995163391449,0.4160989470684853,0.17262324503643706,0.5039456635827365,0.27167149542549646,0.49128459988433754,1
0.44944000621265967,0.34713963123052277,0.85635879599635,0.5058153071075266,0.7990487517106114,0.5400608257691965,0.42647715155623395,0.3694164155927212,0.16485099381667154,0.3965746556663934,0.7404673206398545,0.5107650460794206,0
0.7107102662747287,0.5277705679467143,0.5480818798437759,0.6133679329144568,0.673361273247167,0.7054256432359233,0.6216787387668773,0.6888781954281613,0.9396481528473216,0.5399800074056199,0.6215813651338951,0.6377092747433644,1
0.054113056365613164,0.46058761433334555,0.22176977578970844,0.42502239029211664,0.4877119900470733,0.6363409098697184,0.6128251038462019,0.5621295402902597,0.6776345765050678,0.5377406324956506,0.16500068591409608,0.44148961766119704,1
0.5509359265102005,0.4471297188862704,0.7663724088085102,0.54328818239192,0.9807863670863846,0.8704719427859026,0.6484658609430661,0.7663835832451669,0.9552263840912674,0.5441697132676836,0.9477162973099914,0.650743309200109,0
0.005971475784664961,0.2782223899163295,0.7454069964914697,0.3964208907415961,0.12193180694367485,0.2614561888984098,0.24638870469910198,0.264351752585323,0.004373473262459607,0.2697553344580901,0.6120799441806427,0.3472882417756021,0
0.3075319735917957,0.4995885632744833,0.8732551125706752,0.4763296635852756,0.6531073953833169,0.6767337835373807,0.56137596088498,0.5222656315046744,0.9012053918589802,0.5234746761952748,0.8709738487348965,0.4854888891353414,1
0.8030367159317178,0.49526289978813054,0.8996799775296563,0.7684924411994307,0.15364573437913598,0.22732325155657315,0.2921645390505042,0.2582622588108749,0.254117775421507,0.4599777269679323,0.7062808540050033,0.7892487838623684,0
0.8866058201293068,0.5765495526768087,0.8911584977373329,0.6538003053966754,0.09682054959940609,0.2739707837744211,0.371551593578665,0.353854102455111,0.6730380492093018,0.49067974534778863,0.9330793264449952,0.6729889028353334,0
0.009788118743473885,0.2989720289856578,0.3885345915392235,0.28931097794881994,0.171161194736989,0.19869814620700885,0.23665581496467739,0.20003863706775388,0.001636193850164309,0.2274269654485295,0.20630158566911805,0.2182640325035233,0
0.7991484347380438,0.5792154089052107,0.5305295651774391,0.6386627997835764,0.6308212655406346,0.6613507770646747,0.7103055932245372,0.6693730441358753,0.937316747796071,0.5972976018158858,0.7680681786827626,0.7036346980058156,1
0.8164060131266913,0.48190859043908274,0.8868152495019063,0.6245352592069606,0.04847222265098937,0.22018094511267425,0.1735165326038787,0.23342813269732432,0.038520156401371755,0.4028696506397776,0.6778419489782515,0.541218069373906,0
0.15778028346963244,0.4721173797712823,0.8879874801230794,0.5211206332587452,0.3345973170926908,0.5367172444288454,0.4169765839334507,0.42738025560381526,0.2987090986459251,0.48677144218643026,0.8470050127656504,0.5558492547802173,1
0.0409447630845799,0.2899497521966756,0.22622659607384388,0.28638640504589935,0.15579098604587868,0.2721516001647173,0.3944732597135138,0.3701917877232437,0.027494108066315713,0.28631378693889886,0.5470596785958679,0.29761791860570597,0
0.9098259866862618,0.5280352514065564,0.9555930150063359,0.603072842573227,0.8965829791202976,0.603773438327783,0.6352328618616567,0.5670941293102498,0.798993541463761,0.5955068818879107,0.9764948376261661,0.6829096929268077,1
0.011960478426335863,0.21116873240655157,0.041300143690107885,0.1583336130252065,0.1645694532497205,0.19006508308848524,0.1876120874337895,0.2303043761610611,0.004789265054330338,0.2020101210935499,0.04107076821022383,0.1042060777794606,0
0.7345069502157877,0.4694442032956535,0.8105619858486619,0.4887481630065193,0.7374978247499666,0.7374474884979852,0.5588301662906076,0.6049551461809183,0.8319813801197811,0.5092925056535818,0.7894259731852614,0.5438663269583843,0
0.5354907517013117,0.49911518637288216,0.9505267964988161,0.6292850237576582,0.9413708621386563,0.6909396307195961,0.620888312349916,0.7252198382985764,0.9305775018797925,0.5523667448470205,0.9663962115522314,0.6995237179630821,1
0.19983980335321536,0.5010092360650737,0.9220637556501576,0.5310216567459963,0.8267559991824112,0.828407547522733,0.7946078575540082,0.7811695481283688,0.932934563166939,0.5794547822032485,0.9558551529056353,0.6972598939438382,0
0.12096991483216248,0.3207823877155042,0.03509077736117367,0.22683713594612873,0.34082488974479574,0.3760731278361992,0.2460692423231226,0.23860688805368652,0.04836400918748888,0.2629243346725683,0.024533225949180174,0.18507868900004681,0
0.9510376858394153,0.5488092488048086,0.8205238314236465,0.633184807018127,0.5639295721266396,0.6931010724018183,0.677689720256001,0.7250119679451573,0.7494264815672962,0.611725674685372,0.8016420484709036,0.6956757364748095,0
0.8554852280538002,0.49969136443214446,0.9147498995418726,0.5,0.7448028245623053,0.8251344814482413,0.7421442948414388,0.8071661821219772,0.9445119059600828,0.5233171446337427,0.8887909298473723,0.5443220067715848,1
0.767451017846572,0.6027094439633592,0.4082637547763974,0.5166448596015009,0.7161779365196613,0.7470410878327757,0.6850217643998419,0.760825425147505,0.7195317101516479,0.5650081909625464,0.5522391359874801,0.5374156207239087,1
0.8135357038663589,0.5095855875892689,0.6933691076944775,0.5259323822301896,0.9684685238522118,0.8563503403619717,0.7711664287124669,0.7507177671366645,0.9225425683108572,0.5630816535765432,0.8670327642665536,0.6655932503412726,1
0.6461216118847757,0.5553111006527818,0.16733591592258076,0.5221912523306929,0.9791520395325735,0.82450824654006,0.7542542154216713,0.7756598151580992,0.9923868107583781,0.5933286224634633,0.5272528417428625,0.5767110235883154,1
0.3463305757553725,0.4705297387533428,0.15517419227311008,0.3836153564392876,0.868125630512126,0.7386721521936507,0.8295115706825787,0.7540360059021656,0.9809973601763481,0.5419411689758595,0.7373207620208851,0.591108057982968,1
0.7812263020031532,0.5923913202795982,0.9022118870559435,0.6182599896570964,0.813685987932761,0.7568884303925281,0.6799552498185775,0.7489566816187251,0.9786292362086744,0.6586383742017988,0.9150429838799089,0.6951577037802662,1
0.4441633562769492,0.46758023254893,0.8571542933117313,0.5505135713752775,0.14376359077611298,0.2967677571326568,0.31669499897222364,0.2703999778840436,0.1736840732507504,0.4138635632561644,0.5785686971298699,0.5157179376369029,0
0.3747305810520734,0.4532561383949853,0.3418032911232849,0.39395397185284614,0.1374831059234141,0.4899006435809813,0.45620806042159223,0.5973084112761822,0.8316575784523612,0.4703067105126284,0.2957587046082512,0.3430100366316196,1
0.0765606826002243,0.37416946194801776,0.8292097374539545,0.4686500021061037,0.003379282474873871,0.12823299617355868,0.22318179203642285,0.1705138021540412,0.004735185135231745,0.27306211191831703,0.430933340293492,0.365198601291976,0
0.1590826620503576,0.39399703932206326,0.5885642653731448,0.33962086572832895,0.985513952254248,0.8294646023411587,0.618353101511103,0.8403191357707647,0.9680760835693529,0.5062054916006512,0.6834010371450898,0.3907017233834155,1
0.9064036916516872,0.5672145630750766,0.7564282454245967,0.6323006731735206,0.16447845095967087,0.4283418882357523,0.5248380959431206,0.4508045228430528,0.5689408242048631,0.5771800364143205,0.7679052694454831,0.6442279854341625,1
0.7062443935536892,0.5518245689066962,0.8350625029909459,0.5834076020791054,0.4679059911438647,0.7036511953014283,0.6467543674869465,0.5854412459580933,0.814491981478156,0.5498259062020853,0.8939068131719552,0.6267333699909756,1
0.8466427491387143,0.5533157165711755,0.9043959309258808,0.6540683192076423,0.5399949989795778,0.7873270179376853,0.771272349325014,0.7585819497557381,0.988646692655816,0.6113239744035689,0.9453990167393211,0.7201984776026783,1
0.3551119020817886,0.45285881730534444,0.8419243245048929,0.5861542109377592,0.6579966872343211,0.6723280046591942,0.7321674837384373,0.6830822200225427,0.9486145615061651,0.5678521614587688,0.9586977668672434,0.6943430365627898,1
0.9152694769703239,0.5662052365350817,0.083474990170681,0.43654600539753785,0.9326679637434588,0.8186918554643607,0.6785544550044205,0.6755152330813818,0.9648147109870819,0.5581443656722772,0.3371551403976501,0.45741165290086483,1
0.29005835884210374,0.40865614368846365,0.3468529074044125,0.29530722941069504,0.05658629710668765,0.16112425388603835,0.24727656018991215,0.22897137873332138,0.03591649907634546,0.3366360640544857,0.20688941840288805,0.19927812500730366,0
0.8744517780668657,0.5237070535439321,0.19818704212018537,0.6360603404830212,0.9660890872547763,0.8507482512158916,0.8978035148545853,0.7323288066091768,0.9822429295056778,0.6075704653880671,0.6310013587810585,0.7406573942295365,0
0.09780915767030517,0.41849428044040776,0.4687492221498793,0.36639808304217336,0.7963647708664242,0.6457655533001034,0.4496288112845741,0.4596565083940044,0.5920107904609873,0.4802735517237094,0.41596660546072856,0.38924407345569567,0
0.30608916397872954,0.3396756947297806,0.3582314431101299,0.343571316049199,0.09715849575602782,0.20392930452594052,0.3418331780995411,0.19684751389378943,0.03234424248206145,0.34933803313993067,0.2870055683204108,0.3092641141823966,0
0.18575493816131525,0.5106111287648982,0.34428966008273826,0.46502592130289305,0.8241132062230236,0.7125860165575905,0.6032997078710368,0.6512191981511063,0.14906935113926428,0.4765038678183512,0.17441491768478315,0.46646744886128133,0
0.9762166713304105,0.6858207142078625,0.9929511902140503,0.7785298792066404,0.32376914848139626,0.4221242796416626,0.36290575948547754,0.3392665588143891,0.9633573602034318,0.6523778096030438,0.9840613501441855,0.8084010810908903,0
0.9354255735642212,0.5677672025547233,0.8708349212453543,0.6683027759735807,0.07277125271079292,0.39189821817396364,0.30352700476752453,0.24479969425202394,0.7970385387688425,0.6120689253078498,0.9189408403953189,0.6686231149829026,0
0.5456229223563308,0.46366185609317984,0.944201754147484,0.5615629813622136,0.9798590308659795,0.7208315829052458,0.5831488826074533,0.7561704058676378,0.966067088277038,0.5634441975751014,0.9207058211632881,0.5841941743889997,1
0.024639718617972418,0.3891223963449352,0.023590286225302435,0.29566777920938664,0.6136061350989347,0.5392230857674947,0.2988648994100427,0.43636370475919084,0.46352318412459353,0.4037453654596225,0.016231282798232476,0.23350963510052627,1
0.06846096141632864,0.26999555221557575,0.04939999253867314,0.25881661314238547,0.02342033967283582,0.17363528273404105,0.3356389925717302,0.28926793939366047,0.004771977686779527,0.2561574039634926,0.04553013225775645,0.20902458413447167,0
0.14196667576805802,0.507772556304302,0.8225184920542632,0.4627907800745369,0.3547420754550824,0.503308616155656,0.4784677266867412,0.3831129807856389,0.01762433131284781,0.5261023083933691,0.7586391304758066,0.45294860764064193,0
0.13785383048536373,0.4309435001651596,0.2577180768089178,0.3484137693757483,0.055104583960079806,0.19596696315224155,0.2681658496651599,0.23292583510855053,0.07022872058416203,0.40928711469908036,0.18682489234652574,0.2882947737998987,0
0.6610942541286654,0.5407817008132411,0.843350629276358,0.5687045144190154,0.224150633202059,0.724673483385812,0.618251374593332,0.7564938237475085,0.9147378462451332,0.6041472461365301,0.8330855041769522,0.6337188487407861,1
0.8259192250801551,0.5415123477169906,0.8112327513471908,0.5541606965232805,0.809621057363919,0.6768463909015265,0.3191093092265455,0.44516534421183956,0.47439347944757154,0.5146076784055098,0.43444877964271184,0.5368862534731541,0
0.7989660595037982,0.5427876235204755,0.8761443348513309,0.5894020985026017,0.6408154162277695,0.5241449487349722,0.549925287864227,0.4352829396135673,0.9048218248258468,0.5323005432602474,0.889748083717069,0.6122921986594074,0
0.5209081433939111,0.6152560996903805,0.7293741496773024,0.6911826894759443,0.8623334261669853,0.5153659759132774,0.36758347986874146,0.3981154660339037,0.9397574637886325,0.6259878813212607,0.5963913722196699,0.713439586517579,0
0.31771599931860073,0.4386162439344634,0.21721824249770247,0.3837745522138624,0.4137166328667529,0.5885960901850592,0.3472439167339426,0.47898092665161346,0.4577458865876632,0.4550555987704842,0.19688411085985003,0.3733972827522669,1
0.8678030811054124,0.5763450702348624,0.8393586231411931,0.5676763995146566,0.8980431537316234,0.7572492458184003,0.8501819982582464,0.7774358549731435,0.9971473698872925,0.6322478261584387,0.9022683635351819,0.6169076156132244,1
0.7658990470875177,0.5280864679014823,0.7603726391357953,0.5553282355761293,0.8903552357390794,0.6001351042700351,0.5468882344523935,0.5467626352725631,0.6196919637412905,0.5329214392393112,0.8237489746114222,0.6226116659874494,1
0.31815023039093154,0.41644932756175346,0.633049707168127,0.3840133136958401,0.15013727529687282,0.14808704807842196,0.20247270334588435,0.2757021711619475,0.13780068725525402,0.36626000940999276,0.35428653729473536,0.30328908351563727,0
0.3977009649523892,0.48233743511595567,0.6351477102693789,0.46273849005932,0.2777306501390542,0.4035964969362736,0.3378464873625735,0.25168992664372464,0.3858761398084356,0.47658972191590626,0.5504334345589212,0.41457427755050247,0
0.06588166857906147,0.2840806757771289,0.0888907791558458,0.26470050465593514,0.5477373104728619,0.38009151777882216,0.3919133859577343,0.24682303279562706,0.03366219360478955,0.3033404976832301,0.09268607498910834,0.21802545923819533,1
0.014611095106218306,0.3183584779225798,0.028941552132038823,0.19544227298813818,0.04495410804842937,0.05692289610559977,0.13156474299568835,0.21346779134109042,0.001183184359366849,0.2510848755110127,0.017450456045753238,0.13423376417584054,0
0.2045915330336353,0.4869494436138248,0.5066785692862399,0.5496954450109862,0.790954039830389,0.6837302457330093,0.3578303216570133,0.5162123434716629,0.8722735285800809,0.47593772424345815,0.40833693530116827,0.5081352626503455,1
0.4857115805694462,0.4035316945431905,0.17485697098745653,0.33544031458404294,0.05183301788010557,0.1998954164960978,0.2515565575448588,0.16578870146621388,0.029031574083492384,0.34992740676985695,0.13359683144515866,0.28841986212336196,0
0.6173651231733415,0.46817757098374896,0.367304013353014,0.472327069533349,0.1128284536627723,0.35160266819048824,0.19224602958575868,0.24611807208212635,0.29746562003514615,0.4191295096060185,0.1935488594766654,0.3783178576621827,0
0.03889060067754372,0.4329372478251927,0.5954490640979921,0.3411219381444134,0.6810252716858607,0.6800213257870316,0.5305420320751257,0.492185162600352,0.11744288559323496,0.4645883595439863,0.6014607423561676,0.3280850464963347,0
0.1993834425912265,0.43338537221407974,0.08219784496598508,0.35441978908280397,0.32074818186410897,0.49659208968361596,0.38411221893264036,0.41656010258999404,0.8956146287276722,0.45677578267656105,0.08231314976892193,0.30144145284618395,1
0.7279942366930601,0.627953678411086,0.8238456120474492,0.6510774102557236,0.5949169312457103,0.5266654237846421,0.3485753899188404,0.25274464326548307,0.7775635773013664,0.5866597762159008,0.7784745115441652,0.6686669843719423,1
0.08508525543530979,0.4261828516052731,0.5254597380011368,0.43873240545334535,0.28087710120229403,0.3512775965706835,0.266750868728619,0.24853032176198797,0.019080807145550098,0.362693920022139,0.2902600681915939,0.3942309574106127,0
0.3177785896899416,0.39089103744552983,0.15747988258782447,0.23326306495996071,0.26440087961013375,0.4286830481672222,0.37363802552036524,0.32335845305285593,0.03528522910942845,0.35747882720061497,0.1476665666013213,0.2093508462597259,0
0.06592574204030903,0.3607792256292275,0.5069671193335493,0.35675768623475695,0.14556759079693096,0.24779443518011982,0.35135893966712894,0.34561514275018385,0.023599495193689587,0.33659188401832485,0.49613074136014107,0.29562071455551375,0
0.10396993753467484,0.2925243290491365,0.4750046727380369,0.23949729365336467,0.11663906286531481,0.11865240051280074,0.327846547063074,0.2510118422521343,0.05961313963074962,0.2742885247694947,0.5882450611229593,0.19841239268609576,0
0.6486662335920065,0.5903655141060888,0.9426999939962668,0.6352284223704455,0.21788544097723703,0.36051084394642147,0.39007683798665355,0.2572216126605232,0.11246789755539656,0.5382459428752032,0.8375910661654559,0.6007231031243309,0
0.042190962093204915,0.3063935606528026,0.034510019387186175,0.2903666757292168,0.3166075374085889,0.2362329979480867,0.43938376939680135,0.46025175807121715,0.009444563800001247,0.3020676480114512,0.04455046047120864,0.24363763703074048,0
0.14344510262381419,0.286064134039183,0.10048658150148783,0.23332259064465874,0.04333072942773876,0.10931244117233091,0.15066624636290024,0.2506900316974036,0.05858139467051704,0.2603683660884758,0.08434961147163798,0.1488540840130201,0
0.279403814723289,0.41300518167522504,0.250378361088604,0.3667608218633547,0.20865671766754224,0.28634153132571233,0.22525075805570677,0.21521957641585066,0.034986298680996945,0.41262342740188873,0.06047191265145466,0.30162254260811405,1
0.3238136701627237,0.43977293223447583,0.44579658012631745,0.3884167118835209,0.7491436773783174,0.5956478842720441,0.5652730942170637,0.6950193256380413,0.1714004978864986,0.44641474575728035,0.6762891810758788,0.41830004019618067,1
0.8778580472545313,0.6074782610249626,0.9323950120767159,0.7113552814433665,0.6944545235681642,0.49760176619734736,0.4525013679293159,0.3465796440637702,0.8729561960869228,0.5707957476431892,0.7979742655589704,0.704998875607841,0
0.8488477400585591,0.5692117649417759,0.9268410298541093,0.6839539846846003,0.9719882705367487,0.8186623122725013,0.7715120610041093,0.7528508465099614,0.9691217381941761,0.6060758094411439,0.9783773178396766,0.7897765417948106,1
0.47485596790125834,0.41614896732816486,0.6059500852007502,0.3981162453882776,0.02867107135369037,0.26045146621757786,0.29174091851158956,0.2552905210187176,0.028254751065215127,0.3927596696614288,0.4957122859643613,0.35442146167128336,0
0.5618229535578038,0.5260856498204102,0.60302467142316,0.5430598647599748,0.40822640808792665,0.3940018505321157,0.4328284158005944,0.33428344346370015,0.16182217644723493,0.45980870395586665,0.5087138253176954,0.5371362082307244,1
0.5892760547845495,0.5231212224702448,0.1977968154981173,0.5308170767410546,0.3168193302854063,0.33318319845526523,0.17872493258805391,0.43692093704614654,0.4520522720865414,0.4628305472297866,0.02254723726392912,0.46698123805610464,0
0.16254836932016745,0.388796654782552,0.17062859502875974,0.35319663842103033,0.7861636569344509,0.7617096520859811,0.6498041150569815,0.6626567740885102,0.6215769782134973,0.4999893075214147,0.27894463181913415,0.43148265863571694,0
0.3120227904763093,0.4461856060439942,0.10165460133427848,0.30792262014834865,0.25481348344566107,0.46256906755122235,0.4277736099716513,0.3893642598560647,0.14175807994917416,0.4083314293092876,0.07138514724531739,0.25592387978547915,0
0.202199009502097,0.43718220497098975,0.5384677701886598,0.4622847176374972,0.11585074587010906,0.17510330718549108,0.2442748451679147,0.2700519182905996,0.04060636674027221,0.36715995528066137,0.4727155743630476,0.37216482216325175,0
0.6022482349257,0.45858835823757305,0.15693075489893624,0.4734203366116351,0.27648353717131613,0.5108613934101289,0.45556786068155986,0.7751335727363409,0.11742662674541644,0.48578535165103104,0.07349707727846234,0.4623234971572771,1
0.034828187575257276,0.35693592283434583,0.5986002453124697,0.3716571643743652,0.13650759469347643,0.2583024699276505,0.3301566566692635,0.3356361381372908,0.0750387861323935,0.31825615971272836,0.42982808519806703,0.2740491736565982,0
0.28789925908914393,0.4880015798854435,0.32308519886232046,0.4183701793496848,0.029697526496428397,0.22773246580123666,0.27256914743207644,0.2526334582302435,0.020880135501831796,0.40865943600877885,0.20726861191669513,0.3883319573181505,0
0.22146137696867188,0.32725244760337313,0.11686520647350428,0.27330167968499036,0.11414504015696837,0.48985915154333065,0.48727673178658626,0.4408237950977406,0.18755076507642393,0.3394890576319504,0.18627832501687885,0.2562811108190057,0
0.839506758942779,0.5399797132448614,0.5153402249741292,0.46660954536009225,0.22355539670320446,0.2847374264851023,0.3948388758458174,0.3378597867194328,0.480123322610143,0.5107825800116995,0.23908491298848888,0.4506162328843724,0
0.6405538532614713,0.5252189883596758,0.4944725269523784,0.480752233006808,0.8475696397235019,0.6524292887715717,0.562414908605262,0.5889609936220864,0.6942753370321213,0.46858755521564394,0.43095685525211225,0.4694801871512773,1
0.7052442139904077,0.488443912736787,0.8806541633971813,0.5063499971388712,0.8276373358000468,0.7490895580036219,0.8377829174600764,0.5928556412280026,0.8510726454637223,0.5402303997769106,0.9874089551877459,0.6449918066331161,1
0.5593302454332016,0.49642204832967074,0.8304549638210806,0.4628711236416527,0.375479431891276,0.45196235936233475,0.4526743072142602,0.5,0.2999620872757231,0.4849124916945962,0.8986536590274489,0.47509917944184277,1
0.029845848316967117,0.28716973241890115,0.6105894314742122,0.35511002162531485,0.031199321026380553,0.17238580826289182,0.15476185468329798,0.24661777431387796,0.03577020983226706,0.23658928300262194,0.4043861722064737,0.27531960116069887,0
0.8211399121390419,0.5684942517816142,0.9866603413805121,0.7856244501232224,0.49352440344050014,0.4281752033410569,0.3946962292791319,0.27412305082968147,0.43851450357711924,0.6157060659153999,0.9592634143368519,0.8170309013676608,1
0.895388499861331,0.6047254389819464,0.6990502446807297,0.6219647064970595,0.8286308009314893,0.7552926021939116,0.8212457848152512,0.7078903930105698,0.9391431130325981,0.6324289810710076,0.7531265673592545,0.6753488595221019,1
0.005228481584463064,0.29280712291309446,0.011224603758218382,0.1804874691051607,0.019600812407056432,0.09256334287578188,0.13309285791018888,0.22523174648791738,0.0008352119563260724,0.20467025644194212,0.007257329899603227,0.0990794665105201,0
0.45777927474046476,0.4900070008815168,0.8162814344898679,0.4924302092134334,0.8588944060074746,0.7083987743015607,0.5876541522153941,0.6876418840253009,0.9544971613347106,0.4960340245848134,0.8717870088438691,0.5532547599234197,0
0.10256328687408071,0.3349520007999201,0.1883506352413611,0.2905440756043177,0.8555472863115631,0.7805790678982599,0.6953321702048075,0.7095798035337146,0.856508228345551,0.46833756032004975,0.33124249379999665,0.32957698959871173,1
0.4221922880160897,0.5067919874442591,0.06214966211289153,0.5386517156800107,0.9690391056065318,0.7252017175412339,0.6868132622885526,0.7625490809503448,0.8721631490477612,0.502202127437569,0.13061015317712135,0.5577297447516398,1
0.06871822399407826,0.36773265965458124,0.11429185778799451,0.2901018644062484,0.6235575942337773,0.6896023664783445,0.7215946302620311,0.781539616285113,0.5238524321775857,0.4986541193315894,0.36734281818546327,0.43820051213362265,1
0.3953637012029787,0.4990196007888228,0.9114245954540549,0.5535744358560336,0.9762592244365965,0.8237338098710892,0.6256339427344543,0.7776131364283917,0.9383051281023392,0.5866474861214176,0.84268582378875,0.5832388485309326,1
0.4053235532947172,0.4248847400403474,0.49922947266243417,0.47616739670008335,0.5658699120751369,0.5919523773730124,0.424806180102573,0.43369689853372856,0.5155732484421133,0.42344546290656837,0.3358117942316727,0.45033024471316996,0
0.016682592298759936,0.30734660251323803,0.3640097357977933,0.36662326857820815,0.018127521317575886,0.08074734742093766,0.1550652012922147,0.2700570144099591,0.012384206379064684,0.3131967860233965,0.2063829608733187,0.2803388414639203,0
0.07830971485497151,0.30559625614635333,0.1787226548830895,0.298227168460637,0.995025847499343,0.6639196610323739,0.4891252637646294,0.6879229661514308,0.9481677216614359,0.35638080122393234,0.19729390612865383,0.28294178238998513,1
0.25631340924184237,0.4314401704804827,0.711474429292845,0.4447221740823282,0.07786946470765464,0.18807073292372592,0.34651303934803285,0.2849861768811548,0.34488031455486945,0.34145852089887463,0.5819982847600378,0.41011828145201795,0
0.45236806851923067,0.5621308057116913,0.9767977605231112,0.6431835305559509,0.5552126935374374,0.5111577468386113,0.5061902387865854,0.3930384857632431,0.9406580329050376,0.5690796318587947,0.978092365294918,0.6673879857776801,0
0.5112435896620103,0.5631078789914594,0.7897948845952347,0.5672972948701167,0.046560747430448204,0.37705793577398544,0.46964110411547194,0.418963064354037,0.49247306748491615,0.5220229773698626,0.7000520193902326,0.5711408122870218,0
0.9593421164111123,0.5944142394586939,0.9783558222708538,0.6939748993150987,0.031090894189860094,0.27055455403574086,0.4423095505578902,0.3058762205660969,0.6951632422468937,0.603488959968479,0.9762377581155626,0.7195422671152195,0
0.7641270587500352,0.6389421641321703,0.6505020279997079,0.6848602178571255,0.9924650052154427,0.8604429549098472,0.8460310770670042,0.7552364052660923,0.9859049306729912,0.6891132510059238,0.772617930585515,0.7858861652303567,1
0.2801463633567027,0.4105902549453011,0.07001459997214879,0.36894095588115167,0.09466756743354886,0.4006003801330101,0.40832275652993477,0.2634161726750131,0.3074241232713196,0.47963374769241185,0.1071685601753641,0.3508839148775631,0
0.06291249707528296,0.4938287078460579,0.07343631473787433,0.4108113513484373,0.559743321647707,0.6782384592674517,0.4114230121189718,0.4871014493004574,0.0996381733390465,0.5027605312032057,0.02545085891846648,0.3532910017750762,0
0.3429279170223787,0.4584386455266654,0.6706991279757043,0.5,0.5673255529302436,0.7102183284367759,0.4788722261655387,0.5907227895198252,0.5212071100342736,0.5156739373501031,0.7215534778041035,0.5447431142213227,0
0.4797367732510379,0.5355976592849845,0.6198028376953566,0.5209106591294884,0.999606237857918,0.8922557365293607,0.8635657348843047,0.8668321096228815,0.9937656513667286,0.5922972393916247,0.8494813187235295,0.639457336827299,1
0.281134242831121,0.5273639518142437,0.5374417300440633,0.5294055003988866,0.053389589145974796,0.42061017319153887,0.29189312919684385,0.2589316764625109,0.06757500222970438,0.49457080453691077,0.29088906395248276,0.5,0
0.9842828678085879,0.5611938117525329,0.967587267655891,0.7647791362154971,0.9566542225223708,0.7164524497942992,0.5565711848928965,0.7887413333693634,0.9815728930430093,0.5967160795849691,0.9700446053380483,0.8044754041307616,1
0.4283276406354831,0.45836299291055504,0.3650831013534841,0.45753996938001684,0.0942214451660802,0.5283968997489928,0.4689916505145805,0.35808742613034966,0.4516650254823381,0.5210220110732301,0.2977263491980384,0.451494565882329,0
0.038635617922574896,0.4828536754768797,0.894532921251957,0.5360962608142676,0.28969574612139437,0.630116853650732,0.6240469462042814,0.679219887610642,0.8265788360632237,0.5139750219716172,0.9659898190022111,0.5755424673866082,0
0.9427222691165716,0.618385816338828,0.817407448829862,0.6427456078042435,0.6422960379407218,0.6558686529552257,0.6156606666649507,0.6377689751209229,0.9858692207653237,0.6182763251206463,0.9215464532269623,0.7179565556714819,0
0.6140347330638511,0.5469007060847174,0.763379234352122,0.5406235445691748,0.19653474782519323,0.5691277673752625,0.6239520814897973,0.595961913343624,0.9694380825527104,0.5299023866440593,0.8023999086824054,0.5940283129002618,0
0.29233487058073,0.41782676493931875,0.6485669661614467,0.5,0.6709832082495722,0.4840035848515857,0.5873560075286219,0.5647414772674707,0.7737891163573777,0.4505662320145803,0.5906968735978165,0.5357825741826671,1
0.635022419911175,0.5221708515768375,0.7086329049373675,0.5291190651826347,0.8899069855824169,0.7362843710856888,0.7393725264852974,0.6404259637079903,0.9246262412532587,0.5398984240650431,0.45513864541395865,0.5276185221327581,0
0.4647257169702996,0.4993008459144759,0.2937814974538956,0.41259318510870857,0.29073558029358865,0.41167828911044374,0.4193335292344067,0.37073002239580005,0.44008568806188075,0.4984309338629216,0.35813370512827264,0.37877167451823884,0
0.10781816371695913,0.2876593188993054,0.16516176166388985,0.31489919233345154,0.01778491758301129,0.1667481872949182,0.36144097489226434,0.29576785606309264,0.0053510199553692146,0.25027818080314285,0.15474054136510113,0.2664388550695217,0
0.5862501844106627,0.4016720346482778,0.455352882116322,0.46678134709218805,0.8477790773687203,0.6907186986789804,0.6061429269725758,0.5877962826449228,0.6487559873554499,0.46589822091493927,0.4917355536153477,0.484172297084122,1
0.02812348299861755,0.29731038031939283,0.6695207961640283,0.3050646014324051,0.35893736173852275,0.5105923690039985,0.5041721353669717,0.4387615009623258,0.11632299446122815,0.29336964920646214,0.8584482970859951,0.3447577982758244,0
0.8622046369118201,0.6432807823220479,0.9289460880583257,0.7358656538715179,0.8450433589480051,0.7724952342395308,0.4442086696726388,0.8060533096821818,0.9812175176534844,0.6330920800891081,0.6577903662829244,0.7346634291421955,1
0.299815968156464,0.40015512524772234,0.1688965891047017,0.29873589964336494,0.5340777405864378,0.5503952257351294,0.3376899536545774,0.5,0.6862955685695871,0.4515108715368723,0.13670354170474489,0.23877211117824332,0
0.916415692810586,0.5803028642376783,0.695192589957696,0.6454335380843239,0.8006886335005409,0.728846232516218,0.6322612015677316,0.5759832694220196,0.7916328654899616,0.5949808421393444,0.807987101445351,0.6839790379071092,0
0.8255366909484245,0.5979552637527618,0.8555158655485444,0.6440739388432745,0.4552852970417415,0.6043857795995469,0.6320551484855651,0.7232448471048929,0.49934570942080253,0.6013922216554936,0.8834713201446462,0.7111293416559538,1
0.34894202805100666,0.4654189417565131,0.35847362178092906,0.4624839312525905,0.09166615381448252,0.2678028649633719,0.3273108272711373,0.2397168807132358,0.04952359594032874,0.3906360093486887,0.20418227388951896,0.3828254071893217,1
0.5693734757284943,0.48611015833064447,0.5512018773714727,0.5358694189038491,0.9995664912410994,0.7522759274672774,0.7346223775247178,0.8320003202320572,0.9786290569012739,0.5851611176764181,0.6945046711012096,0.6170713320978274,1
0.5241046489912338,0.5283959936724567,0.38115976094566706,0.469179507738888,0.9365485233309288,0.7127962878741636,0.5620644328872905,0.5974553939661648,0.9193464558100245,0.5349915956276485,0.39922947595108466,0.47238508910148064,1
0.2397978787109188,0.46945740692346105,0.09565540476060991,0.4518845747490971,0.049791607143997454,0.19075768089974646,0.22219430674107837,0.2077027561582075,0.013090111710555536,0.39644214595950944,0.04400886936646419,0.31878757614825004,0
0.9201377389750895,0.55730748803152,0.9873455056415761,0.5818045766191501,0.42246201027144914,0.5843616178030366,0.6897514184733582,0.6020316028490669,0.8828873979196946,0.5649395221123151,0.9978127639179408,0.6388655439366236,0
0.9085699286354779,0.6049573921932286,0.6072584601297928,0.6739534916426692,0.9664787720496749,0.8592807415557049,0.95225179934755,0.6269033017865495,0.9643385336647553,0.6935071687991523,0.9692899814278226,0.8387873042708841,1
0.8083202071428863,0.5100658378597238,0.30482760442312123,0.5632395181504487,0.25718613645290817,0.1297523418620299,0.25186993628689747,0.18767477599035934,0.36224914714990053,0.4464369170931232,0.06017619148241826,0.45954199739790036,1
0.5446677471450325,0.4815871146598832,0.7501941418419596,0.5,0.8947079829589222,0.8349562755533212,0.8379016873519229,0.8585194251236945,0.9581899282315717,0.5956419882859598,0.9327399231861766,0.6384888178293925,1
0.20229070391198398,0.37028711393561137,0.4374018571180343,0.3740353751917631,0.03123114414595215,0.34714831563646875,0.42331742275260653,0.341483460595964,0.16768933404463163,0.4580493018717486,0.5210369661182375,0.39390425101335436,0
0.5825853610527428,0.4991023016538973,0.8806913444042432,0.5191504530477636,0.46947559068230277,0.481694398397692,0.3494529960948271,0.3678804554494584,0.9144279592726746,0.4961714592123856,0.9137664400619666,0.46015539667351374,1
0.30477082529129446,0.4130259311250487,0.6091724338901527,0.5,0.4730684886808047,0.3033051299496789,0.355180450453801,0.3196314854827146,0.5442610362586526,0.4214870139766261,0.5123254217077969,0.5,0
0.21954458904023072,0.4876329290899512,0.44029161310761933,0.5428457620992643,0.9465609890175268,0.9014814776496194,0.8278618134079925,0.7652591752650845,0.9501705278128099,0.5569371282875324,0.6498470847142922,0.6204529295633461,1
0.8016175201576254,0.4979775990832711,0.9755833222147517,0.5519864835525053,0.4008424541500817,0.6068967270282337,0.7096206316183958,0.6618313923757316,0.5405811344720783,0.5252189730286829,0.9672341198277334,0.5985224857393574,0
0.6021228626291117,0.47856556133305556,0.8030804651205877,0.48296464871039657,0.9054628261244276,0.8709087949135724,0.8442655043503464,0.7824460123843131,0.9548836128229402,0.5009356885462851,0.9615342942234268,0.5620417176413409,1
0.974302671200334,0.6244236205161118,0.7090734165664452,0.7036016918825215,0.48936217210349137,0.7017700260902014,0.7502002497751753,0.7649920562955538,0.9859046500267747,0.6874525045233023,0.8947225013466286,0.7940086881624407,0
0.4045811491919066,0.49080412209231883,0.06902411531798931,0.43988129407506704,0.426809584806667,0.4363138242105071,0.28653347681537883,0.3430079495699949,0.12693184702569624,0.4710666976361552,0.014575972222511575,0.41274155397379747,1
0.8799774964042933,0.6107935100664779,0.43276223678405373,0.5877736504341272,0.15114393605702503,0.41211487253915885,0.5492857758444213,0.4172386215446619,0.9051385470925319,0.6350086838925092,0.524362138199732,0.6002249242737057,1
0.03911302311962265,0.43929806485673323,0.14528822657865192,0.2763259250538463,0.5776928020532714,0.6359601944707425,0.6528989374339014,0.7827145191651209,0.6966182223026649,0.4538885712311813,0.3932294448014202,0.31231590647810703,0
0.007692511925783618,0.3053424380156782,0.6868096744177941,0.34076013827095364,0.30162892838252564,0.2542618625132402,0.2450249382595545,0.2340672282374272,0.03929610212467904,0.261490908356231,0.4337180475775779,0.25809220367901303,0
0.8026107884594524,0.5905069754490075,0.8152464771953805,0.6108645655704851,0.7772254379806048,0.7582253014050535,0.5811532155257905,0.6081413280254427,0.7813416059845962,0.6281793296793566,0.7684187907273968,0.6098731304830086,1
0.4237844262767592,0.43993175247687016,0.4381592777299545,0.45083787234397144,0.0711861753192343,0.1475503754268432,0.2449469256514744,0.1729567818916628,0.0933655295334357,0.4634646519932781,0.3091488635182633,0.3931409974470774,0
0.8129221113423434,0.5905280597961575,0.9223261036618907,0.6394936765890674,0.8901901350223838,0.6842573449427938,0.6875726947806149,0.7680078924651911,0.9336249567342716,0.6272430526207388,0.9594989577202958,0.6673819318867683,1
0.8639932829349218,0.6564402768470389,0.9535161312409186,0.7777320903956911,0.2623149126041388,0.308341178304566,0.3024981854227932,0.6031356335128752,0.9170893944378191,0.6362856705207102,0.889015985236419,0.7849108537602941,0
0.10626349160548398,0.2625306708297964,0.04798471657699252,0.22967250339663084,0.08467750854214559,0.22802245944776642,0.30174444026834096,0.21314729825224993,0.00912235511251503,0.27638269370624996,0.060286931889759796,0.20542914628226716,0
0.8473010873869915,0.5804626381992491,0.774343877117632,0.693106559689003,0.20288623839799497,0.48899355770328534,0.4354148931137238,0.30628547207559315,0.7000841237884705,0.5291644539535608,0.7615209009884136,0.7364021259433333,1
0.39368493198811266,0.47539062981740177,0.40652413533727566,0.4604039516796206,0.9712247136336495,0.9290855716337715,0.8684397405791294,0.7532623776591931,0.8996909839431555,0.5859463065427617,0.9204801752678924,0.6745399217691401,1
0.6922621687810987,0.4970385133218325,0.8985566590382139,0.5872223348127884,0.9495716594654187,0.867508401752236,0.7659646327976503,0.7624811379105432,0.9633642735688492,0.5727334155258197,0.9266808367106069,0.6910856955259617,1
0.41416545484389383,0.5112645462089298,0.5072925655295889,0.43820530761848603,0.8306538670465677,0.5625247449136641,0.5968714549735408,0.4415739706056883,0.8561264831306565,0.5073013817701487,0.6115887322424665,0.5,0
0.8542425213400885,0.5788329726315625,0.8547403136236855,0.6208776681005893,0.9810046338116397,0.9259230141398834,0.8067932215622667,0.8576096350126566,0.9919316653890997,0.6039049029448414,0.9826848222531187,0.7296269383914584,0
0.43410295583011604,0.5161621261080146,0.6579632409089522,0.5779431859532531,0.7399817600110378,0.6684855757486596,0.5473307176526544,0.7060388701632828,0.2402659961713463,0.5254988714989042,0.7103145209625473,0.6278929726338097,1
0.6859329852988111,0.4985275843555411,0.57602493860245,0.5432367922848637,0.878224788497791,0.8730631550727161,0.8545785977297878,0.7847272292941276,0.8688927225377755,0.5794705207240127,0.8886670967168389,0.7397614814937037,1
0.7416771351755008,0.5365166485861783,0.5657235167449772,0.5751176094057782,0.70139697762417,0.7832886711051018,0.8292847798692491,0.7645531668910526,0.9846809437262424,0.6100490262743289,0.7603526012844611,0.6234770958992332,1
0.3506578107100079,0.5227810217546592,0.40026350693053386,0.5,0.829070253292215,0.8514346226292724,0.8496554543616649,0.7028218751956449,0.8815073043789146,0.6083883220278776,0.8705277161115861,0.6577624314217729,1
0.7837935211367876,0.6080583513954818,0.9502749028724211,0.6746062231120019,0.9601868508837149,0.8867173971107438,0.8698350278966905,0.75143128257735,0.9714559110848154,0.6274549922070144,0.9923851174253392,0.7859159370413539,0
0.6803254923546016,0.5895999222376268,0.7790815505985142,0.558754073356121,0.13680797930973754,0.19424941629826628,0.23984865494028798,0.20438404961322773,0.5136164959534194,0.5339096381089191,0.7573818782983337,0.5129753013271245,1
0.7201913590554787,0.6263857016616761,0.2746388953763971,0.6341174657039913,0.04642321838471116,0.1775393490701119,0.24679484590743417,0.16506569289457812,0.2558115933362895,0.5677168031526546,0.1751038018634896,0.5961390852128683,1
0.8903811167690762,0.5669654224217049,0.8080470790576968,0.5815914264803634,0.9896298986314414,0.8998557920670689,0.9856900402054412,0.666698673675215,0.9835180381115168,0.638472935153462,0.9962584687507595,0.7903850203069219,1
0.5234647714748297,0.38910336591293504,0.0311329086006761,0.4297680955911989,0.0197845748569294,0.23681051301190464,0.26761398249553725,0.20834205900752417,0.012044859228334726,0.36490837823822375,0.02739952716713663,0.3596378990405236,0
0.9035742541522377,0.5131811370378907,0.13330633903962003,0.45752261873815064,0.1951896375480938,0.3732447726398362,0.39707787674463313,0.23996562747434966,0.4119202564878788,0.48638048383659327,0.04287223163632526,0.4012729848609659,0
0.86866253982564,0.4773466232439333,0.9145395791410408,0.5321289669413009,0.4903965506966664,0.4560803933745959,0.5539104715643146,0.3538446191101331,0.5032000009165857,0.5117201229285766,0.955639378649623,0.6546222708381154,0
0.7708762802087966,0.5201246382930769,0.24241689152624682,0.3752221974683524,0.6565577558955821,0.6472528480622912,0.5232156977631096,0.5418453185547644,0.4347904463287412,0.5015872880452699,0.1266958434463744,0.38201917488939446,1
0.4395605842710319,0.4935220482632473,0.6964311792362795,0.47169316708405934,0.3393338447601526,0.5218747394294548,0.4891541506927572,0.581755211331034,0.5296094762149662,0.4833742899707292,0.6152832035522579,0.47118407953618446,1
0.6978267625531195,0.5874170933831755,0.9578925895680858,0.7216095680157584,0.9066624929377033,0.5857611707077244,0.5928275621796151,0.37947229871905724,0.9781576540504417,0.5930548655488348,0.9088957659824121,0.7610230308367693,1
0.0982521771131694,0.4480843420015639,0.26281476535375586,0.3375658883445365,0.558958059969882,0.5091932560151818,0.4986160567011389,0.44487314629148045,0.5101087148403732,0.4562139650549647,0.3331913677011211,0.35207175894352527,1
0.15045770697178928,0.43299968369160396,0.2542677781271648,0.41303457431085017,0.951240976901287,0.8191426146573763,0.837408982890117,0.7312980869564737,0.49047596797777177,0.4444798201635028,0.623527454682609,0.43846250056528496,1
0.12985850843982252,0.3622867221677833,0.14867587384055173,0.35822648735350526,0.8691490140695458,0.6749021924772939,0.6537265543729132,0.7355781287631062,0.9698290422939785,0.48340877226026024,0.3473247528001828,0.397142383671074,1
0.03998454813730896,0.30797613242125826,0.0740861944196175,0.251429696366621,0.4481536969024003,0.5502119589551044,0.45659127295824936,0.41271745413031946,0.08298007057841139,0.34285653496994944,0.17406336496479405,0.22932863572305062,0
0.7805963802165274,0.555871902784326,0.8108561980194118,0.641792802346445,0.9596659980763218,0.9150838566700376,0.789750065833558,0.8022692845743152,0.9805261158808534,0.6242031249114101,0.8086808891135525,0.7306877223492977,1
0.5013286924152914,0.5735618361430669,0.2011261752163759,0.6067210663255737,0.5976519620964003,0.5426727903359277,0.5568850076011932,0.4643730176807076,0.33593805478342137,0.563710920560641,0.29666707529661335,0.6296386417225801,1
0.9669685684529712,0.5872216978922261,0.7698199419846009,0.6430139061911831,0.9507452661734584,0.6659487411314047,0.7292476785047692,0.5639438488382352,0.9066073826867237,0.5926362298920367,0.7786260873031723,0.6725355800969881,1
0.5339450849653794,0.5440875014328258,0.7436575106736101,0.6256100127328728,0.6174584082540487,0.5077307740440027,0.5902467809099717,0.5903197472717644,0.28429745379816357,0.56094782722494,0.669593379404932,0.6024294390369835,0
0.22218719937355727,0.3790581156760517,0.648366022534449,0.4072367509184952,0.3330897885335148,0.39722915556457344,0.42572146847767767,0.387710178413746,0.06546997984715276,0.383711152580165,0.8021612756826016,0.42445189831995367,1
0.5260161287433769,0.46880448484688264,0.39244899645576503,0.4141871359381247,0.9095893753739505,0.7562231214741403,0.7091163152250627,0.7369221675757847,0.9253350688534236,0.5272188479009705,0.6028910440054969,0.5673734492493635,1
0.0608639389270474,0.4559131651005761,0.007474844498286302,0.31202992557982184,0.18168519969502528,0.18651318871454342,0.19458225675524943,0.2607957119488596,0.012028457364690822,0.42048938222180626,0.0037764978714270358,0.21063265276231224,0
0.8148353344709796,0.6161753160934044,0.5317582659238512,0.600928271758198,0.8799677384471415,0.7194159111645868,0.8881865216087511,0.7384851807899707,0.9759656895146898,0.6826852189951976,0.7919408209341993,0.7778002315833884,1
0.37975188439267676,0.47745166131090716,0.18202637253060056,0.5424237562132469,0.9328630180613952,0.7186738174117424,0.4590738264406516,0.747698176104442,0.9000168314051439,0.5112555883834522,0.10882272419815509,0.556154594032887,1
0.26162101731873094,0.35251628935065527,0.31449250496171066,0.36672198190738314,0.5159882741185337,0.484446018509663,0.5100034983563763,0.3670748986550881,0.15510424277232,0.3565033502936303,0.5430896331670859,0.37311022451176246,0
0.6524711755042478,0.5509252525764506,0.5388918324994618,0.5306842615245391,0.9093186811844559,0.8293423863272884,0.7417261684307139,0.8268257013052115,0.7133326782693244,0.6004848799523633,0.7757207112817226,0.619563284458296,1
0.03196221462850744,0.3578708669486998,0.3673592057565011,0.3184338829507854,0.5698418740304708,0.5024089680835583,0.4402049049996715,0.42895334993528245,0.4957509673379379,0.4039172862851204,0.45183762541648265,0.29485163623105515,1
0.31236404467603873,0.526467530417138,0.5544235661839515,0.527635581630638,0.09047722737972859,0.191765706138929,0.2746885551825359,0.23260871106542172,0.09120207642974622,0.42110650295071556,0.5164251413997445,0.42585106062722333,0
0.09435061854637392,0.40806916716853964,0.2184735470359184,0.43016613759869193,0.7471204765835194,0.4270447290052201,0.24264213644984844,0.23503802284282027,0.023685065968126057,0.35556707669237886,0.07024780662141447,0.3142302507001657,0
0.9412959757354726,0.6233397791254419,0.9088203865656362,0.6643454900720197,0.8351393458816299,0.6626034587043985,0.789398994392831,0.7396287613807243,0.8424363976959777,0.6574018528844843,0.9624869758720241,0.7363875423036459,1
0.7161171322288943,0.6227746689790173,0.6817623546266651,0.738570520258579,0.9964133729567954,0.8094141851683976,0.7153300517973367,0.8279846289421899,0.9527182617795169,0.6522707781869089,0.6680222321228411,0.8204275573190281,1
0.8277902652108553,0.5964792901907747,0.98860267726502,0.7262354921576608,0.19470059073395246,0.27181994540463245,0.4194699301947006,0.27536859124372026,0.4783423870285747,0.5214965495989364,0.9825172057972719,0.7632570810432214,1
0.48056864330993143,0.5009517161305092,0.11205480678216875,0.40224893440824316,0.46795959280599314,0.46506916644096674,0.5155665750123928,0.3006443761442662,0.5729946161836043,0.5146522393610271,0.19472826368618484,0.41089009358662276,0
0.7693488020898002,0.5381350667743324,0.04457633366886628,0.4897031621869787,0.8690189342616689,0.691258666667383,0.6371697879771593,0.672701572371425,0.885725241381982,0.5648006561933935,0.10299870457015839,0.5,0
0.575155610965074,0.5552061712715541,0.4833055583363434,0.5056438910270564,0.8278649791714463,0.678674347422392,0.6732112521165345,0.7300311399468934,0.8556096643794163,0.6197100190647763,0.8546676436190161,0.5997363712339127,1
0.7328349341896977,0.5759127593914343,0.6781236003500108,0.643091624009711,0.1941411361854745,0.22172400513000434,0.24908797208077296,0.22099134458479475,0.28600372711957744,0.4972425774387982,0.46620571896214097,0.5677359202182745,0
0.4203132904092833,0.39438451405810365,0.24316798489014102,0.3302372425421095,0.11125210676508072,0.31316517791161336,0.3074007715013945,0.2019586899702336,0.10218691329356014,0.39402770529177117,0.0862674926216805,0.29841634123554,0
0.02069068139723765,0.3039882384059225,0.12556873445381375,0.23725951670071393,0.935525861622032,0.6917255983511582,0.5392015993363588,0.5299799224597533,0.7426368521738378,0.34212275357386307,0.09645177688706294,0.19908144913868397,0
0.8823400646913346,0.6235274185599873,0.32135212263423696,0.6506605354786025,0.14436248908664073,0.26533847715669096,0.2737427089545967,0.578968316471152,0.27012118372087907,0.5777427389722504,0.1594047179006823,0.6172700807898223,0
0.3217238023854131,0.5144491639498027,0.3213150156801709,0.43985584936780564,0.21870850835055342,0.39169245790646345,0.40572660963014,0.3068240135941735,0.10053714096577522,0.47303939236428916,0.21574292307513235,0.4113908937576106,1
0.8122357543564404,0.6126363635403684,0.989385527961657,0.6496323893413816,0.09804332743920667,0.3532856424703711,0.3072978213252834,0.6524406402021519,0.7724845641393665,0.5329735860342183,0.9622598078213481,0.5993905234027004,1
0.921145001982165,0.5772496048353079,0.7244996163172966,0.6203750131649517,0.6610131357868861,0.41936382198286154,0.4088761296518508,0.31188665858030973,0.7195625228410204,0.5468283871485974,0.4459414009152963,0.5977393579616658,1
0.8813415886178642,0.522548151564717,0.929505891442157,0.6759719095424054,0.38073987788336844,0.5290689433059201,0.6518875852358191,0.462749676463073,0.866899039589703,0.561622441519581,0.9390130921983393,0.7556264390072129,1
0.30346023033975406,0.4723085112833376,0.30926202449096246,0.4341790908286128,0.4520525846490517,0.2435890225992486,0.16916282447204017,0.22460873605447462,0.13338843649091162,0.39966242076905867,0.08120149102108215,0.3033343525650774,0
0.7396250545227205,0.49605192500854745,0.7347246506366336,0.5453405585297867,0.8174124013902295,0.7746877523424999,0.6174857203251378,0.70102693579289,0.9647547775790396,0.5181544655733643,0.7992004607791846,0.589534137328724,1
0.5960330886178632,0.5252009739110125,0.7545558087722832,0.6356662097858057,0.9206539701576462,0.8737158965497422,0.9184038452019664,0.6789710997923907,0.9942989130125051,0.6361650030512714,0.9892511686838474,0.8045335007708455,1
0.7831177918417381,0.5378207941607769,0.44084635527773697,0.5714106326908512,0.23537790489166469,0.48592159314321404,0.5654082875669357,0.44839866006510354,0.6601192794201667,0.5315140554332515,0.6457112710904159,0.6346449557551282,1
0.025208933960508113,0.27121819604663877,0.07135282490838638,0.2287652071452186,0.5778459280852019,0.548967137053829,0.531944144019201,0.5051547769924266,0.04476350818605639,0.3284345303291148,0.14880632608814232,0.22590862466969577,0
0.09591552253883742,0.362763363457629,0.7813939738250568,0.44756006335118675,0.1124622816308727,0.33700365024384915,0.3414651549967978,0.33280033807562326,0.28826315727125906,0.3430961077914423,0.8959226911557726,0.4534332035380749,0
0.8121425461850044,0.6332809113204375,0.9959320692461968,0.6289341593887983,0.13700493877479628,0.2911740801615993,0.5638791954494274,0.46836986898577276,0.5565741952231315,0.5693497167593466,0.9958593241208841,0.6469997323776693,1
0.4975702950610258,0.5280977837786648,0.04726644400896119,0.5088572066061965,0.68737108786202,0.6928935456800471,0.7420974683106624,0.7556869350080845,0.8971021275478309,0.5858589160778046,0.17223799074564167,0.6438746488034512,0
0.02054328352513553,0.32989736071552456,0.1260470985860792,0.31405271578249194,0.050523629277672975,0.16515606036133304,0.19315783256649643,0.2335083055835671,0.017595726155669067,0.28824043114332043,0.08196221586325407,0.21993509242147596,0
0.3836794991016806,0.32175177515817516,0.8098001094263707,0.3336079744009806,0.06789588320294512,0.397629480125937,0.31083019134733647,0.2221351662475363,0.1623317929905906,0.37602353239433867,0.7928334270281138,0.2746729425833225,0
0.442500519355839,0.5193659942350581,0.9075821480206203,0.5909647674772263,0.36189299844466083,0.41968724543713004,0.4835922662863458,0.398838559182725,0.28923562171573813,0.528304336228766,0.7437008784462339,0.5826221725102624,0
0.16288517026244492,0.42052553052370556,0.31676218861299177,0.40716071354959776,0.7460835011695204,0.5598110783587736,0.4280436541577991,0.4185336107935811,0.2440902669232561,0.4232463171347495,0.18379029256387025,0.3954966388476084,1
0.4425445738207924,0.5287533816085586,0.24041663037324223,0.5690337400203167,0.10715198268975142,0.33413986309969385,0.31888366930633694,0.21558241685194307,0.07245465567542597,0.4679923705975349,0.17521167245371425,0.5444591524279695,0
0.09874026079232162,0.45076871306478655,0.6208035659744706,0.4579113031420309,0.6629804840208587,0.6119898627861876,0.5640015060966656,0.4733628180905165,0.282385274017284,0.42758513694204525,0.7233429344940193,0.5102976461203189,1
0.05956298897185991,0.28958782165954583,0.21862724442317397,0.37445722623520167,0.15971177070685566,0.4375481597969929,0.4119148395613936,0.5558606907466762,0.006644055020040798,0.29443053761288285,0.42895311572767725,0.3665382101574484,0
0.5519188998377872,0.5283103548090398,0.8611278109051675,0.6173345697009928,0.2893312794743819,0.5565685423851723,0.5639163315993555,0.5,0.6957994625705404,0.5816092713451566,0.9064261669197042,0.6289372663142019,0
0.17241206020456917,0.3654934486224124,0.45921306158492814,0.40047842869489,0.18212741138600466,0.39635578914128156,0.3880755302649899,0.2781839222512942,0.019380479417733944,0.36169936197775565,0.32800317081833175,0.33363264571918466,0
0.1191628560352354,0.3915738130646479,0.060055170875038186,0.2914119537739242,0.10416836337581285,0.15578628265058814,0.15369824074690044,0.23724837664900264,0.035926811568302255,0.3212159162110635,0.04688872505187403,0.22754161569641063,0
0.8321943281634919,0.5696381917260347,0.9083815149931006,0.7175514551294104,0.2963877820426147,0.4388843494075726,0.4636360454123111,0.3530930722040166,0.48374953029448875,0.5421357789155223,0.9129326204452621,0.7296964537097782,0
0.3178405776240973,0.4558105888034172,0.6049973464570535,0.5308516383562596,0.5913084848972683,0.7301806566434083,0.8694879158829784,0.710233603830051,0.8577120697189915,0.5057237301213324,0.9379579502796703,0.6615031232075718,1
0.08256042104308582,0.45133148950355545,0.5230453375721393,0.43312040066454466,0.03957768345555444,0.12249470282877484,0.230484915365736,0.23796537723815556,0.053184694981056574,0.39476379524624106,0.5274282302362302,0.4244134517833251,0
0.4535483172397562,0.5796672575320773,0.28927913755494217,0.5937096632534539,0.15273148185831723,0.1702792445985444,0.16408624156076793,0.2862273157932855,0.19504036817568152,0.47462220255471577,0.05002454119255819,0.4709796019232071,0
0.23379070819562245,0.48230577834308824,0.3181678362417196,0.43453862657115794,0.37357991347245656,0.5775533605215307,0.4910207427437042,0.8326230593982831,0.20003376408066476,0.488884570163327,0.3158736904729746,0.4560101752942399,1
0.6887603539590254,0.4424134466922246,0.28111932556396785,0.3916944509240564,0.9470163371142815,0.7863885019479689,0.6757588437773093,0.7401657326766329,0.7350981696061505,0.5344163633655811,0.2248425301971321,0.4448742536904323,1
0.8621400021010568,0.5441258376473797,0.48061823081570576,0.6102822273542506,0.9847879538469934,0.7904797044250257,0.8492292108601122,0.7945996286179617,0.9858636945115264,0.6133642070378439,0.831669667306887,0.7081224902718888,1
0.7146558678500003,0.5984613479634968,0.1324749666951338,0.4899933883606868,0.15506889104178428,0.4430747377578804,0.3939391286812618,0.36371075935599256,0.3108056723929038,0.49615256761501986,0.117866805412017,0.464053070454499,0
0.021925411617365127,0.2975746196323385,0.18683572649789632,0.2709304065296823,0.5956724343097535,0.5427031489266354,0.550272667051497,0.632898605391433,0.4375389972468995,0.34939833918824786,0.5199285923409784,0.2676685094729339,1
0.05870940110084235,0.4927022039650853,0.4765232497071876,0.4887868823997708,0.5492594569748983,0.7640404308792247,0.783220410497663,0.7620040571401028,0.6891835464308154,0.5668721478787483,0.7529319742525021,0.5818178944622794,1
0.806706353745023,0.5122068509094216,0.42581090570058994,0.5080407686511536,0.9934747759392499,0.7915254924402736,0.8005558078430892,0.7914175236828643,0.9812988989686278,0.5546523212884201,0.7014389617653237,0.5635892490617009,1
0.39234281449484243,0.5816667585838459,0.7734638785933782,0.5647140366039964,0.7776371877736677,0.6339454577203539,0.38362638591268333,0.43195387970144233,0.7084017722344648,0.5929301731870112,0.8324383793066971,0.5472911827047843,1
0.3903981957881044,0.48122690953320985,0.8165503340785748,0.5519360225553511,0.008329864723016982,0.16738133541983985,0.21324415373012823,0.2174124143117041,0.07608180885528283,0.46341814197979797,0.49869336734045233,0.475597681416963,0
0.361685142216811,0.4022174365656131,0.2929259208155705,0.2712608097432595,0.19298724938459488,0.20049633770089362,0.2886940686348221,0.19810529981131675,0.07711337966447925,0.36674299660416576,0.23304469700374822,0.2153327616889978,0
0.4392563332577342,0.5139996647408244,0.7342572096526822,0.4616085716828054,0.33268951010613595,0.7567444657872142,0.8560347046560418,0.7329855198895054,0.9448148321246234,0.5736139914770778,0.9232749342492999,0.6000208745014276,1
0.22129710732311114,0.5486150782029604,0.20562883033411683,0.6120357916500728,0.590693954347696,0.5416157130304413,0.4733014703533735,0.36996950631227316,0.11677790997705222,0.47539572299046,0.08781091584499183,0.6018526975661397,0
0.08019633962619366,0.4540940501980309,0.37806073159277015,0.39082487212439093,0.11256640557599183,0.16796739392138213,0.189038905049381,0.24990969805234972,0.13623318010291016,0.3974833915085658,0.10854087147500614,0.27196097588174095,0
0.09369825248135695,0.3836535991974539,0.304660820442763,0.3951331118981406,0.722601660967119,0.6926279328010122,0.5150007905925956,0.7390185576475649,0.5386585569203701,0.4487176171360606,0.23734426376911877,0.40608939296779617,0
0.3569846516825188,0.44567676078406265,0.7031158976337152,0.5,0.07498358223860452,0.33688941530003513,0.45094826465587107,0.27215859827506655,0.3936817062182812,0.47733131000422324,0.7168261348669427,0.5585451975094113,0
0.471705501921497,0.4840407021984593,0.1785176844349238,0.540578511752209,0.19848281814721827,0.6443621963157417,0.6800725986543251,0.6187918247726998,0.7715912897533727,0.5212510626193939,0.2359144225728681,0.6168570255218481,1
0.8957354081584356,0.5620135321003012,0.8863175596746571,0.6681050629352799,0.5611754124538979,0.6095610130677235,0.531785132585399,0.544608101578361,0.9314680447748803,0.5534382190040962,0.9271828040325645,0.7113314476960128,1
0.5659490473868413,0.5439722886073763,0.4367207137061621,0.6328148771603471,0.13882432364632533,0.32901513148808254,0.2417577006569285,0.2859277548776582,0.2894490472731662,0.5119435721329576,0.2338248712704644,0.5791551708525629,1
0.9103225678595275,0.5960117413180804,0.6561292066307944,0.6572136858910366,0.9942726914724309,0.8558284378280289,0.9393994837966821,0.815298846180539,0.9950039162466112,0.6892952393917061,0.9524016301532406,0.7704471291597936,1
0.4928393663231806,0.5636546314056784,0.8374903463788929,0.5816736585002952,0.8597656728419574,0.7728072869276379,0.6930898806195565,0.7513012980397181,0.9642638073750571,0.5444188715288611,0.9759137133410306,0.6139991067086222,1
0.7021312617276186,0.5434169302569233,0.953205184112521,0.6042073422399433,0.8329096779077484,0.7378979193994061,0.6583611810446665,0.639126493868025,0.9292276226877301,0.5678341633960301,0.9557063571664306,0.6645398780974934,1
0.4309687770611141,0.4672132095453526,0.25947164218964847,0.4584053459442976,0.7417741344190032,0.7035241092082425,0.6072551478569527,0.5916244858993955,0.638681926897913,0.5120155837381624,0.5362115664949898,0.5,1
0.8363476706973985,0.5812381091657542,0.8565327575059718,0.6466080993938012,0.7544971702944346,0.746523316793853,0.878246178736922,0.6190225584241168,0.9244707122947168,0.6292409924967179,0.9822061441274175,0.7980601963767683,0
0.9056499681846747,0.5876720292201583,0.7124799017596224,0.6462180514392185,0.6694571985158145,0.8595259217892333,0.8007779162688423,0.7562401378399635,0.9869922669728871,0.6031250233828667,0.9205289656735608,0.7145824815869858,1
0.5685978425308349,0.4859657928490674,0.9644676621774053,0.6156347921815655,0.7002415850213954,0.6527835898607561,0.5928653089904993,0.6607326598124992,0.9199208362572843,0.505118624176664,0.9541849271760277,0.6772855087080756,1
0.8056816819709848,0.5435368241928822,0.5671376532344369,0.6258607611085435,0.9394211989908479,0.8158832088262824,0.9042037357680998,0.6917579816023072,0.9717866272834891,0.6497810720643395,0.8298910785109828,0.7447505776958139,1
0.4176153532846513,0.43827281348802677,0.8733586794074566,0.41638290046584153,0.8087299195366149,0.6558483963736893,0.34150038576741015,0.46300634035665617,0.5365860914950407,0.433881075403264,0.7505836500387124,0.37904067860689616,1
0.02671637338759997,0.23988986107079308,0.09495977262198775,0.26572505366115184,0.6918360807527956,0.5235710835450984,0.49090945697560817,0.4400408647182138,0.06122566887538219,0.23228936031047295,0.18467877178549433,0.2484202045091187,1
0.5397437785114794,0.5863428536336514,0.509770579110214,0.5075779451690937,0.9649480581075056,0.805921874239524,0.7912090500532805,0.8243839222177508,0.9642454327958335,0.6320018650208438,0.6976478069381689,0.60388761532296,1
0.13483351822669823,0.388852013715944,0.13652046011409238,0.3302044486427148,0.01135627446175281,0.15945983863383145,0.2245260721515937,0.17333392182974966,0.06763283867746753,0.35524746998673107,0.03508003625183124,0.26585161450352396,0
0.9754772043149125,0.6619278006366519,0.6368412305149135,0.7541309096774196,0.9566274880513594,0.7549315262781262,0.4651046248808546,0.6855346234905773,0.9927405241530609,0.6687962825437683,0.6284642554290606,0.8150695605108969,1
0.5345551964407665,0.4074433789184456,0.3539207264276132,0.4615618827751588,0.9410087973817342,0.7223230580393163,0.465694604737614,0.5960065343048876,0.7799722640165632,0.4414562741691071,0.4881364183898159,0.4614053142578615,0
0.8663826320517308,0.48113440586760897,0.5420316729725686,0.5,0.3789824750334242,0.4417190760003927,0.5076460359145861,0.44738795282130034,0.9305258271660535,0.5520665421335028,0.7122294813034423,0.5208698518134007,1
0.787520548996959,0.5166704210402405,0.8645090325243723,0.5641965039205731,0.952428863147128,0.7447530736616297,0.6520023623899248,0.6070895258909833,0.8397416607553596,0.5625135734675133,0.97122198622131,0.6177820660530503,1
0.7733733262305256,0.522268188648155,0.9436313094491979,0.6266647863438021,0.049367426784881534,0.11038104008822826,0.2216101037631807,0.18189846666088422,0.22440981403572674,0.4373510999447022,0.8496060630638559,0.5588204972131421,1
0.10518683045843745,0.5110600426795133,0.11112912536426946,0.4934922675870184,0.43819983907008075,0.7137264159054464,0.693591129436808,0.7581122231956436,0.31703760647252804,0.5715239057988828,0.10693466201081903,0.5148009383416422,1
0.25549986013565873,0.43519149575124705,0.7015343253614472,0.41295007545850276,0.8259414514475717,0.4774591130527617,0.3768003994030543,0.28306165180300985,0.24000222017369013,0.4418478362891665,0.5979549942440869,0.39384437636981107,1
0.23059765167204133,0.4407810558349853,0.015835637584650432,0.36796735899254474,0.46426783156440615,0.40324285380934016,0.3860272115870771,0.25775755577590614,0.0185076638614716,0.406923405038779,0.007303834972468707,0.3088405653063054,1
0.26806716052113894,0.3982685150576295,0.4531758860479111,0.38392494102750957,0.5474356963278687,0.632650634556144,0.5251795263456502,0.7213346052780585,0.9147367667214619,0.47145157736163334,0.4898061867595598,0.3976851689766622,1
0.5552046631025507,0.5108573249956795,0.25428795160876666,0.47540127879436533,0.15370652359618237,0.14740037805990125,0.10221095348885888,0.41719229977339367,0.015039366210489047,0.4275441585184001,0.04847255420564196,0.3602380868135333,1
0.6502094039690429,0.42037810372216766,0.24051921005740828,0.43804146947633227,0.5451564532091092,0.531885016220742,0.5463413306596802,0.5,0.14414820077393087,0.43204229599004423,0.1956530655902774,0.3976923139751359,1
0.24996810695639482,0.46103796589549223,0.337516530610033,0.38664001357576483,0.18634404187352507,0.43303627770320197,0.3131142142523894,0.4123410419926197,0.6559622135434714,0.504742269101036,0.32650982467434936,0.37575812221919747,1
0.9486895967554798,0.5828672478066391,0.5391711427187321,0.6350312138175439,0.9686370054892015,0.9193307663007096,0.913314811133959,0.7566295076564166,0.9988683782822487,0.6809173163256066,0.8465292974649404,0.7383705090377812,1
0.37464598538492777,0.4682016895043907,0.8393161751304405,0.48486432090546816,0.48221391504450223,0.6395607853989245,0.6613092887762896,0.7287680026970138,0.5842433529810093,0.49478091855859246,0.8196204232955384,0.5456588498440091,1
0.6671508524672205,0.5290209349188709,0.12505221727101848,0.4709950465736795,0.9877770369894521,0.6520704671439435,0.7512188228388095,0.6732526435413972,0.8304661225913997,0.5598189030678198,0.22341463641217027,0.5,1
0.5573956931208405,0.5783768277027794,0.9480643943183688,0.7296138827981872,0.592895651051767,0.7368635921526083,0.7163817454925658,0.6556772798656862,0.6527633267120175,0.6279396864568091,0.8950221399388688,0.7589175610570091,1
0.4063924600994825,0.5072945859234653,0.8283043294145077,0.4713772549029125,0.11586120786501122,0.45563835032219785,0.4071450229665671,0.5825384564229728,0.4645029346847415,0.5150134252984533,0.6683887613972557,0.4402317645267246,1
0.4989417833107152,0.4452474431430371,0.5562680435880589,0.4798273521262467,0.49547573059235994,0.6519928746858408,0.6341413925613624,0.7559283714941764,0.8107959690537088,0.5174210697036277,0.9321229274872888,0.5115439734332112,1
0.9666806964764297,0.6238055375124331,0.7534804863623465,0.7236149365659876,0.9778007394983135,0.9098187040383036,0.980146493184389,0.6588651503558756,0.989172905922544,0.6653199499158271,0.9928012873707937,0.8728443513801893,1
0.3912598097771963,0.5100698307836238,0.09256912973112881,0.37127023769764794,0.407614953249484,0.5297079748022361,0.33714571938180027,0.4922314922914357,0.5672773502394863,0.48198271678669563,0.12539823741762157,0.3300658241546766,1
0.7677852742507093,0.5172422957766062,0.762089491916763,0.5,0.07652809988453553,0.2951859372152463,0.35636151949256123,0.5539450386032694,0.31135653504870137,0.4408038739676315,0.7707284745068357,0.4837464588021901,1
0.28077601343919373,0.49048573449843436,0.7154827093084003,0.5,0.9861765832749391,0.8824826982727082,0.9277629317245946,0.6701922019826092,0.9776869645857682,0.5905052186594153,0.9812714654658071,0.6164589995600928,1
0.9370990843530967,0.5773632016440948,0.3320155951046651,0.5115572596107814,0.6190451841460086,0.5987749106703366,0.5988172882495832,0.45978395033953506,0.8909013015320509,0.6121560711495622,0.30827205907391897,0.5444424324936211,1
0.7546461780510761,0.5632123544830062,0.9213302596034335,0.5550934495936342,0.4329913587105646,0.5792046511404774,0.481496695892796,0.5084245003136187,0.38912516132103103,0.5501569077172557,0.9290819261727387,0.5716610741818143,1
0.27830948487718143,0.3916575222650757,0.1742402505519346,0.4323537072716315,0.9465132214056478,0.6532794710300345,0.6354585739358092,0.7355597746472522,0.4416437978553752,0.42261899322341284,0.3054765499595543,0.45703316104517827,0
0.261939567574267,0.49892414126203,0.9574479001561124,0.48109385568199864,0.44776185490509296,0.6331900746353951,0.5140770202960476,0.6120423633346271,0.07932411194490704,0.5065782801273501,0.9392366488714863,0.48559708018070125,1
0.9194640778641577,0.5493214479285812,0.8379711051988298,0.5222434164937311,0.8531954525841051,0.8541225109479954,0.7595647243069326,0.7951726100431695,0.9470255023490602,0.5803104191785922,0.9023456040205391,0.5631717914032773,1
0.6757949932844322,0.5007652961832917,0.520459368970595,0.4337822254060524,0.9353994187745173,0.6713686015943826,0.6276162052708806,0.6304732466614001,0.9099066740977273,0.568688064202988,0.7115644233394176,0.4611968377486189,1
0.40668391249438823,0.4731086815525969,0.01297048783732819,0.3827854202191316,0.7497797734836846,0.7238820082216345,0.7375035036834612,0.7329474689130959,0.896374549289336,0.4626665763218859,0.03814140781254954,0.42833322723529005,1
0.11413575592909181,0.31628785947166654,0.38826235605303894,0.2586582705732781,0.4532077936598846,0.5954394322930564,0.516978688171433,0.6270823821653209,0.7938453591058129,0.40196437817400316,0.536103257977237,0.2629118691514116,0
0.41721972047576505,0.46755062544724385,0.46257201250698254,0.39296861248369536,0.8884764796407942,0.568376289184409,0.45516432766215303,0.4188647791936505,0.29198805398224625,0.4751767021912608,0.3543654906482881,0.3863973343902564,0
0.6037530838027226,0.581354068228253,0.8163320251222907,0.6811836160945767,0.3699526495918177,0.6574316656154798,0.6351545319712965,0.6604669307532669,0.9333484108073443,0.5905310698767319,0.8387382827502089,0.7028336111346489,1
0.7232884044062731,0.46477285673779084,0.7120372082676347,0.5,0.4400390321358051,0.46166671282530686,0.36022204082477544,0.2703480548458272,0.15232019762997404,0.4598630911315066,0.5886920039227423,0.472754602949439,1
0.263324788723911,0.3759553138529384,0.18092000672561406,0.3649278018169896,0.04650945962611858,0.21069266233268152,0.2871090940267448,0.23941195643063937,0.16591830745272326,0.3979070947687159,0.1467521060817595,0.28755793221113746,0
0.7372421777242144,0.6283873662951179,0.4570595753015864,0.5277720335286787,0.6935523120795735,0.6682865297488548,0.678779378266508,0.6669026756183675,0.9160910526896547,0.6409562648692938,0.7818989453456097,0.5598877643442736,0
0.18133739502089538,0.3963373513937244,0.6408288050104359,0.3991372565474463,0.6878448573787547,0.7007314903863412,0.4994050402113276,0.6897679226027001,0.6101945379096724,0.42396162659952297,0.7468907675994308,0.39858126036418423,0
0.36891061039418016,0.5554254608431414,0.6003411560871811,0.5934763507280258,0.5011308938524257,0.5652114888503015,0.47743766560403017,0.5,0.2796160694522584,0.5286604400285706,0.3002501615288784,0.5563559158058484,1
0.3610295403837466,0.5214475732343472,0.5981307393933082,0.5788387133231337,0.0720771914530362,0.11979604441343275,0.22524272150099772,0.20768169981020548,0.12446339764627196,0.4718899843463453,0.4764373523104338,0.5349092825026873,1
0.4818427618161803,0.49678296814596395,0.24604184689157696,0.5,0.10283079734218945,0.2937145958366741,0.4621875931063224,0.25649162279591636,0.2952548979034589,0.48013651169276506,0.19867134247511797,0.49408659331055876,0
0.008391474807067983,0.22697338060992356,0.15057866886724672,0.20274607372573006,0.004333296638830554,0.047206704642062315,0.13904843306423914,0.23646834175511683,0.0014615555845075986,0.23787720928576075,0.06375720186514988,0.14618414690656292,1
0.22061562642367594,0.42065143831636853,0.6658691601953856,0.47813572233603385,0.2312939595424092,0.3309158533411052,0.3664042043398577,0.29313382214109823,0.07066309568723904,0.4155983045387336,0.5384775885130845,0.4841079590585408,0
0.07666415016265143,0.21755238592022347,0.12780962286682943,0.1919672792552036,0.006472345839738066,0.06747789959950723,0.12601293018931492,0.2378559478070208,0.0022188658526200687,0.21515153836477716,0.05559843169994565,0.11515555182069405,0
0.009199726083938034,0.227303774744715,0.016710084716756828,0.21165982571821573,0.13878151788985624,0.26703853745973466,0.268622278711636,0.27979298439244116,0.004974224530148921,0.21940359324109432,0.014719683819994642,0.17277613423825716,0
0.6846131072505008,0.44954236740450526,0.6447233315667583,0.46818829165148734,0.6852729204037383,0.48959660271299565,0.3988638480006057,0.2609154794815991,0.16869941262622673,0.4389091045571127,0.44129469635948104,0.4402343726642294,0
0.033333938442012205,0.3064889863757185,0.6707463400259297,0.31853123375163,0.7646249634291314,0.3741272261763666,0.3356783267186906,0.45698323462892954,0.46843453905118704,0.3218105062898779,0.7884828726775601,0.30417159916430736,1
0.04338998270535623,0.28410981400272156,0.06920905481693922,0.18928496353118837,0.13404202306365248,0.2848764380756521,0.29702702563627137,0.24796203338117814,0.038543376544741936,0.2745134666037749,0.07192554377104955,0.13599351593686826,0
0.5629039653460229,0.4513873968945118,0.6858829908531199,0.4519071587974866,0.23488524986388262,0.37568891402502885,0.4031365135338271,0.2902799318093353,0.1274850804804397,0.3934022518859966,0.6694289892593596,0.4442810395399459,1
0.07333458954919314,0.39193178741245505,0.381714370659816,0.3222609670126232,0.07383126264388441,0.1742351758289341,0.36280216636960416,0.26755152499849494,0.023211896952501743,0.3642377579658005,0.26860077066155774,0.2626524477958633,1
0.01578452304589236,0.2929265555252301,0.7038906371570475,0.39515689121860365,0.06401751253767479,0.15268063157515935,0.20948560520046094,0.21878456069455213,0.019474498011644508,0.2800798731469475,0.7328917395069809,0.360816350807275,0
0.24284260852560305,0.413520198597078,0.13598516677796169,0.35151756110199744,0.49978875394627054,0.5194460056624296,0.40230952678501547,0.25986996805760393,0.11953426084533147,0.4148219391095433,0.20147579049280406,0.3302045450020267,0
0.08998109895421691,0.36099082408206884,0.14231728150225356,0.2970022969109753,0.28435344201314,0.4020562244586689,0.4712153186211575,0.301740344340074,0.01981026351098206,0.3650660666201419,0.2883020337664553,0.27589100130836003,0
0.5325049602701342,0.5352078788126398,0.5716858777833669,0.517517189088444,0.8213849633948418,0.7863709183374533,0.36961697880674715,0.6569114587268624,0.253911585998753,0.5452792226120081,0.21467038664390256,0.48110219732428766,1
0.10562445768763613,0.44270707937652787,0.2972226693515738,0.37900267111983277,0.1242801405523327,0.2351446928805663,0.44293011005062083,0.3300702685495078,0.011321908464412394,0.4227604506629723,0.2574655694450978,0.31731062077069966,0
0.6772412554863204,0.5303228178012196,0.6719818564678564,0.5859756960300128,0.702028726360998,0.6045924302482688,0.297336401644682,0.5840837321881495,0.5696453447275285,0.5761181819805686,0.5794543479722629,0.6125261770148026,1
0.07587164595154056,0.4162608713208865,0.013086686181820443,0.29696508298562385,0.015383244152008412,0.12165830705469421,0.09267989947706216,0.296672114648636,0.19613130113862778,0.40307765153997277,0.0038506687181115865,0.23522085871548945,1
0.17525212292263953,0.502608515334663,0.002568776285128121,0.4110829121644764,0.4747990516343788,0.7238209352864493,0.7703287645895107,0.7238227557893337,0.6803577555431191,0.5191535499781139,0.005190975778680196,0.4362204288440563,1
0.5433660708686725,0.47770506088760867,0.7614223067104665,0.533195616880421,0.27829704553817936,0.35912833864683513,0.2676303928805987,0.26958503413059387,0.15526676593234207,0.4198740219539295,0.7080975519631015,0.5054251308365468,1
0.3453833262016526,0.5649524077738874,0.11705054966684868,0.4110495860298786,0.6832968177557823,0.5209388365508238,0.5479235568628825,0.38982948826773794,0.28703039050635176,0.5170272858096716,0.14387949684205983,0.4093949092367351,0
0.13044710654720437,0.36871079919725736,0.3489815842454714,0.35048327657970907,0.11912319637444664,0.2894418964349113,0.3149846770974915,0.2330480876455571,0.054842784094127545,0.3635280343702005,0.36755428069612667,0.30969171553574565,0
0.30927288887261806,0.45990922878142093,0.3866747497609142,0.42049396177592646,0.6162356465104719,0.4277968080485136,0.3699435566879634,0.31132448080544195,0.49416342179307376,0.4078661792615704,0.3245434114536842,0.3787377256697179,0
0.02003794381648092,0.3000627455267627,0.014576676212339414,0.1735696643634044,0.04336371498104899,0.1260351474862139,0.16090030311878503,0.19989990578721165,0.0030705469310351907,0.2650668578288449,0.010064938994413079,0.10371809088778335,0
0.007036240977807858,0.2595219456558155,0.23695070454674913,0.24615935950408635,0.007355379743958877,0.08343573738970284,0.17403576102584611,0.21289114386927896,0.00990153713641084,0.18380839852725167,0.26866894956358633,0.15659156297989954,0
0.1160431340625639,0.4708404332879466,0.6884256615431883,0.42541353001698784,0.09386498135377949,0.3642207266513133,0.3977354002532457,0.41992583812812306,0.07293183267393373,0.44711915911798283,0.47060316242668954,0.3995723922638828,0
0.08312718906717513,0.34155805756010493,0.1871318774563244,0.2928433252043878,0.027056998661608014,0.08195927905875777,0.11036808220732959,0.2657651054242159,0.004010814494773524,0.2646313322351741,0.054847186783235385,0.17871115568945925,0
0.11403832863697497,0.41438692451363845,0.0271015556668492,0.35854637251787574,0.34630578336231493,0.2916681262286739,0.28524147124983223,0.25542173020454995,0.018563197525177835,0.3527184215825595,0.04283780622827157,0.34035877473898857,1
0.009315625742076823,0.22453402562525493,0.05602903398062413,0.22563669222558017,0.080092587823777,0.26231099677294917,0.17470336542480291,0.29693210558512295,0.013656577825919617,0.23614725904517986,0.0580573781163733,0.16254266442401935,0
0.6547716278310746,0.558850396464134,0.6713741395845646,0.5218007396486531,0.6943882493009466,0.792486987047003,0.5627615474938735,0.7791173266336483,0.983770677456277,0.6197662605546073,0.8079958025739317,0.6284464014437745,1
0.48865347382350877,0.47180152813031107,0.24509632257824576,0.43813439896115647,0.5982531762486083,0.7167532148425378,0.684557711553815,0.617293031561914,0.6080282906630748,0.5390748458708052,0.6661946882418868,0.46531082439965227,0
0.2942371441018226,0.5382774425171937,0.5677494483391587,0.564071499801562,0.21594071032483164,0.25356882817815724,0.37074733860829,0.2503239604784384,0.037367343108787206,0.5198752692013915,0.31729336745149667,0.5507734066680414,0
0.7827587503170549,0.599246258598485,0.6734474087459711,0.5814346102466311,0.9561102412629167,0.7639857503238225,0.4777126768044407,0.6007577347732816,0.9670171673001072,0.5648523533967382,0.6447388760096273,0.5783683337998475,1
0.009844436369218019,0.2644867507983328,0.028011978256866243,0.20937750891119694,0.08419193117248817,0.179706812559944,0.28166587140140253,0.2522564531523419,0.005458514601689045,0.25442993089824273,0.10284881246328839,0.17429968741842922,0
0.03686290892174597,0.3931904728551509,0.08201019813581306,0.2906492521286543,0.015989531956300616,0.13930156235172675,0.2505291488675883,0.22904396913110386,0.2034934013856837,0.37914689819278546,0.10824190056889714,0.239727186148267,0
0.4515323280153106,0.3997072125908754,0.47907147589815074,0.43042658473554213,0.03171780948956645,0.21826552142601618,0.2340519262552809,0.3108897229678405,0.22479819545736943,0.3531509362841015,0.356067177409606,0.3433768266032367,0
0.013321447921833061,0.2777720103863548,0.00209206006540761,0.15662030654092315,0.03517297822395421,0.12377251680295619,0.18336225702430423,0.23829852621370812,0.004948062940923711,0.23403890399238597,0.0007973952397484463,0.0934694981420335,1
0.03189565273452572,0.30618227434007056,0.11052143375005964,0.2612989210052826,0.09925877137134502,0.25440735740524034,0.15914998654831636,0.29410538768480776,0.006280595935456936,0.2904851880511442,0.03733781585098924,0.15381561480022515,0
0.3167427054061083,0.4104153586110327,0.09909012640738082,0.26556064427394893,0.005524164234234496,0.13852698288643275,0.2217956732851732,0.19438695397337846,0.02232280145230538,0.41507870177566264,0.04550120764288164,0.1625032558889012,1
0.21972673101833737,0.5406995097920706,0.8366836728947714,0.5960509416885972,0.8371138469894855,0.7578469907234365,0.37610853961882024,0.7258963005646014,0.36678473553221946,0.5494479726475587,0.7340268973269064,0.6125180769038104,0
0.4248095783268153,0.4663929194900408,0.42749330456104645,0.5116954516704488,0.584394649146822,0.5054774798657758,0.4626614977449171,0.45881674100962083,0.11622329881926084,0.42030714816780784,0.33171133509248535,0.4851864387745915,0
0.2287071300623317,0.4749644691560651,0.21374993299356226,0.466296256156574,0.42034690691792115,0.647635829554014,0.43959830014605666,0.4655750620775606,0.7594837035165566,0.5216934493896929,0.16350204527895154,0.4708728886296403,1
0.2308105009789477,0.326541444151156,0.5616297013637259,0.31414695462687,0.6708747324524209,0.5353362783571937,0.4147366708058035,0.35965711140136064,0.14279481391166357,0.33084875492171995,0.556938747422489,0.3411309312245352,1
0.2332887557893836,0.4710473025859962,0.4635891431253654,0.41264311972285084,0.12158887484477893,0.3655035467168238,0.4541679560878993,0.35912958805402256,0.5658100438035442,0.48213646003102134,0.4210582418169857,0.41046230106411474,0
0.037350910553718523,0.3482150636295715,0.1256398636836364,0.25225136078398264,0.20211938441251998,0.23917062847649428,0.29923938169763187,0.21451008848865868,0.08213277672893908,0.2851991590565545,0.15123379986079968,0.21731311972530723,0
0.024884145959972428,0.30404256621256565,0.14590341881213928,0.23304335689024222,0.14367217625529496,0.2608875617043812,0.4003532514988439,0.3745511569238707,0.0034656800282735134,0.2743053079691052,0.12387354743046368,0.20303175290689957,0
0.6601014943830436,0.5353811999631394,0.3295861154908007,0.5062587602809245,0.6629124451187882,0.33657275034785256,0.41478985696485166,0.28410300662320864,0.4822612147437518,0.5144061820772611,0.3596679402522039,0.4717769948476775,0
0.4175452595483796,0.4261981597844613,0.42245297744987176,0.3884081162360552,0.030833548221813292,0.18024976584818364,0.31260488635660577,0.23943499739139393,0.0078088654572434505,0.2989726413739408,0.16721426450815502,0.3351740637099006,0
0.051803591775482875,0.2949726662649619,0.15035143586447042,0.24782692176311147,0.09536243391753732,0.3039440636308602,0.5494169039180086,0.42900276131307724,0.03950078740875965,0.3576717112417432,0.463272121550041,0.26594591776589893,0
0.6411398071557008,0.502277931612858,0.20518375340687545,0.4769416194905271,0.48287578982909773,0.3587931914240016,0.4070369441745274,0.3006418404206069,0.07009690836490494,0.4507981843148475,0.3435326006609758,0.5,1
0.44208659208879797,0.4334713534531505,0.6571213521585428,0.5277589385048277,0.11801131973884468,0.298536160227271,0.3408957924455337,0.2285292392003158,0.5357173912777875,0.3877221097894735,0.6415264669636842,0.5,0
0.1255144749461718,0.3820689923195687,0.03900138904919488,0.27986785179313445,0.9105404283299241,0.7959525241981548,0.6545699037828288,0.8006908696306616,0.725537649757471,0.4664985693377373,0.14877409830783755,0.32084057159025775,0
0.17583496147301383,0.43386098642757576,0.19703231278743602,0.28304146382237166,0.0919484862575063,0.24077799717320525,0.12440741733580549,0.29109965469180143,0.07937503672509191,0.36013061824979054,0.0798492897584629,0.1632067644295715,0
0.8895706751505542,0.5818660406764418,0.43881723831966984,0.5130771500550965,0.15403768504800022,0.5287556680712944,0.491638367990544,0.4622967178760772,0.7722159053671858,0.5418893839765118,0.3653336878576684,0.5110543700197925,1
0.09459898053590238,0.3794350882941648,0.5587638355975784,0.44515568584242693,0.21420749922084947,0.44954028719400474,0.4415292678057471,0.3163444853799648,0.49399613634582723,0.42116933443027593,0.6139593567170103,0.4465459037335463,1
0.061517224574624406,0.2622583996195724,0.2942405143314887,0.2865038277620489,0.0950330381307023,0.1716107174145614,0.1194308948864755,0.24203338419588255,0.00757393023250268,0.24471835992960395,0.1782311107400758,0.1797946115147974,0
0.6653816552774657,0.5441402919789201,0.5236921430330576,0.5,0.29346061957313146,0.5193251116427493,0.4673452034074058,0.4578098301018351,0.4631359879373372,0.5332267325406542,0.46469772494978856,0.49035565618561977,1
0.06268272385797978,0.4155733245847294,0.10274323600727514,0.3174060727090015,0.4877121719739313,0.5185815370718005,0.4274341165702084,0.32853807912914174,0.04964029267480929,0.3784229060205836,0.13960661181113052,0.28264944021725047,0
0.16638296942931252,0.3775834685309726,0.07337942134658348,0.2723144795872238,0.1250512750805354,0.23460603560260831,0.14279542186291566,0.21467776085461968,0.007259788042143761,0.3022132293056737,0.02293091238242085,0.1750973656716207,0
0.461662044706546,0.4988122650382289,0.6946784241406907,0.5154733406989535,0.08175418173482403,0.1640890674327868,0.3317523766226564,0.23812121095582497,0.19355523399418822,0.4453352262990184,0.6478031710284591,0.5,1
0.027773091512124908,0.3359166551521035,0.04427556909041699,0.22565581009516206,0.0925648679333241,0.20356004274705614,0.13906448051076595,0.23786981487738323,0.02077755572541555,0.3033937536117498,0.05969372423234169,0.1492391041769736,0
0.20667267502682451,0.4527901403192374,0.8166646272888428,0.46185554597074024,0.0839579845948718,0.2263374172423188,0.35704230325438857,0.31837679248828243,0.06112087724263185,0.4546486178105128,0.7944172529242391,0.4515959896408702,0
0.18414197576271768,0.42338073592973596,0.9768575756179603,0.5288773276043657,0.36182927438104073,0.30765472770004965,0.3447951634859853,0.261069456221087,0.028882402120337197,0.3829727818603332,0.9696512663227038,0.5294726654492318,1
0.08397834201236187,0.38406069987215885,0.11590023061394257,0.24194932472879202,0.36976514353319967,0.4296705496276072,0.35358690500447454,0.2964468617461384,0.1189752114688439,0.337621596159633,0.14243831334898685,0.2229623208182654,0
0.003754715123956673,0.15661016730150912,0.031084317219041327,0.1623699960848871,0.2552431304090448,0.33457495470571397,0.34573290225989545,0.3093876128779088,0.006528270398451432,0.2017304725427944,0.08823095487538156,0.1265620295730597,0
0.18824296775377145,0.34980147321159005,0.5995612210914624,0.36679634862758426,0.09245174269672957,0.18364700939892056,0.20570211748306377,0.252848748871806,0.02235026814199899,0.2674926574943128,0.4683512088866883,0.29648016962522905,0
0.2039837408055151,0.3899701208990714,0.2582861808305337,0.3045109546081765,0.12125729892614837,0.19011668506916016,0.16866025303308985,0.3021206897828411,0.14537108772047416,0.3083190699240386,0.09825328637312772,0.24037075264072,0
0.08077835856147883,0.38765624959439615,0.03512543970617412,0.36080104146521697,0.08446167638866432,0.3131966697019939,0.15553270410325729,0.23596497646734785,0.01607430669805928,0.3176993125178387,0.011210641796257276,0.28128695971685225,0
0.6087315743594556,0.5295158729326825,0.6597074181222816,0.39824012569836925,0.04438840999527533,0.43855211558968427,0.3243827704203333,0.5444416050888823,0.6020671711220226,0.46098117565509034,0.3667250929480807,0.3417510481541122,0
0.16731590811730918,0.4189709115269351,0.28851969879813194,0.3381803355348795,0.05440919805491311,0.2719952108846049,0.3408734493708935,0.27322023689485664,0.1352116818253326,0.37618524035075673,0.23995172412306578,0.294603870573751,0
0.8247119189473248,0.5690634224659541,0.6646246310801469,0.5098763826322278,0.17284284229118088,0.38042825429582006,0.42998306034573514,0.41019767519819783,0.13779965619615736,0.4736952185922139,0.3803639992744996,0.4666659891219633,0
0.0979155925415202,0.3021793340002716,0.370949247878871,0.33746695884512096,0.027397382124876656,0.14377711890860254,0.27652002256946284,0.2241904484098132,0.009121559375754065,0.28938305555902083,0.40175096964701174,0.3224919942864929,1
0.02631120997560608,0.3804015956952912,0.1320869931901159,0.2887132372169507,0.3084558505694461,0.4056584806578437,0.30648577141494426,0.3177135072642707,0.03838591311339044,0.3442503575180468,0.12519719391631845,0.24804464742510718,0
0.024945683681646184,0.3306147910703669,0.7748676811856228,0.4445292991487917,0.19669911252516573,0.2813194805059735,0.220418645785484,0.22565901405890407,0.005900002518084688,0.26776313822805275,0.5463241925839049,0.4197644239135141,0
0.4345838819854028,0.5307399348217335,0.6767690165525229,0.5360783351976098,0.875468944538364,0.6399212363489106,0.5646257608807917,0.6189420665052053,0.34957884952159374,0.5335865647965716,0.6273717707937808,0.553943790947907,1
0.1322518007302703,0.3696609406266796,0.2891304148284544,0.3848013629090008,0.7815060838967807,0.3767129646502695,0.22710973582437832,0.22132344626460804,0.02952394878139112,0.3256152956357671,0.13219166972672855,0.33432544538443476,0
0.6618779762315393,0.5550457733507278,0.8641214841307171,0.6204106657387334,0.764071722708146,0.5405773122936357,0.3992079798966567,0.26517911301870445,0.4790176345513388,0.4971375093568762,0.6187597585544407,0.5869127622901635,0
0.5389093777142459,0.4523660802481797,0.17721603659988514,0.37032579497923634,0.037117496682462475,0.1943360148142992,0.2558941214535062,0.21800025539775383,0.02474749947474823,0.38654179864464033,0.05996237901652485,0.3195479026408658,0
0.2622006552359094,0.5074272617180217,0.4920734745245281,0.5332525610393194,0.08722951980230378,0.18347167581491125,0.36626086354498033,0.17772042483389494,0.11212305317682543,0.4255243003196785,0.32828056462764454,0.46567678204177926,0
0.6307514765079628,0.5543470007745654,0.18947470498378186,0.5,0.8686748545237205,0.8370071138949398,0.8841206439885715,0.738466990123496,0.9766853961209874,0.634152594080772,0.6858505637835406,0.6383537605364712,1
0.17328166910502146,0.3729392480305355,0.3478187774200404,0.40744357825826033,0.022208986729328768,0.15172944255439172,0.29141674362718867,0.1837726903509831,0.036934113974968534,0.3471903254291935,0.4879093051870516,0.3791714573083254,0
0.5799111462489208,0.5387630010093342,0.6447186944896788,0.531773216116749,0.22793531645700066,0.43321147553689404,0.48425686869856505,0.40987702172272605,0.45641432752654465,0.49231835844290195,0.7063441610677818,0.5360720291796583,1
0.08589345467390669,0.43220109622027547,0.32504854175172815,0.371962371712178,0.9826366444609466,0.84922409120044,0.46984707147896826,0.6525089225734532,0.9880371863958588,0.5686333777780427,0.32856450284140276,0.3944065965135276,1
0.06750061400530256,0.3808946542687719,0.047580563646409266,0.2575074542275248,0.07083590939499716,0.18955122241543013,0.267255586825137,0.22066712656148335,0.11223578945421732,0.3104177049350842,0.05206083361272547,0.20325195367474735,0
0.6588340520570313,0.4807350911039095,0.8660210567862131,0.4549073373727763,0.02395759168159951,0.3881236931790247,0.1950570407383903,0.36686190612050124,0.09995928369447128,0.4675510978352275,0.529564932712463,0.4043428263589177,0
0.08176555515663711,0.3476397561375207,0.3118645004689132,0.3197001218678871,0.473920815062416,0.3366572263776989,0.25555155104480154,0.25897138090525096,0.006475624463626676,0.2668910781870438,0.21359793613931732,0.2673709710974363,0
0.1015110057184475,0.4670410455963843,0.09689360846420453,0.3012141355371562,0.011620983619943914,0.2075546216895792,0.3199217281445349,0.22666779388046762,0.05014594345081122,0.42089855991954966,0.10521377187591405,0.26576218730557527,0
0.2269333135689457,0.4788849130058784,0.897226431775633,0.5415918789485172,0.23669448710738591,0.4332287882404541,0.4357976921353354,0.3616973393150289,0.2098690655110747,0.4638306164652222,0.9007909074987388,0.560544897716523,0
0.19819103185212855,0.4242034172567174,0.12815598728160618,0.34176230232369015,0.12941075726084408,0.2213679031478131,0.2530162252561676,0.23708575856525793,0.024733989981631312,0.3524903613439562,0.06951044010218742,0.2845855541978046,0
0.004692417128534366,0.1754153573872608,0.05514383592703368,0.1750856018985691,0.037952607371114146,0.14235255646021386,0.16214776619568358,0.24761917294797034,0.0005901589762087887,0.14345718335840635,0.04962667556868566,0.12173837862764555,0
0.6732357579414192,0.5147717714875732,0.625816484831289,0.5576921133489423,0.35612583527781944,0.3432211998447848,0.4029902911538535,0.3906711041421604,0.3768556057977447,0.4515819864537098,0.6071810804343012,0.5268509477214253,0
0.35312055086518335,0.4047986486416023,0.8452899121195254,0.48291038439549516,0.11535574610857527,0.2122407321888923,0.2783993525788151,0.2533390564238403,0.1462405894109521,0.3878251407648367,0.7902205179628127,0.4541324919907286,0
0.15876960654242764,0.3462086582175639,0.5474528463778978,0.3349172485745565,0.7416136961501302,0.6991099995740458,0.6733703485810227,0.680284440955656,0.22998644327968445,0.369082950505288,0.8128098181207175,0.3854581654896253,1
0.7685265548620163,0.46336538939185173,0.7615495426680968,0.44418842930198355,0.46935720505904316,0.3902458251430032,0.2860893675244207,0.28149563812735456,0.3581952737043722,0.44306486086293595,0.7210662173869365,0.4130097217366587,0
0.34006651401237326,0.4665504532133557,0.4530650396400443,0.4257260178668734,0.08336995327553792,0.3644774249650849,0.2462383312431002,0.26054172517775137,0.16087631720807094,0.4775336178159633,0.4520699516736839,0.3992274385590903,0
0.7744350502698231,0.5498745228391514,0.797029600167811,0.5308804097423054,0.7344570582923979,0.6137416719223014,0.6616170247331294,0.597623646990324,0.8472613578488668,0.5598152583742979,0.9332513609829538,0.6138061209526061,0
0.0010383999502055553,0.20724921417882272,0.0021887336094571167,0.12151806737725575,0.01842690492723089,0.1636277511289974,0.13583769903671739,0.2412429924353185,0.0027114387334236014,0.18527361777837154,0.0018085330380980382,0.061495549237388265,0
0.6176967030485345,0.48195401406025035,0.3742154968798136,0.3984210324937457,0.7957966839569619,0.5620094984305829,0.3741617640216819,0.5226489561393605,0.41344010058577596,0.5297034276555255,0.19813963685247138,0.35694375745006995,1
0.18455025637393316,0.4832148356791506,0.5291325348202811,0.5135866187927131,0.2893486327263035,0.31884719966639014,0.2581709543717974,0.3120487573303938,0.01749547861079033,0.4046528364772428,0.24724516702274835,0.453030207777648,0
0.8979187581296799,0.5380353232638186,0.8523524492808925,0.614135900130264,0.5401575926875798,0.7945413430173752,0.6387392009999114,0.7967128401054788,0.9725453664658379,0.6239234453553436,0.9339648419656766,0.689880218308331,1
0.4313298656525475,0.4796458219028872,0.011651573633653151,0.3662931835945782,0.892367766089169,0.7612477752111109,0.5745240363494436,0.8458513737280505,0.34954143572824214,0.5483253818342553,0.007946672806294238,0.3444400621127199,1
0.10024645025962767,0.40979333157155934,0.04991078046576405,0.28628660002891104,0.2526106369262013,0.24639251041453233,0.1636186948946003,0.25429613623546116,0.02159529905898584,0.31418643967522825,0.040978829596139466,0.18901702560479916,0
0.49387741492907655,0.5238115457892828,0.882499798340089,0.5673316671068278,0.3220704285399892,0.35358959996033085,0.444918296933283,0.47119250488710185,0.06945225558857394,0.456334019155699,0.7502351462975486,0.5166833064336788,0
0.4822989996901129,0.38192430732740607,0.2830558909151796,0.35531782145903146,0.16480748974165146,0.2385750982101516,0.23271615441859134,0.2574722725867159,0.048185902279124886,0.4201874397516738,0.24422476684423947,0.29405626915869404,0
0.024084725893009265,0.27950706383542745,0.22902200610653894,0.24143604693023402,0.22969665044886986,0.21526519241842004,0.11224527911483997,0.2741752376596154,0.0020286676916498126,0.22711617685531452,0.11377308173043567,0.16945886576143268,0
0.5646378074629119,0.5447570082893296,0.5418228126305346,0.5542065208217303,0.4550223903420876,0.5275827705355276,0.5597894631923972,0.4133599265710541,0.5498217878448572,0.5244253361385776,0.6792109979862563,0.5765937308472792,1
0.05081040744475755,0.3755658191627425,0.16323764304614385,0.38909375897170406,0.09707663083972604,0.30925998661718485,0.3595172895706227,0.33507542884888186,0.14112446917047686,0.38229224583675747,0.13133696130754863,0.39630759386196923,1
0.22227638956195392,0.3404345369477208,0.6063043085834484,0.3919590222526211,0.038793228693150265,0.1967475158096309,0.12278907223733829,0.24887714037590736,0.08053917776649075,0.34399199890968485,0.5370089700384766,0.3345363503123447,0
0.0032840772187824794,0.2642777412778496,0.03727634418319768,0.22102781541709432,0.13247082128470603,0.10189031461912214,0.14549213524855908,0.23320772824496852,0.0024383130534367265,0.23211102002743803,0.028456687856083067,0.1512450513879546,0
0.5449282081885537,0.4434878669189568,0.6305438897618958,0.4336139162327119,0.05886510005207149,0.22199388283266755,0.19916053647305532,0.24472395906555774,0.061086002530806094,0.3628335386213612,0.3365102611196017,0.3781893315372246,1
0.40984346868584287,0.491257505879634,0.8129267726738043,0.45234430846224316,0.7465416447731533,0.7089482015653737,0.5875397976950127,0.6135733308811827,0.8342962083150152,0.5343784435982593,0.8371543207099635,0.5338158714216433,1
0.3492028497983855,0.5078990210878801,0.24611993828050008,0.41776689508505604,0.5774596604760432,0.5152587890560223,0.19733020956129577,0.30193403010103587,0.764856737552583,0.5598133345762721,0.09326627093520182,0.3314639059553802,0
0.014615023235347914,0.3704025685610592,0.09053960712842611,0.2944515550879807,0.5383705557254053,0.47857571595949777,0.38075927203070586,0.3851859676045313,0.08635282305073849,0.36398604705099824,0.13577057962255856,0.25751392128629047,0
0.30365036750149726,0.45277003919152753,0.07895550973308532,0.3673466814766583,0.04083130446111363,0.33202870420871844,0.39845011731872887,0.3060632626615547,0.2781573462164298,0.46316634871247914,0.11088333568949052,0.3748436463554662,0
0.12297820914333166,0.4570750702641437,0.743422203192931,0.6033863589311206,0.9646048101280355,0.8520779784394479,0.8251750324387042,0.759553814900548,0.8423648658293171,0.6352242511333612,0.9156420942670507,0.7278612735855453,1
0.5989688780426647,0.36553144973545915,0.24347205515958364,0.28995026259970635,0.10563740530536676,0.26321650666811985,0.3021967581904543,0.20186645029018405,0.272913203264582,0.39278350118356686,0.2902362083688903,0.24975257253781813,0
0.3824296957393428,0.3519770544368622,0.4169095063620991,0.33962511085063035,0.4604058816614523,0.35803219446573764,0.26452631259639753,0.27889522658543214,0.05926212666132401,0.3211081029787803,0.30739014357016325,0.28930320238376345,0
0.018272769125156543,0.2993892201417473,0.6607356609117777,0.2870238059109789,0.008919650175964224,0.13264860704963818,0.23833057505668834,0.19037516735730753,0.010663105192193708,0.2623214349971377,0.5531282723733979,0.2504641956742037,0
0.038571780965589296,0.35901344190243295,0.42169049305140127,0.2943677062653454,0.30483856022203326,0.2907900705299579,0.37832112893915376,0.3284450470315932,0.10319376094280908,0.3337590375750483,0.514019779162088,0.3021714639967457,0
0.007937693278423641,0.1949261127126566,0.027286896298608698,0.14123996590351495,0.0074416481589379265,0.07535419274799224,0.08560680593268241,0.29223383019237764,0.0029275649704708574,0.17671364488508035,0.013682559771822396,0.08500877484753189,1
0.8959710621984198,0.5614030970790483,0.43808589496837824,0.651524550436355,0.2868899461855524,0.4461124939487124,0.36933124742296003,0.3282086498116794,0.400263922438297,0.4895077275772434,0.4627952851471366,0.6354179840538501,0
0.5076719503014966,0.4964239346021105,0.23103359948292632,0.40849135357375455,0.20565326480338766,0.4303650084794425,0.44040087613478207,0.3149129966024588,0.08168550024120663,0.43878727059177364,0.12145049277498068,0.35273264930703613,0
0.004649192852259125,0.2434278574703702,0.27204024163365664,0.23960499924016998,0.07838298132002773,0.18064181716699668,0.1364146808736517,0.2402797280195951,0.002298242458918795,0.20725949882921565,0.16472155395966986,0.1364673581497295,0
0.3780982514733724,0.4409807683306488,0.19587866513569696,0.4646188285721001,0.045909314013131995,0.2512868549483773,0.3699166266535467,0.2886330386757026,0.27925573310185253,0.4044976194200117,0.2269017753955474,0.44601892504794144,0
0.18685636105030437,0.3792753712958554,0.21788671104974042,0.38124522419224977,0.021200826860380044,0.21955433877017042,0.2630561226512162,0.22784566417174976,0.11851267384481576,0.36259694431766903,0.11006322300348813,0.3193518881208391,0
0.07618706887594366,0.3371124359525191,0.2057338318947366,0.259337924975812,0.1788752557119762,0.18073400788803412,0.2632952241402331,0.19676418041375415,0.020627682062558793,0.29821849444956733,0.18872148378318337,0.22674942565398395,0
0.4039332988445267,0.47912271830037706,0.1908984115324715,0.437253786324692,0.22452815118504388,0.19690106828829035,0.26982917686616437,0.2056673615072962,0.09062951206066537,0.42103840986699914,0.1756200078119904,0.38392855979578727,0
0.5674697822381212,0.44521719235227114,0.8496672175095195,0.45274218328657506,0.03454927746455885,0.2076455254045223,0.2990449714059657,0.19911530220287002,0.21495951071470362,0.44410058184192774,0.83949850819832,0.42856469695914556,0
0.04092128017637729,0.37669065941259416,0.39687334856614875,0.33889391532991003,0.0713213560927951,0.21726423236375975,0.34562999322969534,0.24816852169025827,0.055098252526957825,0.3665065957114874,0.31686400485320754,0.29895119796101455,0
0.05070298326249377,0.3088930778116179,0.08781632814188953,0.23903054133473822,0.008962279366507623,0.1399417274189191,0.1679832265725793,0.21455286377311142,0.007192572544231886,0.2783557979036735,0.07712204379567555,0.1529513429687279,0
0.04563665179326601,0.3688990547229152,0.29274280111500084,0.3091337291982603,0.26791597786134536,0.5304300314892136,0.5221960883544942,0.44102365483969225,0.5408767560431564,0.4150319308818742,0.4421962156047619,0.3323453489516149,1
0.14841012987873328,0.4912713131482537,0.6655861901723307,0.3830214637832385,0.03675341119357329,0.11619280573402116,0.21651677113016585,0.23666307744572615,0.03211145151758267,0.40869707917326475,0.4052937474422441,0.2820558031813216,1
0.03286224947306466,0.2727489795563556,0.011296367742772439,0.17697506502778612,0.08761498969482114,0.1554798489549055,0.14556407087755815,0.2664363530434654,0.002648792907065766,0.22958444673655115,0.005671694295487427,0.09928743367831626,0
0.029376330774992087,0.326232159550493,0.06598161636264359,0.256624465198719,0.08507741398814676,0.2873257929892476,0.2753458113188375,0.3183668360779114,0.016023840586458206,0.271603168659449,0.05698417114708493,0.19900461678244652,0
0.1814872128611303,0.45650716193786295,0.29883435815164405,0.3813441611657368,0.8458352020023012,0.4944292769593464,0.33441795922951595,0.3154594678077023,0.05798278303102056,0.44208560419644016,0.16996578741588342,0.35945829794974005,0
0.10919415806022946,0.4092824015214603,0.018805885578307785,0.30463885162588655,0.2174785130943739,0.3065892020755135,0.3271946040109854,0.2130494430856228,0.036536555187827384,0.40304729969752184,0.015926764097811977,0.25389911563945433,0
0.12038357553283935,0.38898506051019316,0.518442752846054,0.42299654243745594,0.320236897324686,0.3307975393679466,0.3946547459868973,0.2572355130539439,0.03823121642426129,0.35170932759480544,0.35961367642487185,0.4359572251403314,0
0.5762481163180505,0.5687931089389745,0.7504055130538586,0.6088162628715175,0.3038963537705007,0.48974062069360774,0.3537420835120731,0.5305238810910801,0.7093089643877437,0.5374043610729876,0.5202156383909479,0.5967980052584335,0
0.10095103769407013,0.366751134599688,0.2715306658681237,0.33831784515406577,0.018034264151722088,0.13101153575232044,0.22859650722838348,0.23301790200298791,0.008258158274109223,0.323472951748493,0.19030730962818604,0.29002717449904764,0
0.6222048111976162,0.4650982075059449,0.522061561837336,0.5,0.5325637489085971,0.39206818145678163,0.39390017440776615,0.25708920513270767,0.1383449612387071,0.4223681565129385,0.4176067898783794,0.48802119602497473,1
0.0787613440789983,0.45557860857765564,0.17138860273034653,0.4254312649689394,0.08693171610688706,0.42489895271415884,0.482883678533892,0.5814424961057263,0.12743860481714542,0.4469024907392631,0.2554730843170613,0.4060162486684488,1
0.004383527652079981,0.2078763171719665,0.004296231410975523,0.12798377955364215,0.11977259424217454,0.20356004274705614,0.13881083726475874,0.23803560736457394,0.007012090486454824,0.2526978003115385,0.006021490562654419,0.07636683615909085,0
0.04205904374712687,0.25731605965967974,0.07659835126613894,0.18451870594200095,0.344979747158979,0.27817876435070926,0.29729026631742067,0.33435621642773616,0.08955955631400553,0.26136304943495353,0.0870837424720796,0.14056413665679438,1
0.1768154339013835,0.35180343154392985,0.554026029212339,0.3573520497371826,0.008891162572333295,0.16191262685149413,0.19907205678536086,0.20116074999207553,0.04279917510889335,0.30233708049046243,0.48531877057986333,0.2772635145041517,0
0.14254119288189032,0.4294604473579412,0.42120342031006497,0.43376426242092475,0.5046570951724885,0.6171749659563227,0.587047778907552,0.5877717925790047,0.3058989884786029,0.507457193633811,0.6197446784138058,0.4341659900690726,1
0.05780649111301617,0.3428516968484029,0.6301347227374533,0.28538767181199365,0.11938401942557572,0.19174143867865814,0.20135051402974904,0.20004848026033753,0.005247825692986399,0.2768848153323496,0.3404054401251186,0.201780257341035,0
0.5833729694401749,0.5287309351125811,0.44424103178899893,0.509480540665062,0.26536673430002977,0.5828605877349049,0.42626959240585466,0.3297775311925838,0.197770048987418,0.509433710849183,0.5496115852983374,0.5,0
0.7297040145738112,0.551990041439393,0.6415606324893612,0.5917660641216032,0.3487246940964066,0.5083989521377135,0.5758985297582079,0.5130853698268627,0.42270866356839965,0.5688121715459905,0.7252904786818476,0.6165268355399387,1
0.47979012019764167,0.5114185657496746,0.8829909668637154,0.5611499185812862,0.2882394179805156,0.6310553848996686,0.5411999752283412,0.7285067312395657,0.7745541762181285,0.5555965246242606,0.8887800170211546,0.6200582004137375,0
0.8543693327663054,0.5801463152220231,0.9764948451728052,0.7317940177254406,0.12290606774001876,0.4357627037931343,0.5760733706378253,0.5200118295235181,0.8573121804378587,0.5612364663990147,0.9767591824475653,0.8132302970664296,1
0.305712555301124,0.4615985470070415,0.3410033466732481,0.3778483281236642,0.2043571549777959,0.2574941184503358,0.33595972723046297,0.2945796082965776,0.06077341932367175,0.39953500882791243,0.31854606319517464,0.32188210995716277,0
0.646057152489102,0.616632491247311,0.8854784257685168,0.6521754563066999,0.4358596648202868,0.6033671334616548,0.5827089006762052,0.6918479042484323,0.7404989084145994,0.5985286112113773,0.9610393212768487,0.7168028911988844,1
0.03373552730776644,0.32423955556622663,0.0995247765265567,0.2615791457431534,0.02537975430992894,0.07479155736369898,0.13804508150935385,0.283001593956112,0.01326241094686712,0.3207428352087437,0.057725289337258956,0.18412911619573163,0
0.19562178031142577,0.4489193240092733,0.6627582612867776,0.34085415868144064,0.08191033732240724,0.3595611859149875,0.4624859546032184,0.3567833332995861,0.019709218429012,0.42427601629484124,0.5347900944349049,0.2918414890351714,0
0.008389159067292344,0.25236085536481967,0.06101087875330925,0.20264407219700484,0.04984944048773848,0.13235357948846677,0.177372788583492,0.22846034274177537,0.003880762922346695,0.24701300050312355,0.037344047077896424,0.1440244995750407,0
0.3447957858072539,0.4339476603249293,0.13631318005949714,0.3916718103954719,0.24863844389048878,0.482274108129381,0.5777631001276637,0.5087694620861517,0.14214849855569603,0.47727467207515484,0.11373554545271641,0.3956490790508699,1
0.03659706504531022,0.26377858722164466,0.3489606080293834,0.27968714345659856,0.49311882642739807,0.21603624968438043,0.25867024134784755,0.2453932974483221,0.006280944162026425,0.2511662676446323,0.2697847933510728,0.18944464231485122,0
0.09661553466728992,0.3656983118163558,0.023386305344709833,0.21187650076831793,0.5769135880217571,0.4768398064037305,0.26841375927683986,0.27366614704944353,0.03855142499198173,0.3498356650282171,0.04443930626045596,0.14136266638131176,0
0.25165318706826134,0.5032676439085514,0.3158213625287391,0.4940432956425492,0.6954543064674199,0.6010771787092674,0.5298263009912113,0.47738003764137116,0.252025586660281,0.5606441206479456,0.21153927234219808,0.5336517389033055,0
0.5163237945507244,0.47916314412420186,0.38363603712913025,0.506695778783433,0.062487590364141206,0.16689837369238983,0.3207793021847868,0.22290849948773614,0.3150139611694281,0.44083887614060563,0.15403229773362137,0.407601332581944,0
0.08758958898666307,0.5358987886767663,0.11943120279301908,0.49060003468692664,0.19733099737560575,0.3069510567305388,0.36765201559405664,0.2342336937438237,0.016865257172580816,0.4564874331793093,0.0924447512645385,0.4212138498060402,1
0.20855430583096424,0.4763431219786684,0.3445587819843789,0.5396227370113299,0.03416769330233738,0.12029560749550634,0.0953911467690518,0.3442902861236534,0.028617045921835386,0.4185992031622881,0.05640259463572351,0.38293088551893323,1
0.05451331894461212,0.34160575345946664,0.06328564648424091,0.27789895023350214,0.01575289905397828,0.19399929079454592,0.2176803773858015,0.23721223659756033,0.022101492724245834,0.3300484423175898,0.06000022330504048,0.2427971965901552,0
0.18180798285077765,0.3498308890623661,0.4520455181830668,0.328519223966997,0.19421099393395086,0.20186175918607815,0.19794243847322696,0.28276902227718353,0.043819405018506015,0.3186354591646669,0.31371504134649236,0.25335704895856587,0
0.1764351121491298,0.5206902858673874,0.7708983005003606,0.5111348541867796,0.3915107296897265,0.4299183535379755,0.470569381439336,0.3116043914838982,0.03479945885280409,0.4524800757978655,0.46779987239659554,0.48096100225452026,0
0.8863452256804096,0.590987814073369,0.9201065876124251,0.5973514825040616,0.18757160826989558,0.523735253391717,0.5854681503567153,0.5606065577900857,0.9626892148664399,0.6075893057998967,0.9658678474266247,0.6481562943299106,0
0.20089537767760982,0.4955573791163029,0.564223001542658,0.49363691880591004,0.1890145853825715,0.3501375153906968,0.3686336055970262,0.3735613911086464,0.1763771205256266,0.46155392274067975,0.2664850116960449,0.47601382019124544,0
0.8599402272716132,0.5652410149535615,0.991464283526515,0.6617630561422612,0.6995449902928416,0.7130602098970176,0.5791979602401147,0.6327608951888195,0.8968567690842697,0.582107573766037,0.9979067800147485,0.711153931635409,0
0.08666438578647437,0.40337885808703966,0.44309173807563884,0.3980782207932693,0.10997129667074809,0.21256158653654544,0.34758069891885784,0.30165490041316023,0.24729745332715466,0.39907871643179604,0.3506108136056124,0.3599477631754132,0
0.07072777889864607,0.3208090312276025,0.17507933479425353,0.2659331188149222,0.06463464882569742,0.22529607354679407,0.19693712153277015,0.20138136370539098,0.014439826843150263,0.2969725896888936,0.07246094856716541,0.17851941316251813,0
0.04339670209560108,0.48628122989262307,0.1386784111930569,0.45572377213618437,0.3809274288411866,0.3266945649477825,0.2558569477425868,0.2767348897273115,0.015692537402126113,0.43604588611944795,0.04036401662694785,0.3747437625430015,0
0.5350769562193008,0.507675590887913,0.8764011186932804,0.4911217346076187,0.7112222027147058,0.42587608801792953,0.4386026305083944,0.35998319945822704,0.31023817282348104,0.4459505586220263,0.7983512934945065,0.45390946499166196,0
0.13787732935653127,0.4708277828556041,0.39176391801403226,0.42854597269013617,0.2463763236286798,0.4067034245310345,0.39957869638989224,0.35440349894437634,0.11600164890961726,0.48995769698758235,0.3359487603726846,0.43346090213645466,0
0.029645662053416625,0.3045819917095013,0.15732037289341985,0.28865193869401384,0.06376730556770002,0.15523212342802015,0.198465990392051,0.2723476922077659,0.08040388027975434,0.29607684316044736,0.1240588070830558,0.20662358669060554,1
0.15642640244749692,0.30886579917023155,0.1895556160949211,0.3700992556723575,0.1939751727715278,0.3012087122759364,0.21711821269460824,0.219668658114802,0.0127097066514743,0.30924527227580767,0.2922182017201999,0.35884519330853065,0
0.29284538154427986,0.5722302582387158,0.17867349901428617,0.5185693108190333,0.3766450480387695,0.5123892524366103,0.3149757607230186,0.25057022171703597,0.09275466038902101,0.48030679719487096,0.19422275276337336,0.4897256682260386,0
0.22504657553459867,0.502866969323498,0.6960649272273944,0.5917742305382723,0.4950685170716463,0.4540959441658998,0.48139439569629117,0.36599144874238665,0.5091091448221923,0.5216251701275345,0.699291986703743,0.6019072678106676,1
0.005526387839044061,0.2504115659851665,0.028129203861956387,0.13496766669060173,0.018344898009457388,0.1516427407420004,0.14443414168954327,0.2380966011087465,0.004604928755246501,0.22435740550712235,0.02106259586596279,0.06926092572518522,0
0.4111401996768868,0.4764465524993692,0.44000896699153624,0.43268288849263686,0.2169653344551322,0.23414411429001175,0.41580944850410456,0.2796043299651166,0.7595089303401985,0.46838453829355264,0.5162311123193826,0.44245097195140115,1
0.16839775075948557,0.4758127153914374,0.09445949791294606,0.3803158118512676,0.09094768653818792,0.22248424028272065,0.27845668401169993,0.2390757322227678,0.1579499225977051,0.42397194227600127,0.08509197843333507,0.32117410992850165,1
0.09146944924461674,0.486271927990698,0.047796830359707124,0.414999711478182,0.47395844035201107,0.5575030891660849,0.6650301441643864,0.527016480334656,0.31159585156693403,0.5506766330271465,0.2530497422760026,0.4743933863495629,1
0.7338698248541782,0.5160397428679976,0.8857537066787698,0.5952980680331339,0.43348694575884256,0.6019747387624877,0.2831713077670627,0.29461873943641664,0.6113167077656263,0.5671242259774882,0.6522345754042809,0.5929122245584837,1
0.379471519740572,0.5215960282347274,0.09939390717086594,0.3752237689804182,0.8906659530900267,0.7035384886092803,0.3773885005417282,0.7246555004881047,0.9276099512518077,0.5798030450957277,0.10354322252624096,0.35511460656021404,1
0.21761935217660464,0.44906244373930987,0.7900526843031865,0.45211880664214565,0.11411593630329518,0.2820048052696072,0.2770937268155374,0.23598238972960328,0.06392057268863623,0.3986051172751096,0.7401877274110281,0.385217244061014,0
0.00651607098492342,0.25429443618783226,0.06152904576325604,0.3115196197330741,0.2107628259715276,0.3991213531144579,0.4401836424959255,0.485277398444989,0.011180145057937418,0.2510323599704506,0.12065599788281452,0.33039214665942157,0
0.1225134861929817,0.410053501286133,0.8811849433271779,0.4381710870498225,0.4053435254051189,0.45265474287078517,0.4208452687217432,0.6327351723958198,0.04818099498964761,0.44781141318687523,0.8974745334804748,0.43812978634040056,0
0.01451771300088423,0.2699956307056607,0.5129565804906991,0.25475307353286364,0.013297704475987526,0.02352246490712053,0.1521710144556104,0.1974290530669536,0.0037357927526686643,0.20970281677256467,0.2231057528699692,0.1642532391195987,0
0.22176883697249014,0.437417965535026,0.10854080291659715,0.3078483133404901,0.49846976820617184,0.5420085056356763,0.3849292254858111,0.2782078284350938,0.005469860218995805,0.39082330699357326,0.06895281070264339,0.23091925695038434,0
0.012832802326307098,0.28599158357404053,0.056687099950792706,0.21482951619866697,0.3222009963431657,0.31990864652933726,0.29012194484105325,0.34333217299723434,0.003958939293848566,0.2721533258895743,0.036029449424628324,0.17272574228203846,0
0.17765407107983258,0.4240154264353484,0.6701290768441663,0.38364065618534315,0.6732969275688023,0.5263087992465373,0.4863124416837684,0.32772967284769855,0.06478639384304785,0.38603110188286477,0.6688704123466407,0.4176822678259897,0
0.030031949666498258,0.3054924997754513,0.007578219110494226,0.1835157996280175,0.2933477081141228,0.41791789005196317,0.4340475893946926,0.4017937008797788,0.0526610681321252,0.3666305980231146,0.018936454710734223,0.1658422066995391,0
0.7209845092874958,0.5573966574717546,0.5175700174676781,0.5395263040222196,0.28966816572693477,0.3277000658059636,0.4855852615585575,0.3686948457609575,0.3531707306683231,0.5286902498885793,0.5570967364336645,0.5434577549142185,1
0.07698316055960663,0.34802082090374564,0.15600015467499342,0.33087453015874724,0.09568540821373378,0.19049932559311197,0.27716921355148405,0.26592467334928,0.02104148615693879,0.3385601041673551,0.12002814506676578,0.26439713590531033,0
0.07076407706374843,0.2311601299151399,0.10802465009907188,0.2200677435703764,0.3217021728713927,0.253519194432423,0.12124782761802984,0.35457186920113987,0.005215804451032146,0.19753324740262893,0.061217736773545535,0.14566114793145202,0
0.05964307716069879,0.4024284049504881,0.42861912805181945,0.40037675401440126,0.2151984652382661,0.4174546767886403,0.36557262411891084,0.2708203126398148,0.07974841519660499,0.3725112378551516,0.19350594384751166,0.3970721846323076,0
0.06615184544598204,0.35288516676048265,0.04969866587803607,0.2980949911667826,0.010115786010526361,0.14384555734412457,0.12712591328891704,0.24422732004214295,0.014340616519176801,0.3045680004976441,0.015391199268715903,0.22358762619640482,0
0.7386242335345351,0.5270936833333085,0.977224010473867,0.5704198310698054,0.09948244446249785,0.4742826609862391,0.30997837901158676,0.24552828101635188,0.6512630581249523,0.483633910960991,0.9775712651981114,0.5477535447847824,1
0.18182640264025615,0.5170797807430485,0.8531326993736511,0.5259803363557053,0.9004806151876775,0.6593809658672372,0.3421401964112447,0.3535907211976129,0.5418673860036997,0.4905029982440325,0.8695185703112813,0.5478965142477388,1
0.8541258920924022,0.538178747007425,0.7837857478746493,0.6446855584593323,0.5159063817333077,0.29488509944911273,0.36452622775252497,0.2261303296127697,0.6626545531507778,0.4775282979782377,0.8040669065550602,0.6413954454567445,1
0.37427475514241254,0.4933377389701636,0.9723131645829207,0.5192032343437343,0.30884180373825587,0.38365450874689727,0.42779443109100923,0.3159616863457756,0.11959352910646964,0.48950709396305975,0.9844089032918817,0.5437737363971513,1
0.02597360222136758,0.3140655056080936,0.08760603126688357,0.24672184534104416,0.06380002945850476,0.1315763349714052,0.2399170823009301,0.1785985462502139,0.013466894128241173,0.33101257135233375,0.06957536909624853,0.2148478316954692,0
0.5811613206991612,0.45431683226330405,0.15940097336336295,0.35721042055419133,0.29609631993218183,0.33636604397883724,0.4183838960343278,0.3758460203561084,0.27428819306541513,0.4559016984718099,0.16313909189953427,0.3222027536248088,0
0.14104567877906238,0.38972726796923546,0.02239691007894067,0.2893913950239177,0.677383622553529,0.49069132689295475,0.38454503378827454,0.27659861430527977,0.018059060293237453,0.35837373685045226,0.03760638665620349,0.2520808486891877,0
0.017069743500116114,0.2612059222044565,0.039208956947647144,0.1820971871340681,0.13274487929493775,0.2293732454720901,0.2753934831854994,0.26488234026091,0.022957594004623383,0.23787582521482234,0.026493837702584934,0.1312125046504329,1
0.12091409147989987,0.3867873485106857,0.25687804360657074,0.40397546542111795,0.5268555943585721,0.3274632933320218,0.29585903013374415,0.23671928371258702,0.023372332314312953,0.33103217056335343,0.2728068230516033,0.3700858698065719,1
0.21197864624820886,0.3261929469369547,0.14047807333459467,0.2852201114359406,0.17907413570280517,0.3663162276620445,0.3343740406296138,0.24311760605604701,0.5436505944420447,0.352704797302461,0.24299246617838094,0.27686968514476157,0
0.22720139743347778,0.497253005622356,0.1560822106669461,0.4617687351233491,0.6435449097885055,0.572527607185117,0.48296079612705517,0.4403680939073069,0.4280433795812423,0.5471154163578771,0.27250062872640624,0.4675268931716111,0
0.32721370891266294,0.5056783191053532,0.06650127885249683,0.4310043069843365,0.8904185737349258,0.7059152343515882,0.40707217500219856,0.5332544446858479,0.8030359710606937,0.5626695904112872,0.1449433662560008,0.44526479978699673,1
0.45944878237596276,0.5297498878169732,0.12759994089571083,0.4364642609262603,0.9192715246585617,0.773912267578227,0.4855311281607469,0.7628224657243401,0.7690931094101912,0.6079955771249722,0.06569760843779333,0.4033475645881379,1
0.48805067445227773,0.4966707909061921,0.45311799456649837,0.4108267766738578,0.20796996282535093,0.41132803169033383,0.46315057602261406,0.35526183499715996,0.29925013776982173,0.4548231857256247,0.472391576202151,0.37365870469704876,0
0.433106476268738,0.509410315334645,0.026479681798643448,0.3908169950067235,0.4990808605708742,0.5044571288459858,0.4244628374395736,0.2930117253935273,0.21807558102006153,0.4562417384795257,0.03513217415540637,0.36457024727981613,0
0.12075017682012672,0.3996087330670083,0.14051069775777433,0.34288287207068685,0.06004735436381043,0.20447598261194266,0.26197155523725485,0.17366216340951462,0.11389258983071532,0.37958343669518335,0.11244691892123063,0.27749315939726427,0
0.9716939080524701,0.6173361411726679,0.9677874333007332,0.7331565251623325,0.2120354189185209,0.41921642275117815,0.583953545530085,0.5,0.928302981027553,0.6702435638722813,0.9727388440021841,0.79419050309911,0
0.8354409685043168,0.554657628318978,0.43030685869335167,0.44705241741404805,0.9463762984373388,0.6996889026215496,0.38124009016354427,0.46719993270420435,0.6724923037059646,0.5536023331801385,0.17610944867338454,0.4405996737549902,1
0.1432399901351725,0.3174389043262483,0.057272411096698415,0.24405567542324902,0.05265582917270145,0.10379186653117248,0.23697831092512187,0.186769838353545,0.018888099214298813,0.2978629499012136,0.10361180328103504,0.18606667889133735,0
0.112641363815496,0.3685134741041786,0.22360406850292877,0.3669470662874986,0.07620215673747562,0.519065411944104,0.5126841388113209,0.3343710842557651,0.34349847902190245,0.43877035860393504,0.4204853429447347,0.4137105363499094,0
0.01606531253693932,0.3033202063033722,0.008522589779869997,0.2161049881677362,0.4381675089132973,0.3679551809422443,0.38632475688294676,0.332070937542662,0.002001099998109725,0.2618262567126491,0.013561493796883603,0.19432937472472753,0
0.056652297498764784,0.4159519298125752,0.49719120199458516,0.3622338381619682,0.26932698727903415,0.4636485771247394,0.4541682812020549,0.35042941666391336,0.08590442885634213,0.4263232433260925,0.6938229333436438,0.3754051634823201,0
0.919825354311415,0.6244478810610978,0.8014551957652231,0.7465785486790532,0.7065566102433748,0.7895464762215579,0.389516735561696,0.684855121989894,0.7071873065863631,0.6576729021121073,0.6249398900910035,0.7360543728453804,1
0.1680792310997634,0.43677739768909085,0.2715814383963714,0.3658311392676881,0.896186911724877,0.8008519158800756,0.7483543136951399,0.6627479433883463,0.8569409477843422,0.4860744702296295,0.673496480325823,0.4490587155872442,1
0.16603727769178803,0.3497115659687649,0.16923525220824842,0.23197088175859581,0.07889525180396455,0.12677367224683228,0.19579407872602858,0.21032029952316147,0.006336785858104096,0.28472408683487593,0.09078676440613342,0.15547380708684702,0
0.3299285795743041,0.4677599019591694,0.22131941032441305,0.3812182021858407,0.0986756488187272,0.1799936046006189,0.18643018876338788,0.22892782721729843,0.021596396733704448,0.39729508693288973,0.20618031088286543,0.3173124688258064,0
0.5538491678543369,0.4490507331707203,0.6416631736865107,0.48416787931354266,0.32477474988605715,0.4651026025418996,0.48769369859816264,0.5218266914502229,0.6831223964961187,0.4612418867820911,0.57198717926135,0.5063553393907673,1
0.9369513070431585,0.6234920084925245,0.34483168878094694,0.5637260498534735,0.21174000324853562,0.5521695668833301,0.515160391357892,0.5611936894309618,0.9589306662053518,0.6196026809868528,0.44619350137331343,0.6105574262767786,1
0.14881904953140593,0.40057517157456113,0.7353778691008476,0.40090748529559245,0.6438265887049105,0.34878671420406404,0.284285213941231,0.2213807933756583,0.06176041973520249,0.3603213622182413,0.7306188572758444,0.3404918931129011,0
0.013209576380371152,0.203718490206529,0.022752718100020528,0.12009958023213403,0.4291957180983873,0.24223950043808729,0.1845872110149799,0.23428290945304228,0.010914750052905504,0.18303581458331003,0.016348939880793917,0.06740891271251274,0
0.9193634287103136,0.5895645504849454,0.5414081626054111,0.61695018478442,0.3783433605706558,0.4183185741004135,0.41123100439215643,0.29751787635684185,0.44516153074089215,0.5319662290703244,0.48610645990359025,0.5716891935727515,0
0.5280099076086033,0.5584054668265066,0.15727491231880564,0.5535492363132427,0.9602035478506878,0.743985328294298,0.3966144232424643,0.7785923097822791,0.8997199206376458,0.6179161043298916,0.26125080506390497,0.5937725523859269,1
0.969505071442133,0.6319572045415082,0.8073235030146487,0.6601688898068415,0.464906690469487,0.6759130829688049,0.6866251919583477,0.698235584889301,0.9553714729442633,0.6482741934266767,0.9121001423793711,0.7349595581952353,1
0.24527409767096012,0.42650055102713375,0.05334724725414416,0.3548350209432057,0.3897182108330924,0.30885592359645847,0.4218803416421272,0.3957050526814744,0.02247186338360347,0.3704187026776586,0.04323487899854691,0.314167943735787,0
0.06373928889256764,0.3388442925624714,0.6730174251478012,0.27772768282155647,0.1750509703849752,0.26772973979114806,0.4214095326640541,0.3734761492502477,0.07122687305466299,0.335344633183371,0.6776040696451437,0.27635601672583715,0
0.4414694492281422,0.46178222175333644,0.890150035433488,0.5116931925240088,0.8530749864628047,0.6175838417377773,0.30233983810300613,0.38585020705175577,0.2239461264641187,0.4329018997655294,0.7853916862096751,0.5171662298471311,0
0.5145477704457431,0.5401631549263533,0.6861009230594727,0.5584405750318409,0.7799272181634953,0.577810212687415,0.4393893768686308,0.5713331350712441,0.3805919694890369,0.5597730091107347,0.6412357644595889,0.5593142461136765,1
0.09261003661507271,0.4238032855092978,0.05018626105794163,0.3528866452241031,0.026771693228580213,0.30117072592972466,0.23857607678941456,0.2735525031874444,0.06903656389126459,0.42443719126917195,0.04253781757783824,0.3151798878896585,1
0.7047937372464343,0.5386314958175875,0.7070110335532969,0.5208212499292465,0.08511139853751408,0.21486521088696905,0.5054626104132041,0.33776125940190155,0.6231013627982683,0.5150800211639537,0.6770379140595325,0.594773905437971,1
0.607077085370414,0.573069434760797,0.746865252178583,0.603811198768028,0.970632163549044,0.8836023931330822,0.6885915901058158,0.8061025675632546,0.9542409450964667,0.6402190623279362,0.678234810413875,0.6727954250918078,1
0.5858730349266569,0.5092699808830862,0.2446260859662657,0.4683883762813205,0.8517064583345471,0.7317784798619529,0.5727259246533799,0.6237535370127015,0.7878796328757293,0.5064241849872998,0.5400657501096073,0.47001718445123497,0
0.46541241363658503,0.4947885040585838,0.13875852064498587,0.46995554130824735,0.7187713665225649,0.6058091176266691,0.5466139345283704,0.6508868518165285,0.5734414672638741,0.508082660866144,0.09500128385866238,0.4647893206891482,0
0.3635364483894274,0.505845353554483,0.05739488278182338,0.5240119229865444,0.8548517206220714,0.46814113595871626,0.2788058852891813,0.30217844632560475,0.48402664138705054,0.5005212166823159,0.03566243869035324,0.5177577964168534,0
0.029045551161179423,0.2676026116341,0.0997158552312859,0.16243748001762828,0.1783277840260838,0.3429224566480197,0.28327285274189196,0.2927460946573444,0.01102294478007488,0.2502914616304113,0.10988302991129376,0.12509372569744762,1
0.5099590344153248,0.500746274241571,0.6851206091479876,0.5380646324828419,0.7086446279244142,0.6433657350464851,0.6932587425868146,0.581161992816728,0.9094467090292571,0.5837526687597384,0.6267925809116782,0.5843292593382878,0
0.2610737599900152,0.4630775597067479,0.5707375548685238,0.5,0.14009124894979455,0.4387010894251523,0.5542622814493016,0.6476611147021919,0.28634199060080007,0.4227899255217762,0.6570097881919065,0.5439325541096677,1
0.21747778497835152,0.42913483255530305,0.4407401115536909,0.40099187304765,0.818688517995378,0.6456611564128609,0.6033586042175367,0.6163867592408094,0.6271421323506166,0.4367441536205244,0.708329467330139,0.4393977473892927,1
0.46480001418573247,0.43806513535358077,0.44089390651309146,0.3745316604633087,0.4477377871781285,0.5144680968175601,0.4692209046654731,0.4894678240215904,0.12681707131615477,0.4195569653226586,0.34010971526514794,0.39370549941744987,1
0.12130224670428706,0.31816379532502004,0.12193161322989017,0.2903060198916923,0.027479741789122096,0.09187513300470976,0.21459750899533475,0.20138152524423414,0.010198069771343183,0.2451285094932427,0.07472651889436115,0.2204204135957153,0
0.20321878087913353,0.3925348824406468,0.13363142742132736,0.3344784845959547,0.3805691313434825,0.2863922836833216,0.35777767635528024,0.26391118888562465,0.08203058524296773,0.3886239002258337,0.18446920967309716,0.3213736783839178,0
0.683000317307949,0.5825963681387804,0.4404667110536521,0.5708597043972303,0.6701039440441184,0.6549092708436105,0.7233628493474543,0.7108520878739631,0.643625361044858,0.6048728788529821,0.5711327407703107,0.6423569842729034,1
0.7208150187789598,0.5431624503526381,0.49910507297133966,0.5229492758569908,0.4887051122680012,0.4238124300499002,0.31628254729058275,0.26284127768188204,0.632694056436382,0.5749473936812785,0.2169353187181554,0.5,0
0.460168199872928,0.512136694237084,0.36365226209340207,0.4644710320274045,0.9108226740084301,0.6646189465573998,0.5146902087141326,0.5513474699200863,0.18746980874335573,0.544133305326611,0.27785108797828695,0.5,1
0.7524039145241558,0.5220500945528972,0.8051374381183765,0.5647090262028863,0.1503339501307481,0.34439262412356364,0.3748446802054172,0.31699702177699723,0.43562426534524135,0.46259913546681763,0.8290610491676087,0.5243855415244387,0
0.6749619256185457,0.5850790826538069,0.6103964734700061,0.5889210932529114,0.4844603774248647,0.5498027274129795,0.5701255662315938,0.5110783419921786,0.9243710405813761,0.6266151057808954,0.5358723388181913,0.6761695700239752,0
0.1652449461262326,0.38960235789565445,0.1563189931248798,0.33589762799961126,0.00867957457468225,0.18009337967579156,0.16371114218017524,0.22314887179609894,0.04717063490878204,0.36699732083781894,0.05072688088348594,0.24822368126984537,0
0.17080173537361712,0.5235600222512169,0.22587732486787357,0.40590893526468835,0.5226898148618837,0.4171873687630999,0.4051596676582858,0.31876127059666504,0.3180921972872209,0.43731707418206406,0.1837227932322971,0.37863062140111814,1
0.3539746668041132,0.4101152256080479,0.27530993626249084,0.39640933628908387,0.187910274165557,0.4340006206869606,0.45480291246210736,0.44203386933439714,0.2688803196491885,0.43080818419763806,0.40187904769929905,0.439003656202858,0
0.0475645419062113,0.3011579716016775,0.020379530238294065,0.1750387867157759,0.007194318452641508,0.08360939830431563,0.09615365914277704,0.2866373253120547,0.0039495173247310784,0.281949742790104,0.005526130501862169,0.09640404612626939,0
0.031874901221737986,0.30575914002567867,0.06994235120978215,0.344533052568696,0.09399174295591656,0.155188486514536,0.22314737361021125,0.23699000709146592,0.004601061269292672,0.25969813125902946,0.05072147949419969,0.2844569752827543,0
0.4099178471252214,0.421128892175937,0.13492009817380418,0.37617864805671714,0.05250466200944231,0.19375850011333517,0.2439148338457864,0.16544831685661535,0.038879149871629166,0.40228756056756376,0.0704119722416933,0.34141628210144465,1
0.6514059624197444,0.48967559085246104,0.9367547934403521,0.7052538840888694,0.4626099515611588,0.4655315222521845,0.3912977645281327,0.26739036981434844,0.27648469756536176,0.529635958436108,0.8754727777978307,0.7256195242565054,1
0.040207483608078354,0.33691625755666316,0.008139711315446538,0.21546542739916408,0.03378502292783574,0.10284371981068516,0.16720748196245072,0.2201750916159629,0.001601626294845554,0.29525683169144185,0.0027637799631304704,0.14153014110394405,0
0.15864959301705164,0.45955948240074923,0.4191318699523677,0.42591491546698906,0.15843766201472945,0.32473814457110356,0.29944745508515563,0.2411934669116352,0.04511954987563913,0.4181678032761134,0.21755304853252963,0.37985017400582327,0
0.2829262334961881,0.4447021281960183,0.3009259121642078,0.41451358032139146,0.47917492807103457,0.4820490192988671,0.4166290791206167,0.2856221990457859,0.061774002685505695,0.4351873872728867,0.08840254690899317,0.38326663814050504,0
0.004938120619533683,0.3651108668782136,0.02259232717075431,0.27832247985717273,0.1817786216921001,0.21211632645579281,0.2740497281483113,0.23873388439827267,0.00870402450955265,0.3155489602433111,0.017163938004398343,0.23044651938279975,0
0.2621967308300149,0.5069468723242083,0.06276664415297357,0.42924914935311675,0.06952970663727494,0.38040174527002957,0.46051605237442667,0.34920486739774126,0.18792190278585444,0.46762221494752987,0.07843560009825344,0.40442567017250486,0
0.23483756774938544,0.47860722440378795,0.34582057033197516,0.38923039221660627,0.07524036159421897,0.17909630311798477,0.18332539579092139,0.24100862912356255,0.23980066461421368,0.4153493179201226,0.2535539668500959,0.31115421953241645,0
0.09078547912495664,0.30662913497606886,0.06795957078726123,0.24279349192353825,0.008855713195741763,0.159955910151368,0.14419359377926555,0.27319107635520123,0.009311947153430797,0.24176482584963632,0.013273503946172872,0.15051875180065044,0
0.9084301528987572,0.6570544094261187,0.2134302366301915,0.6213063274868218,0.16612264596177537,0.4681464210213483,0.39296659553773705,0.3008012331773965,0.4680963624387108,0.5659914583804575,0.1130550120990358,0.6145132194141555,0
0.10281257050951031,0.38965927423723445,0.1507220872395645,0.36121004551395947,0.1471432962760023,0.23155171352647175,0.34382871759281936,0.2623809683466247,0.06146145317961371,0.3666924223785161,0.07684549146912162,0.30452982688151553,0
0.5403573548408821,0.38305555433244265,0.7142949327818424,0.39507087644110833,0.18238891972627627,0.15202258403713292,0.11237541021605528,0.3074559912761061,0.029146582521742632,0.37559466878124764,0.19815308259375242,0.26650210496051174,0
0.9183069105376517,0.5926448324209547,0.7293399767555079,0.6289296804029422,0.3716951215568024,0.2717136450118981,0.4158760093709423,0.27423924720040305,0.18329328113507207,0.5142901734136012,0.4705386734148067,0.6007635085573407,1
0.5089370907550594,0.4753986687980169,0.6032618366411243,0.4623277701064066,0.5887221633454262,0.6308034498656189,0.36903781227809584,0.489789915511729,0.8598021520660712,0.4776049001626368,0.5795549300529512,0.4624687140522743,1
0.22674285197280644,0.4472278426671464,0.04252841515835429,0.28789846992216833,0.7569437687332742,0.558569852537508,0.4054761750684592,0.4686538462056315,0.06897169856914295,0.45291143895237695,0.07559472147818268,0.2515658994489915,1
0.4289004223503721,0.5212594626282318,0.2621785892910417,0.4550541456307992,0.6013301935214914,0.5185713727627907,0.5438122182298215,0.45382639866170343,0.3746108992443576,0.49653435454947736,0.2612587734204183,0.41661325217694917,1
0.6124900156265441,0.4785459509755929,0.7340392153928413,0.529144204250967,0.31959330950203985,0.43890352441768976,0.3710764401986038,0.24636809249168512,0.19285467485567642,0.4227063265313462,0.6074268073782279,0.5161469320417105,0
0.4899951530714037,0.43476461693886237,0.19698198169266584,0.36361581564297607,0.628294610018183,0.32359136682649653,0.3509507197777818,0.3042614847156956,0.018839819175280017,0.3679079782911248,0.07561956490565931,0.25563046714176413,0
0.5284314455222671,0.5336057122506235,0.03167806167619512,0.4480556158435914,0.08486187603847084,0.424392971599399,0.6133224608691447,0.5651350034574004,0.8201758161300167,0.5506543943494362,0.13684264198298468,0.5169489553811857,1
0.7046777447466133,0.4576586902013249,0.15922599484050295,0.41648917591705187,0.9021869827685484,0.6085701836027829,0.5931753133384041,0.37785011631343174,0.5522903611739964,0.4963645102490805,0.17072688591668106,0.41646328210011346,1
0.10438982833299401,0.4393370547843463,0.7099661368525296,0.5,0.40898919335453,0.48762783249939173,0.38500801020425046,0.403501788612327,0.24204395174201732,0.45023197359933653,0.28001962165843636,0.4753239366374865,0
0.975807021032137,0.6186353145756075,0.7817621548449692,0.6472082463763945,0.36621676399785624,0.5020007971596416,0.5753694067453377,0.4621057549038391,0.8763856637799302,0.6061520177969824,0.8366025617774423,0.6575482496965739,1
0.4533102861314684,0.5216126788073743,0.9538564912059888,0.6217558783329922,0.9253507495288807,0.8401996164300797,0.7161376059521435,0.7557038546854177,0.9181799390846856,0.6088495652943354,0.9852740670517982,0.7162794939559456,0
0.043824142382108335,0.4154973729941636,0.30851167614561104,0.3286338636511326,0.883639811381431,0.6817308328815757,0.6510431188626397,0.6488927778342273,0.6196491960896573,0.478628884851123,0.42253125749693704,0.38315592717747293,1
0.3081684325584642,0.5175031915404706,0.786490214712353,0.49107057509067703,0.664046495670428,0.560691978211746,0.43267671396560436,0.40681902307529905,0.34436363089846905,0.499155082663015,0.7628018555894525,0.5,0
0.3398328427373946,0.35634891095848853,0.5839967166371473,0.3696735098574797,0.2636953894793598,0.6302256164409281,0.6265545977997875,0.7019006413278981,0.838083495242152,0.46316322818318373,0.8064433236161633,0.44157349869370066,1
0.25728016041117274,0.45910326130990475,0.6772035852500626,0.37374066452831517,0.5808172358996059,0.3736693733717044,0.40311564350874585,0.35413573222656214,0.1270407815463214,0.4226109520208227,0.4582263353949736,0.33298138184396486,0
0.006321688456170023,0.3031939014234395,0.11613793255474167,0.2505352623059287,0.11766073538610158,0.21626355121833607,0.3057720600438691,0.268967085931712,0.0028442622879173702,0.2637659840926624,0.09699990224283236,0.20265530692760822,0
0.16094880890982458,0.44773293053021446,0.20084460605749352,0.39534663770155754,0.09129870119307573,0.2852186111951783,0.4994018204324401,0.3450329835443025,0.15261682907387603,0.4434181869019595,0.25405566149981634,0.37599873533445605,0
0.03510214874877217,0.44501101436399615,0.3639857784731087,0.40745174720805216,0.6434986375823526,0.6730113126414274,0.42305602009659454,0.5252892222871927,0.23636795460497673,0.4279226604288143,0.576413552946761,0.3948055027131683,0
0.6025272812261245,0.43914713619153084,0.0672611627322953,0.3657808045901185,0.37909587546364637,0.49743245229888144,0.5619248645489211,0.591451246394081,0.07502764487866391,0.4353274822998441,0.06873344831808945,0.33966901196400273,1
0.3368931817793706,0.41053771757498375,0.4848352935596047,0.3707440617636849,0.07076326826892136,0.16590974305289552,0.18250280272167183,0.19167056820648268,0.049636625131615764,0.33540824516161727,0.15700527699614183,0.2878091525272414,0
0.7299598107078913,0.5466589623108631,0.9702324650052219,0.6034851694299636,0.9393218722264197,0.8565215339114102,0.7371593721615225,0.8268491017015405,0.8754482964348915,0.6091321023771786,0.9829519121384962,0.6520393005469018,0
0.01738354950847781,0.3768652285706135,0.0819898274358301,0.2581524026141244,0.6122311578989272,0.47377703286351863,0.37897504016904277,0.3852899164671325,0.016848749794557624,0.3385323845286015,0.1027799477922457,0.2169436203594412,1
0.06258122394918207,0.3941985977879129,0.09431507246875384,0.3288061463047187,0.6936483573123736,0.46012121092244135,0.4894812627661266,0.3152059755401963,0.15725094894089828,0.3905306497398926,0.08879197177761532,0.28671547086366184,0
0.17918169914717247,0.4227099358459034,0.17144721775455665,0.3704955627058084,0.9701227466719576,0.7750849692199754,0.6691462119748788,0.7648845034126429,0.7651285734043979,0.46984749660866293,0.24941663277639517,0.36506055132706894,1
0.34217306311689055,0.5251886663571238,0.18616764183307538,0.4694921175201839,0.6686417544876947,0.7396565767713771,0.7564967643858418,0.7694287965203194,0.9781693273995453,0.593718710421299,0.38403952897834265,0.6253990991389697,1
0.7592476151972352,0.5257464819241835,0.46830660032856763,0.5344782894946316,0.3736700052383267,0.48576737070626863,0.3822288848379939,0.28688375732040133,0.3868340546050852,0.5223602305861934,0.46522655299524246,0.5428465688885542,1
0.7551615458420193,0.5139361717393583,0.9592212701017374,0.5155092959549077,0.5985847023559353,0.5863027537049187,0.629919594518666,0.5659924543967851,0.5802853936243553,0.48211594367030497,0.9595607707715169,0.5207587019699279,0
0.22136809316819395,0.44110422145237643,0.5024828547730522,0.4254109038476725,0.12408647491103503,0.3702087607986312,0.4048501353845862,0.44566648520964963,0.3709139501063264,0.4573622965567161,0.5613821877084029,0.39484544501384794,0
0.27179463855753844,0.35447532455281605,0.1832039109353909,0.33888412038796056,0.046642921330544804,0.15605637450832258,0.16359774955340325,0.25195178158322723,0.014172612601663779,0.33641523222174013,0.09034287515900863,0.27083166680573767,0
0.18472985587793064,0.4834298355552788,0.8433550738072131,0.433098547423069,0.3060061561578474,0.438111100160783,0.4023268069887971,0.291351056622766,0.10794378519465728,0.43752936934036546,0.8103962960950637,0.43134460233919913,1
0.0847707908021885,0.428693122542949,0.26665142209382137,0.3228047182544591,0.7283309370004852,0.4060085599676961,0.41436850597735864,0.4126961289065529,0.039114389588407364,0.40607889194209734,0.17320645005181792,0.29875995054861093,1
0.14249995973054552,0.4351530645451047,0.2125993480326014,0.43474812945194047,0.25849641355102243,0.506132362101543,0.4510791866810922,0.5,0.30811920747240706,0.4667973132230244,0.1775523787784093,0.4098978836761663,1
0.946950543868993,0.6186554908368473,0.6967477316066633,0.592228431068835,0.4910810063013968,0.6233649094880179,0.5107396034321283,0.5736225595324225,0.7793309176918076,0.6218296088921756,0.563824408584963,0.599912195561147,1
0.5818099118264494,0.4390047037996529,0.20184981934718338,0.35851327606483996,0.738637164907733,0.5208451117694629,0.4045773767823218,0.4133398795953056,0.36702358455691597,0.4454511786611926,0.23505750808823817,0.34171127990504857,0
0.2792983638058021,0.5626112170572694,0.6712927537563814,0.5999880604103172,0.6916826710317926,0.4507576914157791,0.4491513630063696,0.31188005734262275,0.7216839022601386,0.5331283741022527,0.7540469738470342,0.5808456620731817,0
0.6050769246233105,0.4084849848716799,0.3413432416536072,0.3945127024560782,0.7432624325674309,0.6201588325149335,0.6578097467751547,0.5380028709702145,0.37824864839604566,0.4912479741908399,0.40317953391048766,0.37316349652313446,0
0.7495286496520341,0.5677325472079504,0.83736257930849,0.5428156328787322,0.6782544360841049,0.760745936177636,0.5903827601984671,0.8108474428869908,0.9161637539508541,0.5673717560662088,0.9129050063048078,0.6222376741631116,1
0.25781559801448745,0.4853182921230475,0.08513295012068119,0.44758591126237646,0.5352016933848969,0.6223045621686706,0.5683856800392777,0.5940046016894673,0.250760316852808,0.5150973149087794,0.2246483197239569,0.4670307172664719,0
0.2949981399581374,0.45014475251895597,0.1476852243069974,0.4123987438200591,0.40601535880801465,0.48005344370206793,0.4030060064458259,0.4124611187042564,0.08085381034070796,0.4627895294599127,0.17715098315141836,0.38744234560306007,0
0.6274401799658089,0.48280886139291385,0.06426287607435259,0.40305102491135486,0.14503025634071418,0.2690012043024672,0.15157783231675662,0.3592113471573675,0.3841986960421226,0.4672565978783844,0.014745261158806049,0.31468794150149954,1
0.9173321823014476,0.6056205039324141,0.6087156850730816,0.6924749691333583,0.5818172838838741,0.6189514737301534,0.4047559515556093,0.6843327490693386,0.5921442287392387,0.598450816876435,0.3216904089014458,0.6659675175720112,1
0.17155849366881126,0.46997276129264465,0.3760748176582124,0.4132085700490923,0.19231508876955625,0.5839913869765612,0.5714522921304237,0.6071511562660943,0.08312350808722002,0.461278443868349,0.5150016486376856,0.416673671336813,1
0.9787577932667334,0.6779271806772841,0.8298506792678466,0.7733837364996843,0.8317984528075206,0.6761764712944996,0.5140188401125897,0.5393197072034848,0.9793881220220326,0.6889164302930967,0.7018653156278631,0.7789590834497775,0
0.14029909435840665,0.43621253513959735,0.20411171312493886,0.4341364726584974,0.29150957757738793,0.5944961716953328,0.6245635273800828,0.4634559576524078,0.23559399255852406,0.4419092030338089,0.18134094738832043,0.4343446628011899,0
0.6297297414423685,0.5561063573683357,0.38054865612617406,0.5877870289832062,0.19184846276871811,0.43354644006351306,0.6059633667555502,0.56779566756465,0.31732843156545204,0.5593994403502792,0.3052996059634451,0.5748984739590173,0
0.10156815152358264,0.3979051789696039,0.004521393771822466,0.19824121843717948,0.09672721140448372,0.3439940815195809,0.3466052945563099,0.22298720831810911,0.045616079297741176,0.3961180333015101,0.0067646489185517545,0.15531297417279596,0
0.056945767954837544,0.47618909137764703,0.8014088995603458,0.4178207228916873,0.049949577209859736,0.27164102691059594,0.3766129855551939,0.29597212074104573,0.109078228152712,0.432562605272727,0.8615989748032462,0.397114709191488,1
0.022282665952001204,0.4159368918982174,0.18063354890530406,0.37078422829600327,0.10656552086920604,0.2775926724494571,0.29914557085680693,0.24527989130737402,0.0678271059204556,0.42180715473929786,0.11972938813882918,0.33766086346927215,0
0.015158537619570398,0.30736679110276666,0.012372368683141627,0.2183274670140294,0.086609199997322,0.20809062611519857,0.22946110512254028,0.2131316678709244,0.003530100863088981,0.29666318816387127,0.0078079092661451485,0.16014668453143233,0
0.17314295535509658,0.49401077388244025,0.4005510364897369,0.4667012826708648,0.5053460727314127,0.7653886597064876,0.7108595142035798,0.6458764909961413,0.2910371314808101,0.5053983317957271,0.28019560184696435,0.4663530512414192,0
0.10472861547494651,0.5332417123612571,0.8620688767206928,0.5058023671746136,0.05073356310173284,0.23944069255532036,0.4868381048401754,0.3277340983185917,0.09682039124585173,0.5055684735036213,0.6433026128632227,0.5,1
0.11549541866144493,0.399035137173751,0.13647501372487358,0.3353622048653517,0.05494098062137685,0.2891612483373538,0.24645237669226822,0.32230744449080734,0.11903661842934203,0.39234642721115437,0.24617774924266436,0.28842402957293173,0
0.04890779263434896,0.39152117545860654,0.001156021051769785,0.34066588226570926,0.631252349049042,0.6201880730252101,0.3937639672344032,0.5786358789049023,0.035213748557198,0.408157390718708,0.0036355346795208993,0.3168378494246469,0
0.3176705810784207,0.44410145090096453,0.118402830819118,0.42598505129727193,0.44859708667954085,0.46715141334748356,0.5366543431189037,0.4049690850024701,0.19909983861222352,0.49996593860766403,0.06716086832222581,0.42810311057850164,0
0.7195746140732389,0.5751683503344902,0.7067767276830133,0.5386018167579569,0.2505344317584924,0.46795049818431345,0.47955582698927135,0.674955949517102,0.5797093350777242,0.5049538640187146,0.6635783407982564,0.5357968299332351,0
0.2310896076140397,0.5270400790596378,0.3665061665088047,0.44713218155001544,0.49447011584043876,0.5202878019233501,0.5913215977617011,0.48084545287193636,0.6206554346928447,0.535558185594793,0.5034954930125566,0.4657591915623601,1
0.22323979685441417,0.5019153922954253,0.6305137426987376,0.47032249953009514,0.10031196520172099,0.14319072351564519,0.3732179102549975,0.28752912378131856,0.29135161456751163,0.48776044983291195,0.7257417828935429,0.4851546762115275,0
0.5472623613216991,0.47065347763519366,0.18574113334301226,0.4291609427654504,0.8960552122234278,0.7949633048673344,0.9583828308110321,0.7021416608892266,0.9329705714608004,0.4911678236568565,0.8144355742429459,0.5078544707710376,1
0.6389648160407071,0.5063401123577396,0.9532661961246947,0.5551672140496363,0.08164658775146927,0.24858102893761533,0.3600016093763249,0.2732986965810156,0.37135399446460815,0.48310716842387846,0.8927249431429838,0.5569745449764212,0
0.076439137914966,0.3459100272932237,0.15375018652845193,0.2339288063353113,0.5122438409721035,0.6798201867960957,0.5115737417856179,0.46499350286182767,0.17158104016790565,0.42433985894809323,0.20778180791743606,0.2200220095882926,0
0.5480561231198129,0.4607893136109801,0.7627594613015504,0.5065485624945545,0.7501884041084336,0.6220763178195143,0.6425586774652745,0.5673253807848407,0.11363999203642947,0.44756554418979544,0.7866217196665722,0.5143923734580521,0
0.462374908504454,0.5245162344368949,0.7035789683596015,0.49058916841693073,0.1566901183046547,0.4120240251939008,0.25590184570566316,0.3869083233233621,0.2845963198745879,0.5055103189253657,0.3212244639820611,0.5,0
0.11999579268200253,0.38055796913766726,0.4100840698074487,0.3966157210795666,0.1639451603851907,0.21241376428776718,0.23724699488376264,0.29360142409818984,0.03678661579676504,0.34014425627110073,0.272613378359498,0.35343798850308283,0
0.08114127645749827,0.4073447808439314,0.6189187918793095,0.407023855328695,0.09195415834795184,0.4388705342304794,0.46776166867001856,0.4567553180789719,0.42321092776388697,0.4611530138472399,0.6578946332422305,0.40248999001077884,0
0.9486678975852123,0.6217950185735537,0.36403871566572454,0.5629748852766795,0.8572710852311649,0.7485703638977725,0.7534680396260766,0.756039370957344,0.986134316053079,0.6567389236629022,0.43978596617898696,0.6477714768375298,1
0.859468183603611,0.5618400121913406,0.7945594106565679,0.5610926040488439,0.3610381754308623,0.5284989346116632,0.5538890542068268,0.40131481539434516,0.7773559902136794,0.5531359791015301,0.7371115320484667,0.5827677283470339,0
0.7605171932429833,0.6315748722821024,0.9557086601811772,0.662344185327944,0.9002368497430784,0.8343476610586226,0.7598898442404185,0.8010793209352368,0.5607024051149951,0.6308048632120737,0.9639215208813738,0.73278395983688,0
0.5968977326981866,0.48674130198495646,0.21834892997613783,0.4360491197675403,0.8654195873404387,0.7263454975422425,0.3767846370365742,0.6355548132506877,0.4297211820606624,0.4501282771667048,0.03164166386824885,0.42429166810143576,1
0.8177400904239319,0.5019689363339224,0.26208486929268615,0.4726447007876522,0.4368214198366248,0.428889147392525,0.5524537017596441,0.33381069573728783,0.3561474170247972,0.5078143603474089,0.19243709383799282,0.44918572875311813,1
0.80263336401342,0.5391876988611789,0.9331243948714759,0.5908467425077064,0.5579317171357128,0.6179404473452114,0.4990968157124793,0.38866730500317503,0.4978636641552211,0.5122899180045664,0.9242976309543123,0.6776676307647993,0
0.6418629615723614,0.5214829341848854,0.7322653203440318,0.48531027757289263,0.47991414697207785,0.5587303068056821,0.5252044550058274,0.4769300702355583,0.20261600907310975,0.47450052775373097,0.47132684929006674,0.4730352508820329,1
0.22828279483945887,0.42519460013062793,0.6039820339792283,0.4173753008988125,0.2859029286886753,0.5802743255024785,0.5315546128852862,0.5320497138927273,0.4460912789176247,0.4247809321391516,0.6582101885763725,0.40117221148419935,1
0.7014986001941648,0.47770382217550705,0.9559562768349806,0.46973799792253806,0.5740318154314447,0.3794320765627479,0.46198414795094356,0.25012507348577295,0.31611636908450275,0.47612668930410484,0.9014991023620099,0.46092281929376844,1
0.6089503004037881,0.47994172559150217,0.4430950134120305,0.5137698562241676,0.3626879572574379,0.3589614344711019,0.33368661751379003,0.4712402123518532,0.04376273087992815,0.36469993401604184,0.37789718184487936,0.5128367814619572,0
0.12394611719630574,0.40782984650856674,0.21016842374358602,0.3675056876395729,0.4022315134037755,0.6658659891865122,0.4739848182952207,0.5595810037215226,0.544315989926171,0.4791104525256179,0.40836426434459056,0.35048200974395816,1
0.30899166432822345,0.4044173994840087,0.832879332184945,0.4493888346572058,0.48911946349413826,0.5786188552491542,0.479388612386712,0.587785015268561,0.7880689984959477,0.4555210051140454,0.9530838045251582,0.4610775742281816,1
0.010785780875077255,0.3724539872208935,0.038029706983706155,0.36305337391094533,0.5209751727429521,0.3521058654970786,0.2137825292206098,0.26206506896388515,0.013126357391101623,0.3763941290485837,0.013543055551021007,0.32023282620197585,0
0.23171050263096105,0.41622266473425823,0.04587054447569828,0.3787806701477975,0.2030628804700934,0.37204959562150736,0.4302581064093485,0.25183633209769685,0.24379103736468136,0.4059847588679859,0.11172964809791142,0.367532756852652,1
0.0901297524595109,0.3057775724827358,0.14996885803432056,0.2441005815129604,0.8244688407740157,0.7333684629808901,0.5193391467066324,0.4486293532295751,0.06302297855297306,0.4156081487270302,0.3540028262851606,0.323447116455406,0
0.2889766620347855,0.4489890017912961,0.846325585720861,0.4335171129918128,0.6943721519139311,0.7048162085101107,0.42327115056540654,0.5547947743924031,0.24545908838983532,0.4446975081782423,0.7737773415879977,0.41693733456731824,0
0.4018390636563234,0.46470725556632925,0.05312507525143307,0.4282430542319494,0.20491094352485734,0.2906324173653009,0.31529827682677614,0.38953547316354664,0.06412375476937275,0.4998130480940876,0.01435133743509586,0.3992307718437225,1
0.47375752139678406,0.47613975510536427,0.9335544530518474,0.41608494309358324,0.3672755612473575,0.5181278854523491,0.5789494331833431,0.5058097140013595,0.7634681237873635,0.44625535586996645,0.9634221406741788,0.40353493164845483,0
0.7734098217140813,0.5233693284355677,0.03494881412361757,0.4518292158262043,0.2119866809859088,0.38416942844740143,0.3421240235647714,0.301867130253737,0.4337178228729783,0.5183848552513851,0.026564920282355513,0.4593271748985422,0
0.7294279004799075,0.5015377753689657,0.7663056165832579,0.5,0.24981691426092448,0.5836454298613429,0.5568581566016007,0.5720217052770746,0.5208990304089715,0.46727508621514696,0.8531268649918226,0.5087637084880925,1
0.2986250487489921,0.466788392620055,0.9134576480461396,0.5152247050537256,0.010876103703013382,0.07718408425595187,0.2141537904171551,0.1999720506497945,0.17452971456850389,0.39991105698521306,0.8741382430325148,0.5070339231946757,0
0.015368750900060943,0.39675962034411405,0.05925260212379216,0.3134832377237557,0.09027248789830108,0.1867374272095623,0.27107242563789763,0.3166505104863248,0.017241444348952313,0.35780742890777534,0.09320473137691591,0.26426120445823587,0
0.6195461131576692,0.5191753596257245,0.7367030395750328,0.4584488040542311,0.5816603239276529,0.7355683375401821,0.7263827325159644,0.826634271529877,0.549536422083347,0.48176976700732044,0.8155210368425793,0.45688813332552763,0
0.5072043689890859,0.48804217623865215,0.4335258749948087,0.5,0.6100862507868352,0.5583833872255061,0.686388061621209,0.5728143338034986,0.5361816026891748,0.5093451982030854,0.5157799410888791,0.5,0
0.04985548682773381,0.39329157139511167,0.03417240174611597,0.31238720293036015,0.010628368701339841,0.12622513485266862,0.15725157006882712,0.2022964004940164,0.011720243408100807,0.36939627731502866,0.009446856211266532,0.2433965973244125,0
0.22909165697033387,0.34146388003723666,0.5365168542340194,0.37405560589438175,0.9325881621405859,0.6755194191739194,0.6283089132841485,0.71384711247483,0.4001950553204788,0.35363533404772124,0.8503100306024867,0.5,1
0.07929301454891205,0.331774250033214,0.0322962382218613,0.2562048300192527,0.17277883368272012,0.25232936890704105,0.18351102715326745,0.2633350422744042,0.17088426775549143,0.29095534505849896,0.013037683029893426,0.17817524542896518,0
0.13082730152314934,0.4552095732951248,0.6526574401218608,0.41669634214116413,0.3949109494314309,0.4678609459708553,0.4512611423957447,0.45130591044780916,0.3170674042255997,0.4388866395963398,0.34373036077446273,0.4080783588938512,0
0.00478925012748029,0.298559163099561,0.2466008901592073,0.2432512778761253,0.09428774486996701,0.2331772277616077,0.15126750579080317,0.25745611640084237,0.001452622084798529,0.3059206555257278,0.1523411840621033,0.2049250386449824,0
0.026128563211092356,0.3675819982053209,0.09934540210703278,0.2793472461018442,0.7146020675805471,0.6519947019097633,0.6554299546127089,0.5663146231175605,0.4095864840685951,0.4559337338258213,0.34625101270884306,0.3119604583730059,0
0.046561555051838906,0.36612210465209594,0.4687830903936268,0.3622845783848852,0.812461392137167,0.7704947092688057,0.4874363609823769,0.594328191812012,0.5142976610633525,0.46135380635161805,0.617191007559748,0.3720407749022039,0
0.3313963837549253,0.4799910947934468,0.04889214542665021,0.3841747901865773,0.6926036168435509,0.6979128274017977,0.5165520337986651,0.4534874838654322,0.2471680923428391,0.5055540862229009,0.04030194878178672,0.3392188293339346,1
0.05658021076523337,0.33860022753542807,0.03808676116847579,0.22423802659351413,0.06699233315303815,0.07833939184367239,0.1611482995165375,0.21866885442576242,0.01466140501568571,0.28181460737144576,0.013477772331303806,0.15557403415269724,0
0.3048453352869759,0.48449107448963535,0.8660444335224033,0.4402417937598503,0.760285795504195,0.689546082046496,0.6435581178399555,0.7111700577367506,0.812446674534151,0.522791661274176,0.9679995604182675,0.5560936231750097,1
0.0358591264075221,0.3468629327046426,0.13641398234533617,0.26775441286572504,0.19852843500507214,0.4655002712565379,0.4973233391857654,0.3819454435289137,0.17560462131518065,0.4127377542878543,0.2030802967968711,0.263057247056664,0
0.48402458365593876,0.5857123207888947,0.753472825532018,0.589866186751325,0.8599702855224223,0.5837072111658812,0.415868137233526,0.5128772613662982,0.7764137798243663,0.5680484617194367,0.7112030313123712,0.5977602656209965,1
0.20442440965627615,0.501531469635699,0.34733558711897694,0.48394851592817484,0.22337280063612264,0.41910265017651377,0.4902026981039507,0.34503128118713317,0.37032861294660524,0.4957903315986574,0.5352300435792976,0.4871660093720317,0
0.010039191572526163,0.37289648644928536,0.2084057915237801,0.2888628434143587,0.10354669653474703,0.24155055699164527,0.22657087198864345,0.2516674098981138,0.01606346434906074,0.3931050459620547,0.08991689952381568,0.2577287314208398,0
0.05761360452611713,0.32892822064992566,0.08447953536013192,0.3116717972857205,0.05965340013973135,0.24249724309058893,0.20236101212060073,0.2272079618835087,0.00615493810526644,0.3427193419974229,0.05868452220424355,0.23758301157102782,0
0.10590053354303888,0.37073014857498127,0.32864236736172747,0.33806549317280526,0.5623633928114632,0.5641168188429043,0.3128068557166208,0.36251587115789397,0.08618543622202081,0.3606872489455592,0.16427573931508024,0.2973982102811849,1
0.258783764598754,0.4892717691805882,0.043091645433751144,0.39277464215247393,0.18625680517172713,0.2766759039990883,0.19165628692873515,0.2932004244279134,0.06205142103159658,0.4009105145967136,0.018885227130137995,0.3398474550482729,0
0.46323643767651407,0.5115493928576769,0.8768710236110046,0.5375655606200566,0.781833635212406,0.7052359702635809,0.6151569867625074,0.7305543678153565,0.787625463834238,0.5580961705562794,0.8470113728379113,0.5843422907998548,0
0.7977381639111478,0.5034571726576923,0.517501303022252,0.43877410454117566,0.0448424222460004,0.38359036039676103,0.384858825789369,0.34955329122379253,0.2640608479962342,0.5032314372557645,0.43561059385291684,0.4420056889700554,0
0.7759383821527157,0.4964194430041823,0.6759300638418605,0.4890548964041027,0.14267501549037925,0.34304463815796316,0.3922789216682689,0.25404266063889425,0.4747212686933625,0.48734397876671776,0.7676887681685465,0.5090915388195452,0
0.5569702016802673,0.48082678695901143,0.15647797281772302,0.36214967874578846,0.06445224436977907,0.25937042052530995,0.4802567948874346,0.3179228833182074,0.33269963573062106,0.45583707553683384,0.08709400227769777,0.3342925579193147,0
0.21894368799258745,0.4724356558452585,0.7121703310366908,0.47340612808659616,0.8986558656571992,0.7128557129937503,0.523335762799216,0.5468762279395379,0.9592348256385625,0.46131965688657595,0.8556751104001811,0.5735805064968805,0
0.6146716865308112,0.4000467398674571,0.4766041139587114,0.37673229265999547,0.6883108115593198,0.4850024610330534,0.44075755071586675,0.34596062895908264,0.37042554670932226,0.4260743724459293,0.5355120549603656,0.43014622229115734,0
0.1292340647880786,0.44259679511917627,0.32960672930244367,0.36016719341539627,0.4581141925243918,0.4261925758430994,0.41593535151466554,0.29016361436643634,0.06522444411729614,0.45800881347942085,0.3217701475951172,0.37342159942684433,1
0.7687404329847483,0.49721076425684313,0.3857857128018478,0.4312134820522433,0.8067405554237652,0.6160056565146527,0.535919796911105,0.45772095779743166,0.8215916550342562,0.509962088943455,0.25915108535301873,0.40778797298044417,1
0.6850414958091363,0.6170086591113502,0.9545035666387015,0.6021850205918422,0.17744831650111728,0.33517417030921864,0.4979554382824097,0.300994406329141,0.9057471608797847,0.5633682516103938,0.9380476737014874,0.5780667455373382,0
0.024928673519871384,0.3786162307784111,0.5732500289963404,0.3550687427531468,0.39152932550002345,0.42639743460438245,0.40432506675973257,0.2730357623649482,0.03195264340851207,0.34739562229776805,0.5635797912616756,0.3469518502001541,0
0.47240221520047204,0.5456583069086595,0.6115083842893858,0.5464574114818639,0.6469628820300488,0.5610589449876555,0.5888238078998841,0.5214094256374945,0.5194737150262875,0.5613239475826417,0.7107056093163073,0.5684992311798163,0
0.7187272561888464,0.5718468475393109,0.850250553184933,0.5692740530486543,0.5933878548135425,0.5653191116082796,0.6165979751117691,0.4054990328262099,0.7171156821303847,0.5227073595037065,0.7999450976279724,0.5564975517581601,1
0.21654108488917279,0.5314451496614703,0.9880326333087138,0.6515905671236093,0.25814916393453063,0.4012328744760291,0.426567348999403,0.38164491907858566,0.32547575205873985,0.5341576177866693,0.9786654085932174,0.6850724498008961,1
0.2641264729340474,0.49213063778583394,0.5514231082723889,0.4648981831250493,0.5604891146888478,0.592699780799648,0.5083713079915878,0.4715886158079389,0.7678661213828534,0.4848050579486516,0.41108675458662297,0.4627964127284786,0
0.9043947113955944,0.5015042931606846,0.8822205963953489,0.5968493174214129,0.5056228175352269,0.4801222216206091,0.3429551099248358,0.24959343468691456,0.35201053122263265,0.4605473652154109,0.7340612850039169,0.5581040054547203,1
0.8730356019096822,0.5429775618157028,0.953338154558153,0.6160255334230658,0.06512155411715889,0.39725089449989287,0.4714804187995756,0.4192265065647277,0.4510095095904314,0.5731023571842894,0.9143188155749782,0.5728583596464382,1
0.16047241571814946,0.341966064425585,0.27815843203348967,0.3130883518515186,0.451106026431441,0.5019102527317295,0.3348383072857138,0.4729735391808789,0.19297280976682477,0.3891675022106713,0.27177339092195735,0.28657507166720686,1
0.12403667958244917,0.41596068119010515,0.46210839711316665,0.4256606492095965,0.7569037296963886,0.5993302789711078,0.5547117839435307,0.577915716699097,0.5582065527316361,0.40858045741197707,0.7299381317391802,0.4305464193948526,1
0.31117306763388325,0.47327857661515904,0.19599709412720107,0.37227551254180413,0.045652035952773416,0.23167694175151396,0.38326904127953876,0.22342379797606457,0.04832325179177851,0.4352428842847061,0.07396317986596693,0.3368938274843944,1
0.3027304453599908,0.4680048324223959,0.5066062764823412,0.44164022296441063,0.5858050076825594,0.7704514153723154,0.6633225055122439,0.7266110162705093,0.7954012536986649,0.4711327722940419,0.8777951598398877,0.4579949955387684,1
0.3866404121551983,0.4527529213517011,0.6352959977505396,0.4613968416053329,0.5634707297620161,0.578311894923984,0.4075696647502727,0.5956917401717291,0.9017406892622291,0.4477298108423392,0.644867773017433,0.47312523930057443,0
0.9810027652005986,0.620259033088788,0.9894536813584058,0.6766267230504509,0.807598291653735,0.7273409571086754,0.5336889782409502,0.6382767490831699,0.8894573980266046,0.5934831076469403,0.983333755422726,0.7234550718963699,0
0.5206116027539346,0.4370202508908021,0.7615104295120111,0.37078353977148754,0.04114803696660334,0.18124924430995823,0.2510486262637408,0.23387693172394153,0.04379196087266909,0.3692717185934417,0.6141603053389114,0.31238091354544,0
0.557532500546482,0.4399953742386381,0.748480492062767,0.45246657083651554,0.6935646191670363,0.5363576219965371,0.5391713014111492,0.41218583777426415,0.9570744656915401,0.542418272241156,0.8987227623172522,0.5513756501433645,1
0.2726355008703291,0.504825946808349,0.9514800494652019,0.5226912140728509,0.31586022092120697,0.4057082326347304,0.510706560511454,0.3527744615269063,0.26490169423691895,0.4660515789978592,0.8739557248136202,0.5242588845361827,0
0.4578406797403681,0.5159136842929654,0.7560523273904496,0.45550008294980215,0.24863499128336328,0.3590120899526115,0.4716466669560512,0.34888771076912384,0.3836422666880549,0.49560879159083093,0.7005567753169006,0.4513642814330283,1
0.214055968364758,0.4059061577430678,0.5316265077285119,0.4496885184129887,0.4722932103494261,0.29258189600503853,0.2496818812902694,0.2274482021348384,0.029955400858280176,0.395558009009029,0.4276843410252734,0.3922350943062308,1
0.04970377920776802,0.38783826233869656,0.17511486069186621,0.3314451937483844,0.5433200760052096,0.6031841328630072,0.5206933584309816,0.5118400541522761,0.05987172972513248,0.4121553453070718,0.21392619417142417,0.30534032252428206,1
0.6781413159517422,0.47921290439817,0.4304315052521613,0.455056603863371,0.10656552086920604,0.27809635346489364,0.29900477287183896,0.24515897550720592,0.1599655442995642,0.4515163830295444,0.21392771974503103,0.3925349351199367,0
0.15702928891546142,0.43833042548575374,0.26167421531504786,0.327786905858993,0.40033009889314164,0.509403782440322,0.45564868357271265,0.4619495966963348,0.1758865931264994,0.3984956401296714,0.2668686049842061,0.3052030559184615,1
0.09650495813898032,0.39444609807985315,0.09357182911900325,0.26634288781334436,0.9103796484459195,0.7847745209030511,0.5463228768093701,0.6661322449332995,0.10649127480470716,0.4447699762573059,0.09901954418143796,0.2520622965370979,1
0.11379984205815126,0.39011461175135875,0.5432677981370841,0.45112519485012387,0.4044354680744655,0.24579766978367681,0.27742174989384144,0.20653550890132188,0.03188724524093765,0.3773174205207251,0.45908482821496027,0.42577509962161825,0
0.38815238207298064,0.4799673981626201,0.8577254662335098,0.41310113259601655,0.14868904906224262,0.3845850934949432,0.47890072014036644,0.27419303351921276,0.19847525965236376,0.45065173096856115,0.7297967520748393,0.3997578690837076,0
0.048586988460013934,0.4516079730803988,0.5678651616520498,0.4077265915557606,0.25314298196832674,0.3257658668126042,0.32835428135862543,0.2810832723349038,0.02063241474186193,0.3917842762418768,0.4153885772270755,0.3678867068590054,0
0.09895629421523408,0.4895935128172062,0.8685410271597198,0.5517120823254514,0.9899991026673305,0.9201929773931758,0.8100149076601821,0.8385500915408893,0.9153325131331546,0.5510938320627743,0.955000243346493,0.6469612391457488,1
0.17193012044564018,0.3659172162982528,0.1426774475015579,0.2683368006891656,0.34511912695127367,0.3695376005877028,0.3954212737163174,0.275390386864961,0.542013545741457,0.4266573670676406,0.21045458550588375,0.2600615584483135,1
0.2019967296532591,0.45978060296091616,0.5321804538597047,0.4509532423211305,0.7343600451025145,0.716101853090169,0.543371462067095,0.6304714709254629,0.5476069268657082,0.5235440632279867,0.7352336555452799,0.4673409412718496,1
0.40512335109499864,0.5214277941554255,0.8118712169055464,0.47614830811734365,0.85935147813109,0.8246707433142997,0.7870909837388597,0.8545123648786689,0.9760697025620999,0.5681407620047515,0.9582593487672019,0.591963816863386,1
0.04300526710430748,0.39315409167105375,0.7151966973826976,0.3580589056791709,0.08625461526267245,0.21089558667362113,0.19927092403853763,0.21029820414671702,0.04015178420069751,0.3075794166744127,0.5177548788417022,0.27590547642978536,0
0.13146958403499984,0.4061958120708692,0.48390062928248445,0.33741727296935375,0.07237066801964062,0.18441741123681904,0.2029203319120043,0.27421495773092835,0.1601113334522953,0.4156325035203984,0.4059843077972141,0.2888607215705183,1
0.8118285322133163,0.5323025953976521,0.8860699462773953,0.5690843846195088,0.6824272732604255,0.6451566649999483,0.6190342895113518,0.5389834132408937,0.5218765378689807,0.5140881261248519,0.9474234187460729,0.6248907391175038,0
0.14762328916038855,0.3467880954467791,0.25425298888158715,0.379402481648246,0.5737893283350654,0.5051125249973849,0.6076959787409908,0.5,0.26342130068907577,0.3984413210643424,0.44249483582992755,0.45045579708945827,1
0.17547373740369804,0.45151189590142726,0.072865536776903,0.4535590607471815,0.2751285351992758,0.45290555503745034,0.3681063478287905,0.3487639153458995,0.038566724277305404,0.5018919203242489,0.04297792182506729,0.4348145170990039,0
0.027794293650622276,0.2853139097540742,0.03646630073617943,0.28261462617121236,0.06307429916744255,0.25746348958495635,0.35755693795717663,0.2238435645962537,0.01479777541532261,0.3304407030726886,0.024712261778172116,0.25262163954790434,0
0.022123180747908897,0.26576673461960826,0.051027288627385654,0.18644699486306873,0.007822468483155195,0.16738133541983985,0.21266039394856867,0.2178266539102755,0.014252859286302292,0.26888518374035314,0.06040342578302217,0.1528268779204285,0
0.10505933596547463,0.4655805535489514,0.008660994449424572,0.30299806447228506,0.3401292600103082,0.5500464259102193,0.39982015627553946,0.40444598826760847,0.38418639938255994,0.4463004361479011,0.0073223193340522805,0.27538642673729197,0
0.026700754965169084,0.349519109235853,0.09676791043409501,0.38842965212714786,0.769164902803923,0.46616090671572435,0.4314473699413058,0.4259939677083504,0.4620766329963843,0.3863675510442513,0.19817940088970423,0.42938572124427493,1
0.08205180302789056,0.24450763195508787,0.334954697147533,0.27734046146555785,0.06919973174763018,0.21655570153391923,0.2835304509235619,0.2704670766509481,0.029441631151194896,0.23974039918240808,0.26562520409209217,0.2030515014523775,0
0.06939754218724614,0.41483209421182404,0.9197047846315172,0.43303363512338505,0.2642324652043613,0.31716623667022564,0.38467428317222546,0.4226920736416586,0.06689048022396747,0.4015984725479582,0.801822870121003,0.4163347552428817,1
0.8862607184342868,0.5671083428408715,0.13003241881428138,0.515917587102085,0.2900854501345678,0.47909838006870586,0.4702663494347064,0.44867098015140894,0.6437969701171221,0.5400898092514985,0.1973310048679364,0.5340093525775746,0
0.6264382409484376,0.41713678550346284,0.567032937717013,0.35389574642925553,0.6055649720181948,0.3036706874520522,0.3078419907191366,0.23434477278429722,0.10073871738838364,0.34502165416914615,0.27155482530331726,0.2990456666427364,0
0.1365789759488712,0.4180193112089036,0.6527055026505526,0.37386378883711097,0.014364479762042632,0.056977457607374944,0.1753741847037436,0.1953390803371465,0.013442572932839115,0.3551831397731222,0.41779538284076695,0.2960325501668838,0
0.7705038544716333,0.5264093350849889,0.7688943758970733,0.5667850137083646,0.9753785652884426,0.9061027048348178,0.8314342455487238,0.7753459993169131,0.9785083042525984,0.6010058543824959,0.9755660820283325,0.7278130091960558,1
0.703122354446239,0.5972903934530273,0.8380809140452026,0.6239027275996615,0.24848303291559645,0.5081950831668766,0.4243773584198908,0.5856642818287785,0.5595697019871664,0.6072352375626043,0.904998379420076,0.6482163562036746,0
0.6458498103652645,0.5365912528141573,0.14598404920686223,0.460774671221354,0.747293900212439,0.6762103807263236,0.7853206607184923,0.6356766686096639,0.9751510788667351,0.5511358094005679,0.38092866454644003,0.4940105941803402,1
0.38005439879759667,0.5300482615916812,0.3701646033226993,0.41833734278914675,0.6553282042464593,0.573709689381277,0.6937266008033072,0.6472149686185739,0.5964976597168798,0.5266976961300751,0.5767097441012845,0.4414145461022285,1
0.14575558839849753,0.4251308801885508,0.3203964037234919,0.3719568370171805,0.39601732521736677,0.2582189963003168,0.2517719752882414,0.2072566820308602,0.058091550763586026,0.41812864305134545,0.1907633125807284,0.277188027617663,1
0.8067616017261722,0.5194017656189381,0.5751436003105098,0.46905258930654686,0.28005587957590894,0.5190120891985192,0.3308169860088365,0.4055366402195975,0.5172049602422895,0.480368024285648,0.49459289903888276,0.4747850040468003,1
0.03357493007381891,0.283940884769142,0.28333923030978747,0.2967990302541679,0.10608902047038718,0.32814993902573253,0.4503051905807341,0.46817643328680536,0.010556461936589679,0.2560437411713265,0.45093515722291583,0.36581338900431537,0
0.07108903621729802,0.3204857836694424,0.05557762283154862,0.2589585899363906,0.43796275082276664,0.4790807346421123,0.4797831836151115,0.34177660095057655,0.31646310344740985,0.3801800335760177,0.16953505630873053,0.26528324594626607,1
0.2966095277862897,0.3512594627609934,0.48528503913163784,0.3644666053373055,0.2891144724095083,0.5089794665208067,0.5795087420755439,0.44863922597765404,0.060457978807732855,0.45111665798872447,0.6274566844617832,0.4162097981972944,1
0.6529616016707335,0.5494032317120449,0.7283134044537332,0.6169805219253285,0.21571266146546625,0.34074613703858986,0.41942459826356177,0.28422303226399837,0.4163002925003339,0.49000741531609643,0.6562481886743541,0.6023997789765948,0
0.7543005928098286,0.5986925947926033,0.3396340942980677,0.6004066259678895,0.3515097943727083,0.4111962872849146,0.4707741715450785,0.2889900428454372,0.4247933045740526,0.5611314495652043,0.10814728728981134,0.555206444400499,0
0.44024628396532317,0.5160979431264767,0.6436572276333972,0.5614259256570692,0.7225568338133854,0.544250451891084,0.6226605444063645,0.5243891241935248,0.30755756165628045,0.5407393305021765,0.6899001147808811,0.6212291532749771,1
0.48343428788461695,0.5731823061935623,0.6088745057082311,0.6299407333396126,0.3391961272390316,0.5770386637263505,0.5134975029903603,0.5078767605251617,0.7979792255618903,0.5679593860072927,0.632037054249331,0.6624061813633009,1
0.23295108878134782,0.37966054285147066,0.18550427069606432,0.2799149897160281,0.08846176190309177,0.3283990572714529,0.4168203161787678,0.2895857855867907,0.01150695079053321,0.3838543856542176,0.14075188217002016,0.26128566159548083,0
0.7262403210682268,0.6065378121709248,0.4815187526021035,0.5242498913434251,0.16411422588210373,0.6509104337638408,0.6058974691528917,0.6539464449763914,0.8669806396781133,0.6326123685584859,0.5303841922489357,0.5279705706268023,1
0.10180686300315832,0.4592638307267202,0.10238627722651347,0.4183220269289775,0.35025041482350755,0.5285571805960263,0.36573293125691475,0.7854479300630439,0.5150591660249516,0.5109198667928027,0.08835825694169637,0.42302862731383756,0
0.7050984440862588,0.525977490430528,0.5826108845950865,0.47749787525565934,0.24571084805723356,0.4785085068867542,0.535670523106107,0.42834995125348563,0.8400497281646768,0.5891354085147588,0.7241053318162005,0.48188720979839234,1
0.011175766733037478,0.37328846986341824,0.026764209169830102,0.2935510113733773,0.47516344806668037,0.3779533617182066,0.2572555698985974,0.261297729722792,0.002128072847334933,0.35329671828952225,0.01522400968317375,0.2193863451201934,0
0.8403766357763063,0.600242484216655,0.8382377453288481,0.6037302980662586,0.7869402736055451,0.7008355693250512,0.5391580517998232,0.6259557473018562,0.84391308404109,0.5982717303139615,0.7498477415133122,0.6322765581729266,0
0.011984615571624863,0.29050494799714,0.028323508710166652,0.19171844596493168,0.49574204216050827,0.32708236136903157,0.25154525925449633,0.2457228303995454,0.0024232504009147793,0.23566999826584664,0.02626740315443827,0.1644043288958708,0
0.09519500085309507,0.31751592220483665,0.23573219036069898,0.2664943507227221,0.0309321046260897,0.06355195886013042,0.19247549493392066,0.19566512982751558,0.09829012760480775,0.2957711757966696,0.24085193754821477,0.21627589005582679,0
0.6074710587334353,0.46447743250471496,0.8888325795906435,0.48813401558116043,0.32453830730951705,0.36635521173151864,0.3290325746067924,0.28465542134118516,0.043074930050556064,0.3771287848503759,0.644000784442747,0.4802517087558265,1
0.05589351844003063,0.24651924057040786,0.1411187136417604,0.26915204103204055,0.6110672368558574,0.19584031376667232,0.2929221185911979,0.24284415389477193,0.004166887411539205,0.23324797539920808,0.13775438040200016,0.21621605424230347,0
0.5432903533360947,0.4534436950831576,0.4131467001475193,0.4487291363095573,0.5154419687771539,0.5324340777894803,0.5212809470285396,0.3509708145799618,0.18770714009766765,0.4815004793128424,0.39014017452560357,0.4661909715159912,0
0.7527604447390175,0.6284050820124023,0.23535754520712326,0.6012675655672186,0.9104851218368696,0.764328183207025,0.5261667532529154,0.6330338883018621,0.9499126136868206,0.6678776917368192,0.14184862175024843,0.5729465112075147,1
0.20696624562120236,0.4284069098167076,0.44035727802601327,0.4179494787096118,0.8471215297816735,0.6592925742402324,0.477694798481003,0.6904309343746708,0.7711093105464137,0.5029607009224484,0.4954004292235235,0.47883067202045554,0
0.18977718914344496,0.43177336157654556,0.42339017614563684,0.40020403601748467,0.1060448994516364,0.31675150208409786,0.38585016990152005,0.41733315297107587,0.14665634314904374,0.37963425073349405,0.3020185984461566,0.3980647920814446,1
0.3695859725966831,0.4792375549587075,0.8049925359667698,0.5403955510415804,0.8963328768299297,0.6266915517799155,0.5165429673538852,0.5,0.7635570842824312,0.4841096464775593,0.6772736932633697,0.606712911842134,1
0.8714226529685448,0.562586568372929,0.9883398007474743,0.6492827112358506,0.22480111041475256,0.37966503531815116,0.4566774968967216,0.4412199225890451,0.7684426232634397,0.5685358046452228,0.9922279107842178,0.6929857946238791,0
0.7626735125798381,0.5392564410222844,0.6039128936974258,0.5489378881776238,0.24079469585492705,0.4212197194340045,0.35976278495605846,0.3978189488526282,0.5982274924883656,0.5214445813989196,0.5130784374327461,0.5398841864917094,1
0.8517372376190856,0.5383743298015641,0.08882689761417618,0.5281358723748072,0.4161852009845315,0.3907982021556374,0.3040359465304838,0.25684951783051446,0.4528375865053997,0.49598923881311235,0.0653783381434952,0.5198144147388305,0
0.2473060239623784,0.4004600277960718,0.6565910349067461,0.4201955231936205,0.08456848873785737,0.19174164449245792,0.28401265178647805,0.2862997828776495,0.08609954524187993,0.3746527884911519,0.46830105512345055,0.40000822248109213,0
0.017419985642704697,0.33786672553744723,0.24865356032319258,0.27209116030284575,0.15438494811323014,0.3546040987825373,0.3670469687710157,0.33367745202914756,0.08282818092965881,0.36057924499647803,0.22970900950708745,0.27962421607482973,0
0.26994470447745256,0.47904686323123014,0.4919726052099985,0.4518327445790156,0.20350220497166507,0.6201174968835821,0.6816295503629437,0.7101059945491774,0.9727588042796053,0.5705253690511838,0.7335885772856978,0.5558072211292037,1
0.3692092831433487,0.5155833723295173,0.07334201240941719,0.44419433161771693,0.38187023563521544,0.6251392655526106,0.5744221297382703,0.5724090605309806,0.6062676345893758,0.5031270680753618,0.13481555777341342,0.44259237981520544,1
0.6293190333462316,0.6198313657542953,0.17556609697135575,0.5,0.2625970180710916,0.4696355571849061,0.5855008034360485,0.3846315612565307,0.5405796416466155,0.5475116710475456,0.238786133928125,0.516934755759075,0
0.08936060477152984,0.4025677573076609,0.7577231692520814,0.41838009810276305,0.022890037218235668,0.19765708535834234,0.19248032236322807,0.20972542223455096,0.11366182971716873,0.36895892669603414,0.5727287474832267,0.31349260283270813,0
0.13523150890397348,0.44734438587077235,0.8421918157354312,0.4826369101868986,0.5319347090061699,0.5610793186673007,0.3911299248978019,0.5810986844278903,0.4265970770273719,0.4589344100438594,0.7731841951443813,0.5077091281343888,0
0.40663815559948174,0.508234359373907,0.015813595786455095,0.45344143935195685,0.3629497413919342,0.37073101421092,0.45607204214706015,0.6034015495321006,0.14342028257016648,0.4458429851465146,0.013991959479131469,0.47110835403291573,0
0.06556350000372645,0.4592644753699211,0.10478911474866463,0.36751917518489424,0.706842044620983,0.5695345943525733,0.3811123048556426,0.5099585396383793,0.7023573801951877,0.47048375087482064,0.18264370837593003,0.34422698665810864,0
0.7081843203638205,0.526285656316416,0.7545741594456163,0.5565452207345317,0.0855196988847872,0.21056745893779683,0.3325947045678164,0.35157761860202896,0.399880266632922,0.513945804271867,0.6946377911512783,0.5170935390652542,1
0.07404251539000808,0.42235337872016415,0.16635210335496953,0.40732372192488275,0.042519777152370576,0.0985722915289521,0.17139439017713734,0.24028673773162593,0.2685294825766136,0.3975421385179073,0.06394057623143289,0.36542217768592117,1
0.4935661030432503,0.4451254682631588,0.49683036475093045,0.3763074023789463,0.47620867799825994,0.44217990137023405,0.4589332667311041,0.3537313959937827,0.9054153595746666,0.4267029680533522,0.6099874024352129,0.3785531083381897,0
0.40148331755956285,0.6043138947083158,0.7298840147042818,0.651057815204286,0.3550109382021235,0.3617029951922068,0.4696550864448876,0.4052356126767637,0.7701142231956887,0.5880403983740107,0.8214404917772978,0.7087308581508415,1
0.11874316965215834,0.5530600273631773,0.9705590386960793,0.5766752252924572,0.9382317949565677,0.7771729920597401,0.6612676565283525,0.7693489695136662,0.4355858052349346,0.5349311560260614,0.9686520731099012,0.6112446992132412,1
0.9368298151127727,0.6265997835660918,0.9506706082614791,0.754283245753855,0.4786562242178218,0.4030315198795504,0.31060289043889466,0.27320308302650687,0.7704141521543042,0.563708835788811,0.8200026635387281,0.725436181730708,0
0.8883507766779749,0.508207135676826,0.648349794840088,0.5807401416711019,0.8990660324345158,0.7296692471552703,0.3858069704935305,0.5670073223347272,0.7593137951813037,0.485468519289869,0.7423004198242029,0.6033060273324742,1
0.7091072253844976,0.441633478779906,0.15942700518304226,0.4095697969868241,0.017846445527584277,0.1846589340371746,0.27062161829296755,0.2570226200504225,0.46031623525083126,0.4241518421712063,0.19983588770098465,0.4012700943244818,0
0.5047996350019672,0.5325151726833567,0.7874410970226332,0.6062658023918336,0.13602054334436653,0.21229110258843967,0.3014467746428416,0.24842265476778047,0.16550531657707657,0.41861819835305203,0.5463235107292969,0.5912193004289955,1
0.25525302618824636,0.4303466340866356,0.18060632676620675,0.30565012576394057,0.5114104018956055,0.5770295349200333,0.6356360306972341,0.5595029360937828,0.47854395788704196,0.5245882163666975,0.3822226572922566,0.41610615217242974,0
0.10902360191628743,0.48556742291894295,0.8107005716643993,0.4916492154323441,0.5606250732064931,0.4950969113164086,0.5168390383725655,0.3954189471816578,0.5002957058970647,0.49799334885513463,0.7954045628383486,0.5,1
0.42307433450490056,0.5410955391054073,0.7040622046740689,0.5960811230151498,0.03864313520298905,0.3422883828516834,0.23435940381944168,0.29915965300386305,0.7830097362736437,0.52423875151368,0.3967718715105331,0.5644371828240904,0
0.007836638545806076,0.2938315771996805,0.04327377749310262,0.22377628109652936,0.020188586876892574,0.12932992433436738,0.20449341193459614,0.17609998761231735,0.0014854589578511418,0.26837292430263,0.029276566877340295,0.19233128778782632,0
0.176481620710983,0.546914228372701,0.8330940789643532,0.5878249594363327,0.3291888011389885,0.3511289101285065,0.3227322079728972,0.43831377696390794,0.12563634672663485,0.4633518647910039,0.6266914747572107,0.5717765012475143,0
0.32787434424618633,0.5237102210844826,0.8904885410395336,0.5656382019497489,0.3110814578388336,0.3008153305311093,0.2940219715428552,0.25160409918607757,0.25122318438693464,0.49500750074011207,0.9298159833310514,0.5709937452821952,1
0.5284246465937564,0.5337030203235541,0.7789444299998347,0.583280902814103,0.513977028182726,0.6746565457865595,0.6724860080344139,0.6994310759866694,0.8790803856120054,0.5535303021316397,0.8856183740811112,0.6860453785118606,1
0.23161050233824979,0.35603757872383535,0.20939869266927363,0.31587934991664113,0.5620789190297011,0.5560288572549095,0.33208201118725567,0.44416671676088104,0.42226032101000266,0.3417020965548096,0.1975444288331926,0.3028679443485911,1
0.6432607952426732,0.4548177521241975,0.258886294545264,0.45805689504093716,0.31920801387989217,0.25348692056052013,0.2579301661425581,0.25644381816363726,0.027176720768886536,0.4136508172498171,0.3433180435217957,0.43971336582403997,0
0.5161100794365802,0.405626738521477,0.4314338981455431,0.3947551859355736,0.1590671752643405,0.5657894809969494,0.3852840780639296,0.5446084667060982,0.8639575363077099,0.40572879310080234,0.43792803135500535,0.4344299503888518,1
0.5036589038385935,0.49400628600235225,0.9314376113239597,0.5690498727303481,0.8050789458477802,0.7929930096672158,0.8481510309992838,0.8236125375055795,0.9496167477867159,0.5467161634089713,0.9914966420888748,0.7042300538189542,1
0.025016258922145276,0.30573564179235246,0.27620255114755937,0.38024268269547534,0.012034681548320783,0.09771068443940735,0.10970539424003742,0.2700579026311156,0.00709052739386097,0.24249862920101872,0.19374524126544607,0.28701960624598505,0
0.7232952966220997,0.566169643527525,0.728451128644408,0.6129440460833079,0.4858556199107378,0.4089218832681301,0.4225384163845969,0.34459916148610953,0.1863834782476207,0.5460035509252448,0.4817818634063731,0.6404438536078438,1
0.3885286687290901,0.4525595232101339,0.021014056222221012,0.46314790001234757,0.22054668493523766,0.35504416430031654,0.42570670449147885,0.2649895505037439,0.19445215415396458,0.45038827720235725,0.021422922536388438,0.4344974118772725,1
0.3601671017347367,0.48002877832878277,0.6575503719820135,0.4595730716161827,0.7053882239101597,0.5489265863634726,0.770675720357288,0.593453249628162,0.4214098254725323,0.4632666010331466,0.9429016029301417,0.5,0
0.8920515597080318,0.5331870692004147,0.6202738823826296,0.4855904499206195,0.3098012656843083,0.4479073646136037,0.36789547411349943,0.2991630228068238,0.33237631358434716,0.49252169691346653,0.49527967081755747,0.47275153331649244,1
0.2988625130636529,0.4990769294438956,0.7224030167415189,0.5369903066098111,0.5736943064009579,0.6670255779261053,0.5002247262464011,0.7050552287185331,0.8257410704303634,0.5378252468574907,0.6919380266698898,0.5766846780606534,1
0.6352761130860269,0.5164070657972689,0.5711309954530881,0.48115989612865834,0.47668480882557707,0.6314013594854974,0.43706665935543626,0.48011706722736286,0.8003261397934951,0.5561325129077098,0.5713537568165198,0.47114349801743205,1
0.6453409014748236,0.5133387141777951,0.27807677006197473,0.44477908011677475,0.7862867121345865,0.7168531982692913,0.5259635485175896,0.5480013322599415,0.9557243307429057,0.5787236534491575,0.25538800600102524,0.48070736929722624,1
0.8298666054301618,0.608166405504664,0.8069730447130914,0.6779975273485684,0.4051176067734184,0.4890637824382944,0.3999052886837939,0.4129903263450367,0.6543607854466356,0.6068135666333662,0.7872872167462049,0.6812281539315185,0
0.21577410830727067,0.42097629063212055,0.29018526042692583,0.28283660840871094,0.3779964258207007,0.5548947617737944,0.3832864003793207,0.38715458451319845,0.5110342669467187,0.44698093902277025,0.33684417240847186,0.2515129240355195,0
0.20408036639098479,0.43598913143123375,0.536477232187607,0.44299288853748364,0.025215367920192577,0.10280977224996823,0.14293917557449715,0.2432900116561209,0.0249437651454929,0.38071182802673326,0.1753097004642494,0.3848793224793453,0
0.9411530167009993,0.6130247519606727,0.8098764336639941,0.6895007476890459,0.33451967565921453,0.34651045341353925,0.4285211102959696,0.34042210068694556,0.7449337637953768,0.5697995544247882,0.7211922498639426,0.6925451950685991,0
0.7343237799649005,0.5856788257375881,0.4222441013769643,0.6010839922392648,0.2636546234845675,0.42999219929674337,0.3313597762263957,0.2376743954361958,0.9189738722013447,0.6093043235398609,0.2316470338859014,0.6117796305136673,0
0.15580322392764212,0.3766169127173219,0.45700341814591616,0.2680104088703621,0.02111576487731424,0.11478090004666709,0.1260556992081349,0.25279048566640155,0.016095000543292697,0.3758860778675917,0.282372042043649,0.18414374517168958,0
0.033610334723242846,0.2895051130709234,0.03186713260320347,0.22669001805794411,0.040034302318835716,0.17110759542312914,0.18091279306105454,0.25310452064776984,0.002424837424074169,0.2562947364127378,0.02238331877460484,0.1669436873841163,0
0.6682386113885689,0.4039250723597376,0.31353533244642884,0.4097812392254642,0.30246915407791136,0.37777571754509315,0.415126032169931,0.36116095091707445,0.43753100173097687,0.41378896465819703,0.5589967353921076,0.4068683093073022,1
0.19476495665544444,0.3773583020522816,0.6348778753602081,0.40719533234212046,0.3119680130255176,0.21470929824643595,0.19862269428612847,0.2352396608189038,0.036613441345460226,0.3892795986130318,0.6254872028723172,0.34737341027951374,0
0.9813139941436453,0.6438183050371769,0.9997039602003691,0.7960158928890892,0.8891339278300925,0.6843384554906407,0.5589480554135909,0.5875016502044214,0.9023992420434728,0.6370443363139986,0.9995715242366447,0.8251534243136859,1
0.6096482823425401,0.5113828344071338,0.8889049600508037,0.5809116841274279,0.05282113815112589,0.22520352726970355,0.2945546697419284,0.1831799298966326,0.0914938980790835,0.4069158654832901,0.8560842685310486,0.5798282269271491,0
0.8818319864815417,0.524943650491882,0.8605847492304228,0.545598944135516,0.934390511663716,0.8537193355865047,0.7424360905510935,0.8110016028009499,0.9570214184890113,0.5683338540780194,0.9148944409525895,0.6841928951968443,1
0.15049369780129931,0.4841020258024308,0.42167115896617974,0.47376792422452213,0.04167379114696149,0.25726272160607777,0.17445056670733552,0.2100882513319747,0.010845152072990437,0.41402293772223575,0.2562802341991768,0.40558882005796093,0
0.3022955025905519,0.5270474894514217,0.4285119428670962,0.6099631136926951,0.5409836381528501,0.5768278156397351,0.3933799200353977,0.5538446902655785,0.8332928227748863,0.5302481973089626,0.49884579053278083,0.607379659519318,1
0.9435006465731809,0.652633228140852,0.8678977086855808,0.6827441799326118,0.7578370749251869,0.46751943980632205,0.42062623625802964,0.3979892397184635,0.6945525610968009,0.6081338841598989,0.6893913989529964,0.6767663899037722,1
0.3571873611097902,0.48183313801645666,0.034970681950162015,0.3861620290743075,0.7671838928475985,0.6483194942411452,0.5832610354824881,0.5195459342440841,0.48513046010896804,0.4935124120381951,0.06623197950660238,0.37728650335160707,0
0.6578032393555826,0.598239654438985,0.39153749287849343,0.5600148432989908,0.9222794070699463,0.7307027005043867,0.3144627802618773,0.6713107109469768,0.8273990934416153,0.5725937908151992,0.25119716098597955,0.5433142382083171,0
0.12697059647950787,0.3982216368234899,0.041618669668649785,0.3870401354296536,0.4800184402738811,0.44163410979994494,0.24693201980904697,0.4006846420188657,0.11270858446977973,0.3956104586379921,0.047089074360476595,0.3391964320129995,0
0.20003505925556858,0.3357847075907345,0.6185106439025195,0.3903595242713992,0.7055886565943305,0.439573146140916,0.22413356892587633,0.22152442108670278,0.04142293970321668,0.33186689178478157,0.3932149462277428,0.34374116440356633,0
0.9223501762414782,0.622064118480291,0.8805577019178414,0.7377300677359097,0.2766348541908634,0.6403998810202653,0.5329366295089573,0.7524454130562438,0.8566442188764873,0.6839356633275349,0.8771372079836214,0.773895522052692,1
0.6628305479097435,0.5635330218862744,0.9690720501905581,0.49162502214918274,0.5075303453413788,0.6363197969103213,0.5414767565936344,0.7147742673991911,0.8182054626631449,0.5774583718628815,0.9768322484182056,0.5356255401451198,1
0.49192150887913144,0.5649555679698827,0.5321611487640622,0.5631530464525482,0.13159680437292973,0.2834079175816318,0.38176182682172677,0.34494698076270236,0.5112681828313627,0.5273301681736291,0.6393814967676761,0.557703656405836,0
0.11992737696937562,0.47483175766249053,0.1725981999725163,0.3202376162920281,0.2861113342511741,0.4399358491072279,0.27829113317055365,0.3220924095800914,0.2145384021735399,0.4937342140363646,0.09092189534805109,0.2587117299051142,0
0.10729020890546778,0.5168222440809452,0.5980269273634917,0.5545515252863829,0.04182726580190674,0.34218840188121397,0.2375766871843333,0.23174241033113055,0.1593447701440119,0.5083495899175425,0.42563349858547483,0.5437256176575077,0
0.8411679679233666,0.5750263225951904,0.6714572310383338,0.6467407245650826,0.6802429356688998,0.5935772120597452,0.34588606019763135,0.5532741944161165,0.8069459271230593,0.5742752938563211,0.39403540238934476,0.630887518177531,1
0.06754669682168875,0.30707402628304226,0.08799039611121913,0.30605561264863396,0.24325628415983408,0.2016226684924301,0.1495611497148872,0.27193583711723823,0.0061772791185950625,0.29979173284242905,0.029450033368509664,0.19880399808863675,0
0.2872307009599248,0.4126913398290601,0.12302664560956945,0.3935405009243934,0.053324047081478816,0.14391603928300387,0.23712629295153168,0.2608577640123383,0.036799545722997325,0.3132926438648049,0.0602433920099255,0.30898428944889983,1
0.007716936329895812,0.29228756107190185,0.05089903618735251,0.23739663803292763,0.2715150990058399,0.21755796315299408,0.14104016374861095,0.28572961643661066,0.004753855173328971,0.25463478771944564,0.019656867914765046,0.15735092865967884,0
0.5920933439923245,0.5720547811085376,0.4227857282362005,0.5874014657063366,0.054338069028125144,0.3144033896428582,0.2247088376965898,0.2463748710644654,0.6438162641258722,0.5382920267364957,0.22236599838591115,0.55527063783512,0
0.745021348895581,0.5024906416241772,0.9093209685626595,0.5328303579643701,0.7055819141039984,0.5119100329933601,0.3646664385075799,0.40448633376862175,0.6823253839662572,0.49156090927571894,0.8892779895625906,0.5141325272353503,0
0.888906780579262,0.6310629641886139,0.966381454970415,0.7182011523135546,0.2661827866090817,0.5352358602773304,0.6740920656942649,0.6758069323749586,0.7838446359648675,0.6423184539083947,0.9890255863723714,0.8112768810705012,1
0.9446941059890243,0.6321232922586895,0.9419735780764693,0.6136257257042083,0.6087078617444786,0.5317596824010487,0.38662348520451095,0.3078008718143554,0.6234019469059355,0.5946441622748376,0.8719674374734293,0.6325556468504194,1
0.5315841765511193,0.4739016603743484,0.5335518354485028,0.44442600326001763,0.8243726557033413,0.7436202115103253,0.6365863062607096,0.6982573306815167,0.9792778017267882,0.5535832704545306,0.5972532241415495,0.44523143402269627,1
0.4547731393597986,0.5170892981267197,0.4916445236039087,0.4777283873482024,0.35354713521902786,0.5860589022483687,0.5458371816104601,0.5586437329210856,0.832770344364081,0.5541367647346057,0.6485076303599993,0.48791214567953983,1
0.49244418375809407,0.6077166063298832,0.25869778556754236,0.5687087604034383,0.09834027302671901,0.45538554244826807,0.6820055307392904,0.6360857301613331,0.6555358918975852,0.5891650516673266,0.41648117297085024,0.5932257558093521,0
0.9865622814617576,0.6375365956581136,0.9287907404797736,0.7340144151225312,0.8440956315754968,0.7731577341958732,0.7261227829161028,0.74685220307304,0.9845758339295988,0.6265879217648681,0.9292737831992334,0.8166794246852319,1
0.12110458821345249,0.43483991748965617,0.19605323908401215,0.40435065529473485,0.21030781043807295,0.47270170657719324,0.38422819587749213,0.3162787398730721,0.11128239810074846,0.48919674055383205,0.28349400609664366,0.40107838266530355,1
0.369767158986818,0.47500426683538416,0.27649590727580925,0.5,0.05278444162433664,0.19515967865022765,0.20902833484451291,0.20753228173807098,0.20981367879798998,0.48143332410809814,0.15259789151621556,0.41186596407342363,0
0.6909230771964432,0.5639343725961198,0.23418616164798647,0.557635451942424,0.541787683926906,0.6223210413206828,0.40782148750797453,0.7385055425402889,0.7812630155603341,0.6040673894950944,0.15906281252627358,0.5510198283823879,0
0.554706719594574,0.5542229540314272,0.3123791727281441,0.554569853313003,0.26487611876557127,0.31221818130238616,0.24890823833342665,0.2853493978707555,0.1941200783210434,0.4922687393330922,0.2872966528537708,0.5524115601797273,1
0.2696937940652949,0.5058537786782732,0.7474317274701239,0.5309496164585412,0.7254140329542066,0.49315636250783995,0.2905962771617594,0.48892037987255793,0.4581713199067635,0.5314578057814401,0.8190640638717297,0.523979874330651,1
0.304298825058687,0.4179773642979281,0.5938594336982771,0.4757323106005547,0.10970456421146038,0.12025549593454125,0.22136105461954886,0.2046717823997035,0.010176189241728062,0.37959235258470225,0.3701071073451561,0.4430375071889405,1
0.24507493012137802,0.49865275509851803,0.04571033612585268,0.39346032486671384,0.18985898465140502,0.43544498884277844,0.356914842742192,0.3065594305322457,0.42271420337451615,0.45720611251274224,0.022170327723326333,0.34894434120324713,0
0.7408179258240697,0.5476687373236907,0.740277960665289,0.6241451067219739,0.571600065759437,0.49327349743148174,0.49104663219171507,0.4225513120715986,0.661841622465036,0.5264976221064789,0.7871672754919278,0.6413609181838755,0
0.6952773368320989,0.5106826168627576,0.19097127965432137,0.44554857287527605,0.37195810466514495,0.43442876248161216,0.5972442558500859,0.5330585088769388,0.43905524054365924,0.4723676717387419,0.1501098217282377,0.42462668457166863,1
0.47562799952171997,0.5544062595773996,0.650007840864146,0.615392881578322,0.7325728637150444,0.5377334440839281,0.5023335390361853,0.4350209616893783,0.4227227414101727,0.5374883266173042,0.7282186997893023,0.6392160921543996,0
0.1757852539314585,0.3899282758762685,0.16683900430762075,0.37234531950916194,0.9713582343490791,0.7571296221209611,0.7328680205544078,0.7174155377410196,0.71273939496204,0.5285604626136762,0.5688849927412529,0.4931488056872276,0
0.7813695221767262,0.6374159833407488,0.6026482272922238,0.655305308171089,0.17669588670942332,0.361609487617992,0.52832260394615,0.3721196840160936,0.2585900912917857,0.5423181584930862,0.5606557667849036,0.6725018241107417,0
0.8202550670097412,0.5417245967996983,0.6948470077571669,0.6079555096049934,0.9706643871163438,0.821105726481123,0.7808642364782391,0.7757389063653893,0.8462708932891477,0.5960230640377667,0.8320498347821468,0.7029675946597828,1
0.4698910792185195,0.49249130380078726,0.32205109313082864,0.4590199459855525,0.3377852428067284,0.42430934583291396,0.43385896859259165,0.3331657700772408,0.3925737239302864,0.44858803099252226,0.18832767563698996,0.4653151175558536,0
0.21208961415059766,0.36083779146218115,0.08440711251497413,0.2839705726230383,0.45275753320387097,0.5011035949079116,0.26883754530912113,0.4088105694796122,0.09202919713751098,0.36374838976732154,0.08556224652669536,0.20276858746966261,1
0.05567623866185794,0.32768618883203116,0.14331060930082953,0.2375722362854171,0.19739819121451016,0.2632088020369189,0.2207580967597828,0.21226299957054184,0.020706208618680756,0.3241527182032173,0.0415647988612964,0.17859552664152664,0
0.2146323005812602,0.4637811874960947,0.2089150457634284,0.40170342813918647,0.07021440029515384,0.36276919666956187,0.40342891577763074,0.4177207524530327,0.06329919629840927,0.41733737982260183,0.21119988018365757,0.3805770351365979,0
0.8397469054667422,0.596612688348491,0.7004430608048712,0.6966539171934112,0.2953674065725542,0.44055788348096536,0.3371223832692143,0.38294084562575437,0.8047435539786467,0.5410617612768476,0.652878689907419,0.708544524705642,0
0.31194925384739297,0.3910421378596975,0.4101412734971782,0.3426161535317855,0.6878745564883566,0.6641696389283227,0.5840578216138778,0.7463111321653615,0.637594869346293,0.4519157361488366,0.7637356679803671,0.4078827235111228,1
0.0877538355874076,0.33714682919788,0.11395927828219167,0.36341931392625926,0.16947734328188743,0.18119948415019346,0.291148175992328,0.2007530879801428,0.03039219906480414,0.33118912311670273,0.08684177514344983,0.3395808284616519,0
0.16513095925256155,0.482884132127467,0.07732309029747628,0.3497580979029149,0.4151913449745922,0.5914816076829283,0.37935441001223247,0.5145484470625131,0.3040582516143489,0.4950122327388016,0.06994484788973554,0.3074313023370436,0
0.2588956260342667,0.41575785521202285,0.12821557247922719,0.29391741339302696,0.26305469631313005,0.46514307915856656,0.5264564491176532,0.5248589675194567,0.151867531363119,0.4381201167819083,0.1543029372938526,0.2753981615609584,1
0.8725189556760662,0.5841716156430767,0.5396332978892752,0.5502336729972909,0.40395534216771845,0.3822100400042959,0.48274422219411284,0.36337455721248346,0.18919232245716683,0.524567182864009,0.5559073456124913,0.5538229950879153,0
0.603874957612601,0.42560482428702445,0.9263618622415241,0.48643142798386524,0.5564969460262358,0.5147205784851222,0.4026130119041025,0.4375453634561179,0.8728666814547088,0.4468619905809972,0.9388689942690209,0.5445303466544262,0
0.2287049219424275,0.46548170794161525,0.7742161233906799,0.49370148536790487,0.4340679443934927,0.6236604941900298,0.6016492611578337,0.5060018236058828,0.8371160022286088,0.5236720450749277,0.8814777497675857,0.6138729031654648,0
0.28153522408728426,0.4025702315076004,0.9041975866342999,0.42572833681383776,0.8369910823438087,0.6721396794106658,0.6113123155062306,0.4631088064948882,0.5939103777337507,0.4466260019833024,0.9441193105856902,0.5488040676213617,0
0.9241893258363262,0.6330761488194339,0.9907809651644384,0.7140838167477019,0.7497977311427745,0.6855180478681274,0.6933278901645815,0.684598852028451,0.9745675178857434,0.6721316787315615,0.9947930688495928,0.7917105694544972,1
0.6322208049333128,0.5932743108972233,0.7592363056352748,0.6369013447162439,0.6416323192222637,0.3733302182953966,0.19543470801449575,0.24308661816941826,0.8877241424339368,0.5575436967707341,0.6855064797207645,0.6002042775845159,1
0.3827668349194222,0.39201918530402996,0.7525565008948403,0.4245160643746564,0.3609706347992388,0.5766862325023693,0.349218850758745,0.4593263018537524,0.45731762618403393,0.4167381114730894,0.7208341717010457,0.40484134514863607,0
0.7100031859613588,0.4835913909477262,0.28883029020669876,0.5202687681946746,0.9573709915650285,0.8038344425369929,0.6745230169853479,0.7520149193365857,0.8877109159708496,0.6205499022663526,0.291006814419171,0.5729073499080131,0
0.8490361653310461,0.5916252995972562,0.6664881035515636,0.5843814519518462,0.10123995060358762,0.28138802907025806,0.32676865558827456,0.31845134381490714,0.4450532559742675,0.5261593505231403,0.37706093268710383,0.5232506237763889,0
0.5109952468116239,0.5801555425235608,0.5101548963848027,0.6034080564015992,0.90924100967684,0.7610047799744629,0.5872715888508004,0.8581448601354315,0.9657527364638883,0.6545169275434061,0.508238668256376,0.6590848234943665,1
0.40312344269756073,0.5297832097313369,0.3615184712793156,0.43287391469395275,0.12337469306847443,0.5005776106257591,0.4994581805806489,0.509751468717804,0.6147629710169172,0.5027583656373225,0.29666288487685916,0.4635801262728198,0
0.040717669000598145,0.36672091170726534,0.5944205560856353,0.3898906171228313,0.43893686441447716,0.348903276781815,0.31357980086564224,0.3054617540743251,0.029108569788691634,0.3279688845057671,0.46133874822816967,0.35867125205975176,1
0.5251550680706029,0.5323675293084134,0.5542737231540619,0.5777412124376472,0.937501116839206,0.8672226219174238,0.7848747199431525,0.7357522707190182,0.9347076567227101,0.6196743504415173,0.8467244779569087,0.6913869478091476,1
0.12492994964637341,0.3856604368990467,0.12779524629959316,0.2811077770425433,0.007304394491824983,0.07895659276388083,0.18200952206602994,0.23426821606585682,0.023114948020284163,0.36503075094661286,0.08194199469591493,0.20918304827661624,0
0.5558612304051679,0.48858809505428785,0.9486054644682264,0.5193093463598116,0.22682527872936428,0.38492317469634196,0.40040973061570684,0.36047569224942055,0.6493715336973033,0.45919642525462456,0.9223023028609418,0.5141489279187228,1
0.7326515574992359,0.46553662172758553,0.4494381200616906,0.4199982863451022,0.9199212826504141,0.7889640042463374,0.48739230841883335,0.7010608857713654,0.34024658864073176,0.5078318008356656,0.24173274207597972,0.40446926465357974,0
0.9785447378023175,0.5990743140156367,0.6807904191139177,0.6354683253049243,0.8329709182284887,0.7830698536989839,0.7704284205805734,0.7326899837914722,0.7875815562783951,0.5961476570339026,0.9188462572728242,0.6663549657471968,0
0.06198859774988274,0.33523825271639357,0.09520316926832972,0.23929197872528446,0.454499096720972,0.4783492639131226,0.2987476198874938,0.3162636688039171,0.021044542934186082,0.32524630015405337,0.0703910315684766,0.20519206155126724,1
0.1112217989119612,0.43538147844304814,0.6305708161247708,0.396497388815154,0.22050607713423448,0.3172060258765668,0.3744263098476917,0.3426454529536209,0.09994101905305502,0.42697372833472075,0.6733994167438766,0.40142699502658574,0
0.813240456847855,0.527840396300088,0.8988026665605117,0.4772506209206412,0.5879372463559007,0.6071088925284978,0.5572336822990389,0.4614155148287176,0.6499454567847868,0.5406837856200809,0.8527907250519,0.5148976683311539,0
0.022032549632767975,0.39414326054590587,0.07181662113921738,0.2740868735004961,0.006486720458117391,0.10959347515998949,0.18618266074782722,0.22138158313021006,0.01765909044849845,0.328171508634328,0.03163529964500557,0.21981330198379023,0
0.4755805689903147,0.5016909424732761,0.5076682037622829,0.46321919725301713,0.7999758713107654,0.5864333984332322,0.5847920079385629,0.594670022413529,0.8599120457093642,0.5691536152033349,0.6155288081989067,0.5,0
0.08198946235528644,0.4348433238934811,0.3555110535082033,0.33814106387934373,0.7904475029327543,0.7885654506949457,0.4751136350883242,0.5,0.708861626881822,0.5048443907634729,0.33396650823084145,0.3289594280812445,1
0.6363071949717282,0.5747626244365597,0.4932632168703697,0.6203145018850734,0.12864189491204164,0.2871343800304332,0.3419136487333409,0.5536044004706624,0.04180326168355452,0.4916681091608404,0.2656790871644413,0.5444407043794042,1
0.509489996653188,0.4545181694315572,0.5543850855566117,0.4647456749061318,0.17076788730804648,0.3772302382310877,0.4964958721020883,0.25616953155116123,0.5355564597335676,0.4527463885889967,0.718631636793233,0.5051483840273511,1
0.0032390435234444766,0.22503854126443765,0.04541984848593511,0.14254886743630524,0.003511853265802524,0.06720473744565683,0.20714108524043112,0.2104465620256872,0.01064312029251992,0.2485541319851737,0.04054162097569878,0.11125678584818895,0
0.5332963694096977,0.4386497554804323,0.09529459420275596,0.33912040324369275,0.8758517464188692,0.4504803259088189,0.352812767076503,0.26823953855181093,0.1695214439047281,0.43595417089558713,0.20045067624832166,0.3288689715572935,1
0.12182835258876731,0.4137069658865827,0.28827703183486053,0.39081862607430606,0.18631281858454757,0.42769753259353666,0.3699456803745694,0.34588566434370366,0.07780523707171964,0.4223351940700994,0.22427358967639666,0.37930392095723986,0
0.6437465555009588,0.5496885521635899,0.5418917547853407,0.471171903577057,0.6916433885001356,0.5670438612123927,0.6556935515194324,0.6823047660383345,0.5904656960349625,0.5560357950454373,0.8167611657404455,0.5639230320865783,1
0.23036751898816424,0.5304069256830525,0.7248457706286849,0.5206952478051633,0.6434068511784127,0.6053293708540016,0.5517798326576877,0.5392626035248335,0.8330010214552906,0.5334519018225862,0.7268820564785469,0.5352441584100716,1
0.11741539641069484,0.44173356435191624,0.05363231263680348,0.323124291898201,0.13735626201062673,0.3505303115477516,0.252504466526393,0.2069706577727216,0.039047771385324545,0.39190147993667773,0.029826687663397758,0.24452911960509607,0
0.22978552161820756,0.38074307330485935,0.47962814158186307,0.34618996476208985,0.5186719858288146,0.5469919372252393,0.674846194505233,0.517954006836349,0.7166600276992768,0.494807585426686,0.7713427330880406,0.4577149815096446,0
0.2875974902405806,0.531454854286114,0.21242976053854049,0.43304991549888217,0.053456729741499925,0.18694269488597667,0.2844441204961268,0.23323698463812603,0.16031328421347882,0.4680395685762357,0.044050141316640395,0.3915324157729692,0
0.3881431318202627,0.4507192078516346,0.1611934312775366,0.39632172756627465,0.42939645562813666,0.3799967933324739,0.37730146715734847,0.3756194198415415,0.18634761051343318,0.4889337451228284,0.1635046885251516,0.36565739722393925,0
0.829940044284995,0.5351512473288245,0.04514016482432338,0.41218978810495177,0.012484845004256999,0.059651078187271986,0.1481680513025566,0.22961570361894434,0.344505311867707,0.4226461608776033,0.013372406987418291,0.2989294751503671,1
0.6087712175307232,0.5310312831086919,0.20083498760096472,0.4008886242423312,0.421039657477028,0.36976697210059634,0.3371387127009562,0.253401224855685,0.0890453038673979,0.4352518168407537,0.17589998609921548,0.34838446904682036,0
0.22806483417978318,0.3195944416047279,0.5854650968660451,0.3381970573818955,0.07191808202328531,0.21548534744465728,0.19340058493674392,0.21086124203939843,0.07669744157625229,0.3070615105257191,0.3172899581478762,0.2463363054788363,0
0.48667422896927537,0.5269143781933499,0.10594138682730904,0.39712250593377085,0.8611410892640848,0.7480577507902012,0.6459164247785392,0.7532399993161386,0.9384673203090885,0.5719563054786405,0.1833703347786843,0.39257973937253526,1
0.2499028208210144,0.3317517115871017,0.36842129539374185,0.3746881314881148,0.26820562124455277,0.4974159524761051,0.292992357767912,0.3143224890391313,0.05319559588342054,0.34590351627084776,0.3270020618261251,0.3358199849858565,0
0.4903051015783075,0.5350708971000558,0.38506240970679284,0.4508223957584058,0.24362108019723946,0.3292419888043846,0.33734756996720633,0.1781130446400914,0.09409887236840202,0.4673715362885673,0.25996259255489096,0.37919195119106014,0
0.8146307410826863,0.5699991036112979,0.24734502067143824,0.4753471777060019,0.0556174564659779,0.31400198288561343,0.29209149912017895,0.48764956829520417,0.6475161607159226,0.48082756690118644,0.11040337853845335,0.4403350620698428,1
0.5735013124006291,0.5761984787004554,0.3502098411978378,0.5594850589953887,0.9724254091488836,0.7962246939827899,0.8142538722212106,0.8400145809629792,0.9660005064616292,0.6423689760400415,0.7832536938328368,0.6886733527462283,0
0.02438063684918037,0.2724884713695834,0.2852656317415167,0.2624236998367703,0.04765713816690734,0.09403687472343937,0.1826339305500987,0.19392997657776564,0.002486726658829748,0.21752652178797963,0.25029048299288736,0.2060854266318872,0
0.7299705053252907,0.5090213541877693,0.11312756330329388,0.3715778691324597,0.6188855176308324,0.7550036534349965,0.5514541731339159,0.6132409266588305,0.7777191375570469,0.51183670721104,0.13706046218638948,0.38990847493877917,0
0.8674586682358455,0.5417753613222793,0.2835436198710221,0.4588245810670284,0.2430112886069955,0.5128153019529815,0.6163001390863339,0.5441658335522249,0.8073765779114137,0.5669257945101699,0.577876730615736,0.4844506536915174,0
0.8045495765262055,0.6046777789072347,0.8707437362111098,0.6803552758024379,0.6633002057658531,0.6043889841826469,0.43508776199388516,0.653917194583963,0.6759883469331035,0.5965400195727819,0.702277531103307,0.700055782862736,0
0.14371272860815526,0.47487277973973757,0.008580103142280828,0.278016833044877,0.2368133236785012,0.3082224720881094,0.41901163037448946,0.3928399878004352,0.051833730368403164,0.4245349429468829,0.01149467557367996,0.250152518004562,0
0.542707135285806,0.4184855309734441,0.1148951037272779,0.31933568875230617,0.367316235259486,0.33520998994191803,0.30027245399394614,0.357408051289517,0.1769736229750916,0.41170682075691994,0.04501840656517203,0.2736567714947323,0
0.5805469174717112,0.5354350405218224,0.7971314804280983,0.4891804022861121,0.5166628257557165,0.715787634268522,0.49605751551630317,0.6307537762238103,0.3073781285980829,0.6182073051971392,0.9254076183103733,0.5435971332099846,0
0.935820594291059,0.5867773120131534,0.5267274174085559,0.5698679157746904,0.7597930982704738,0.7286026004060233,0.5250396968549839,0.5432486068686815,0.5439969055035153,0.5658556148539097,0.3426091789915392,0.598357935954449,1
0.7773914989600326,0.48337534443039776,0.3688980067818181,0.43439488786459296,0.6132613132728292,0.5308142591703692,0.3880703383416305,0.4035553298632653,0.5760822651068416,0.49023942056636755,0.32419605262222545,0.40980376931521884,0
0.4785293427463535,0.5200676905165456,0.7640716974126345,0.5090020392560964,0.6660049327297529,0.45954144559192417,0.4019751710755196,0.3492672947393827,0.11154240835546132,0.5337124381248457,0.6935680789869537,0.5127490813871419,1
0.08572431567213425,0.4974508120888405,0.2110158241458747,0.5,0.2003166469777919,0.1341858619184055,0.26203916235684876,0.2701420918942732,0.14036610958214032,0.4540962495800365,0.1379598112486609,0.462567598044833,0
0.5426191149536309,0.48075163491960893,0.18312432117077224,0.4871861748474431,0.14264688865246714,0.17241208095102992,0.23741812854858155,0.2573008418992517,0.1080782671355228,0.3862715872785438,0.05635876587562172,0.4222266142851013,1
0.08316428940126322,0.33897905900383957,0.05220282355284321,0.22488426821068716,0.03883254587975255,0.11917332058201242,0.16270132987972294,0.20097152126928386,0.0041391326111269834,0.2931581516036184,0.028289001991225086,0.15278003350293737,0
0.49880333449132275,0.4753161221967324,0.6979789096192257,0.41572266428412474,0.2073596798182742,0.39827305998911844,0.3594099173040589,0.41676187807461623,0.2848674880070412,0.47053189206332424,0.7007815934842987,0.3864962874191628,0
0.0749772678047431,0.28648408538860926,0.5063894958979723,0.29534755946926167,0.7787631840522722,0.6928615788651755,0.49673653275186325,0.4880524686342005,0.4556889489207067,0.3718539341388859,0.5388284138270117,0.3339639858821191,0
0.8107974244813607,0.6030899096710594,0.16045545718738155,0.6065768340720473,0.5723028518775574,0.4670420018537948,0.5728845605584781,0.558601415816225,0.5899713331021066,0.5892201265758569,0.44617888171882725,0.6472259988492045,0
0.32044970299409337,0.4629263553207209,0.9847891585319153,0.5588089462141294,0.8890709897239716,0.6597317297361297,0.5478967766234859,0.762245309361663,0.8010155595674662,0.5069416230473364,0.9952884739205166,0.607881924188351,1
0.7448349905824951,0.578800934618735,0.37772163232750444,0.5725059614011038,0.8541760825236552,0.8228901521009255,0.8324821697962456,0.8201877472761964,0.974665239638944,0.62533696355202,0.6644857141264788,0.7212840305073182,1
0.9364365897654944,0.5403858857159731,0.008708224265771149,0.4877184321203456,0.973085395226327,0.7950595597666706,0.8997811777617505,0.7728249869751362,0.9762490562677544,0.5589164604868491,0.1002617074437147,0.569490424408999,1
0.21249710413269834,0.48067666037867046,0.5126224062010106,0.4700914657478117,0.13931480381006572,0.25611731549138805,0.2272151595676509,0.23844043332064946,0.03247620309937988,0.4006087810313797,0.31569576316191905,0.39877501170770674,0
0.5408516499302212,0.5588563209821019,0.5784674580049317,0.49305127577095903,0.3045606068175719,0.4027262170274877,0.5002010466591641,0.4680480130815688,0.17714592453097192,0.5363536127446005,0.6247783422092357,0.4899232924089039,1
0.7815610514102402,0.5307847433204887,0.6622774370387327,0.5616750704151674,0.5226772514362964,0.30978435601528437,0.23900375250677067,0.25002821067290765,0.09804084476174064,0.4718103786691223,0.3049593388954155,0.5463844661291392,0
0.21457472591081048,0.4669759760799593,0.703405452989863,0.5201404614078202,0.6166410389353413,0.6380268227890044,0.5054209085333715,0.6244387026417126,0.3011652786978449,0.4749298799254601,0.7284270911111776,0.5403282829947728,1
0.5407030143431744,0.4999538738975955,0.07438947915139346,0.37454953954254255,0.4995668341948217,0.7021466018489506,0.7221231310543329,0.7671708755363865,0.7122546806678637,0.5572483559468894,0.1881109678096468,0.4140138947591286,1
0.028931628618159035,0.38201348508264743,0.1674327851532198,0.3599619601563328,0.0591519091601274,0.19837745621956962,0.21084521996523578,0.20767023338568058,0.01414895506178737,0.3079850736737996,0.07778727432365273,0.29116151867129214,0
0.048316319953796746,0.3643893183759361,0.0041387085299470225,0.18883929496833476,0.38911618426272554,0.4986004452319146,0.30763749573393806,0.34836445354355633,0.09714951167792257,0.3465105490908758,0.005321311505688604,0.13904363231971653,0
0.23713947823101794,0.6156216740717607,0.13629267762337546,0.571804790638591,0.6865201533397555,0.8024604636932264,0.4917177687267264,0.6435445748859345,0.49440963452031167,0.6343625353750661,0.05307412252132254,0.5634786013274194,1
0.5788550588145357,0.5179420191346176,0.8186831027875313,0.5,0.3756421764637849,0.5070404816318554,0.4895566815199136,0.3851188730633882,0.6579922325331998,0.47607041207776646,0.8070764507055198,0.5103052604981474,1
0.06905751083441564,0.3784156750286614,0.169656923273797,0.26815999154574366,0.2898004334132428,0.307276538162502,0.3728167816684868,0.33441842867350974,0.16044263255211955,0.38775174224998166,0.09424205316189259,0.24061053405745725,1
0.5257121591046375,0.4544174940506697,0.30762788477650066,0.4530687904224661,0.07063064772159844,0.42295052164029495,0.5375671089830217,0.4699718346791159,0.4640481459467432,0.48620916360306204,0.574277290270011,0.479399261138136,0
0.4697394507271932,0.5210228709132244,0.9342942521445476,0.5218567869007167,0.17192842639243328,0.43709580161074124,0.5404802445535962,0.28271413562195685,0.09896911085070037,0.5008244427436885,0.8996052449736306,0.5337814261082434,1
0.06818417003817737,0.39494480498859214,0.10717468201487028,0.3290963756793341,0.5314906533401185,0.6121730353117992,0.5390998043096219,0.5144497810546531,0.7529248953477321,0.47309734104779255,0.1288949970281097,0.31182766383632626,0
0.3140577598902219,0.46040675563909655,0.1896519121766093,0.37232170345762705,0.12663271122043324,0.1708462007402954,0.2644198567021202,0.19665998103462348,0.020896131354878857,0.3705891975476528,0.05152844352418423,0.31030064257961265,0
0.015745799659187563,0.269402764364864,0.5199341805311117,0.266408400787138,0.05270782018513018,0.11309650188206923,0.14924862482929435,0.22648438037241314,0.00433070768878966,0.2537550294746062,0.3048206390723111,0.2105818962201744,0
0.6299448677169464,0.5352164692472732,0.792111253826983,0.5226917363125286,0.8745596197564359,0.6277119215071522,0.3437485677614893,0.6288659244757435,0.6774192285031888,0.5229183093767343,0.802381584261568,0.5401826135307334,1
0.0654433586882749,0.4680292293851121,0.10195581898193586,0.33674579619844447,0.25030023651682065,0.3913484633544361,0.40411439395911886,0.36921211470616466,0.20009244178021363,0.4548536127462798,0.050634075014132696,0.295233902699918,1
0.43144841035192505,0.5582918631552002,0.6773969177398784,0.5230364192410617,0.9630217312628243,0.8101908943384907,0.712684677525866,0.6113203792983783,0.6874124246630082,0.5606405340112631,0.8580651453784709,0.6566402266216048,1
0.013364204495925945,0.3357171994004665,0.15019711757959983,0.28703448092632744,0.641819733067766,0.7340763278298569,0.38106952229494295,0.5414240436540676,0.13687763765206162,0.38877808229513794,0.20137958175319418,0.2760095861119943,0
0.16330962467821586,0.4790832808760438,0.2553161605045023,0.6042820983398117,0.1792061359986403,0.1967878843908683,0.2990667297173042,0.2431576938490802,0.2171535994262851,0.48339993097021605,0.22962898594414424,0.5880015266866231,0
0.3837138399289916,0.47913910993882597,0.4240582022540677,0.41754819527165693,0.6233696591821682,0.5040247062758575,0.48137054589520656,0.694665638900656,0.4733151780434126,0.49690721628911366,0.581591027471582,0.44163375004859734,0
0.6450705615075358,0.4893703431636687,0.7609240825350184,0.5211809822725184,0.7054781400391664,0.6146378428323358,0.6048137043516723,0.4137393484884048,0.5912926857089995,0.46492237458995866,0.722714767815047,0.5339544190944565,0
0.015682621564968875,0.37941380233774064,0.03467385814059869,0.2968268241155178,0.24380086802335216,0.24942536808383423,0.40519955111720724,0.41857766030118915,0.04018535278385739,0.33451199687366673,0.06544224101506954,0.26255503979213113,1
0.9034365573470422,0.5463802081508125,0.6324594512700408,0.585036117338403,0.36606953975903844,0.4473826644029251,0.4269808937748456,0.4384524522811537,0.8593118639059496,0.5157442079288715,0.7126982117344621,0.5993475455622157,1
0.6776111637238442,0.44671466315217806,0.5455554426676085,0.4429453863077368,0.7232147884707981,0.3645641142661085,0.19233695715302895,0.6506306116142141,0.02943441718958024,0.40130865232322505,0.3295839061998807,0.3715056749312015,0
0.7444011561097128,0.574307487723038,0.8344391821452085,0.6313030484818516,0.37950109372879015,0.5907027404321602,0.6850433655863248,0.727947665496213,0.9663055771704713,0.5981683409587816,0.942354196479274,0.7222158337534677,1
0.3927533456081427,0.5115477329263968,0.1511905663610925,0.33213938440010915,0.47660289041812015,0.518883689751646,0.43515374841847104,0.33647418384130795,0.5403167654113468,0.49613389130510327,0.08385821866727991,0.2925061291245897,1
0.08603502959158109,0.31582733848452965,0.5414007694888331,0.3069353234721754,0.2583901972539544,0.19763910722052103,0.23195337098764812,0.2562978128348896,0.029628593023350965,0.26888690478516547,0.34981769312229344,0.23422382758488108,0
0.6339054126549635,0.5497543907214276,0.8334742502927996,0.5163400135852948,0.4874006061315283,0.33073793023816905,0.25159427710064486,0.24036271662385092,0.5168200361811447,0.510251708262803,0.7813685447392154,0.5,0
0.05915816545925449,0.44355250395824497,0.31484571507504516,0.4493068411207106,0.4577172855981034,0.40171636146721845,0.33890301795696687,0.33447718990712155,0.18304317881294066,0.44252201361412224,0.2117914634918352,0.4314967754006619,0
0.8356838247028221,0.6340871793952257,0.8200932223772082,0.6433922228607629,0.9273135583251371,0.8863766451160909,0.7975021972213857,0.732684826280278,0.973012736098265,0.6609017867700069,0.9439951651081995,0.7457677934521509,1
0.7297963030243312,0.5100722858707261,0.5494333906755849,0.478847964466584,0.21374509024382668,0.4173484950989733,0.4233581427573403,0.34305030555913596,0.5718531800369479,0.49518541514241227,0.4300297026630772,0.482559848397793,1
0.05596880544986549,0.3410175759707082,0.23338576362380542,0.23358727980349295,0.07341535337561025,0.18732464937600413,0.2437744125237565,0.25427496632747765,0.004612681050988838,0.2736816711150128,0.14870152716393437,0.18150329371538296,0
0.799894659663002,0.5824998123159898,0.8088398339777703,0.7185127240105071,0.9280075182430312,0.8318340465310153,0.7161752191291781,0.8377705073398168,0.9532787557509881,0.6605459062873167,0.7989182021670698,0.7822333212610523,0
0.9355638696935241,0.6360156773243183,0.3069152253769021,0.6884249774067978,0.8291246011794239,0.6975782104296585,0.656802556403736,0.7857388455858058,0.9847093143841833,0.6503983953925122,0.4815195124907772,0.7462078714107442,1
0.5793945481678199,0.49752139578822224,0.281965954746952,0.5053009799788349,0.05551496019350777,0.15674263597702354,0.1944155050804216,0.20092866097769457,0.16663888600382293,0.4144047346706386,0.06128402872655751,0.421272554918645,1
0.7227085245451571,0.5578692008830805,0.28608752881688865,0.646019828074656,0.13423253785810313,0.38709483364997876,0.49982237544663294,0.7026724301014216,0.4193284220150257,0.47826742974409425,0.41224279390759977,0.6501417078473238,0
0.7161536239240294,0.5058270981327284,0.9313171511691124,0.5917785145151959,0.0903969760858542,0.26618294909778634,0.3261253171574993,0.30997535702045054,0.6120862460741747,0.4553243060013166,0.8959198492383935,0.5850195889273835,0
0.012820641122114014,0.3289382251148592,0.11267951542237732,0.31820674387448494,0.9319750884169969,0.744546475767181,0.4759414355727033,0.6544305120674268,0.6251951733544171,0.4507576872276608,0.17644091718193478,0.31824400653963325,0
0.26722965182659525,0.4118977838775314,0.6055757497812237,0.3964922642931248,0.20730903443969104,0.44963689499312004,0.32577728562998587,0.4106155368855204,0.4126093430190285,0.4022186983490009,0.40746154632357795,0.36250802758710865,1
0.011391340212082829,0.2971669040496425,0.4249448314899999,0.28884285250775876,0.588764040535168,0.6685437045100596,0.39235924552122037,0.5595860212412035,0.1555228914325835,0.3438946821876148,0.31485103129695446,0.25671268647942763,1
0.9139769000677449,0.5532357110194798,0.9025374512049353,0.6125777473849308,0.11233035103780749,0.36852559207473834,0.3503194015765061,0.27893470576628915,0.5424720053480198,0.5599480999412388,0.8458282288667828,0.5996979944033874,1
0.6821229671346681,0.5809254853432353,0.4752084121838881,0.5717641666818436,0.21942041495410966,0.40620772424729745,0.6166199851331235,0.6116111148503068,0.6816326952399173,0.5978011212366974,0.49823706117031197,0.603429488979198,1
0.23247101845240012,0.46587641340250063,0.8257644434978825,0.48941235134619104,0.9385294472902144,0.8076604039799663,0.7384150845539703,0.6854303369626696,0.968508625597816,0.5497232547853584,0.95316259710755,0.6320373713323116,1
0.5614593549521533,0.5136851819978139,0.9783246430974671,0.5906045387787232,0.8147925942853266,0.3115178386598797,0.40084274996730934,0.3955557786537113,0.6302891785303932,0.4837532719092269,0.9645224014852146,0.6000184786765442,0
0.1662125760706836,0.3432311784280561,0.44255519659677545,0.3356188162028577,0.057054216088298755,0.15940660975655227,0.2541402938502798,0.21118557369034244,0.006213474326984545,0.28545439765687325,0.3257864827738096,0.2945154578637268,0
0.23448362806225848,0.4933060522443674,0.40441423067968785,0.4836889625665266,0.4324295414219841,0.5410988782022675,0.5079042129672592,0.6720612338747517,0.6949809744998697,0.5296448977225781,0.6155498573095977,0.5218934225184648,1
0.4573845310240256,0.5950435762172089,0.14937993602830454,0.5734552800103485,0.14965666564206445,0.42259483778847434,0.377526216042166,0.41229880010371656,0.4516248185333737,0.552709357278636,0.17355285625396977,0.5624280377686004,0
0.938089556048765,0.5963369570966,0.9000131260686818,0.6155810170326985,0.04038331476240052,0.02671850160533746,0.17451305700621894,0.19169952589029546,0.6447781242018732,0.5035878444794719,0.80403758273291,0.5635872192422051,1
0.6261481787808146,0.4588814001638378,0.5314405094908423,0.435031074801536,0.12244886411379813,0.2951281463054094,0.37201040494481513,0.3083804436754827,0.4232227717957743,0.45160506515215026,0.5513937246131035,0.43153413575578975,0
0.9777777807507176,0.6612994806043965,0.9073683761241454,0.5851049937002745,0.29110503367135926,0.3449724917144915,0.4737651483228648,0.33358453310936936,0.6073976025642547,0.5918650532790682,0.8718901858709631,0.5575877778543956,0
0.9330889688372175,0.6255986959292512,0.6790067512431008,0.6511344961000847,0.15104297246940174,0.25585866314073896,0.4612142832734767,0.3419650169147359,0.8299782043271055,0.5582583067171507,0.5560114578864551,0.6693885368711184,1
0.6228523252784754,0.4447900788019445,0.6149434142805028,0.5114362060793826,0.36077763914017585,0.4570782158320805,0.32971395005377296,0.4008941377372391,0.43981230110886194,0.45246583183671885,0.5121377485004238,0.4944354514176796,1
0.8986862824069667,0.5709418435615882,0.2569927587012884,0.5126741525955345,0.739100457088545,0.554865645904631,0.5374012470124145,0.6245867218897221,0.6500378832832195,0.5712838340456623,0.43190326031779336,0.5413656305513312,0
0.8692227385681267,0.5269445260974911,0.9544787089094244,0.6933068648209516,0.17817534207354957,0.30221974618872866,0.27412064118922597,0.2914103334813977,0.2901238532235633,0.48683344295846365,0.892511600662887,0.6866099116940902,0
0.8243010798402303,0.5757997036006456,0.9323546748758531,0.6558786994397648,0.1513467455780771,0.487851849640167,0.4364503912882779,0.5638354855855818,0.6754372438451668,0.6073772585693346,0.8192521070767284,0.6424402005911298,0
0.614871825417769,0.5135658044167449,0.4481411629768572,0.46520803214372186,0.8593424839210364,0.8000728813436266,0.7617879792673,0.8659806612211506,0.6832834430736644,0.5463642758509556,0.5907229921324134,0.4748415758121744,0
0.31608637847115867,0.4655374025403145,0.06449052842558654,0.32028179668009776,0.23134734219716516,0.4899450483011829,0.4868790267231059,0.451874830610656,0.4525065207013146,0.4760964076379335,0.07287379062131606,0.2836948361195964,0
0.8887359794100183,0.5920330659364957,0.8636367548530375,0.6727016642303685,0.665807109009256,0.6570363088137096,0.6442584112032954,0.7427463096561486,0.9885048302619224,0.6095200544048552,0.8800007926204486,0.7363514012745621,0
0.8162325227940789,0.666060426445602,0.9487929836325989,0.6735620057430707,0.7940808783307902,0.829021119556112,0.8905341335209499,0.7861914183763264,0.9932659022547975,0.6949947381906317,0.9728568170005018,0.7464746405761404,1
0.38863254816498705,0.450327005149195,0.727496902624854,0.47529916608539075,0.5503980619209612,0.4685263106314687,0.43462967942331177,0.429406451683496,0.43787941003303965,0.4611496331691531,0.7178576641157284,0.47004241245058814,1
0.21703474741374842,0.5066071162925805,0.4161926473390445,0.49137115439849804,0.7837662669377773,0.8003393918078983,0.7656537773760738,0.6965068697159628,0.924257282809261,0.5786804256327428,0.6707969424073239,0.5583792170710057,1
0.47624293434677184,0.6077911694974869,0.9881851589011448,0.6282675806516552,0.12488184201434943,0.2463463478203941,0.2337003774241242,0.23821510556170172,0.09528527365499768,0.5149211884156615,0.9146154405702155,0.5625700721323101,0
0.08920559383118552,0.40920905307445765,0.16799474183772642,0.27915640625310945,0.1552183648648822,0.20362161840287885,0.22297337361192712,0.26350526099392524,0.010211167414262071,0.3220496695138603,0.10458104711937492,0.19794181543549105,0
0.700211397838421,0.4757688113558061,0.20895842786723678,0.4111950657634623,0.7304702026375189,0.5380465688329887,0.47760609060367615,0.5255630205442716,0.3147537275898411,0.4432576300789811,0.23998755655090945,0.37008378492904703,1
0.15643987520884592,0.46912825538904235,0.09907460478320679,0.36125570339558993,0.008904297215117088,0.21831719292856125,0.2190629310607544,0.20982191726801247,0.015084155313366168,0.46599381931892814,0.11618879645138291,0.32743183098949535,0
0.07917068308352743,0.33889341093540937,0.10605804220596637,0.29193501380657505,0.9945675404810385,0.7387227767997027,0.6253588925987177,0.7920083681893801,0.6068521946335856,0.3662999042105311,0.1691782621041872,0.35258671718491214,1
0.28019748427288055,0.47985192001895516,0.46724715322804383,0.4466094400513796,0.29172656745790565,0.6237294750367958,0.5620141170536914,0.5197936953955052,0.6548100275450114,0.5099437391080107,0.6396610025987404,0.46854941591160787,1
0.8652918965992217,0.5888783405713968,0.9223108138312123,0.6290484624360138,0.5889465084236055,0.5099150158599101,0.5337961047794058,0.5349348717047219,0.796789894917628,0.5855411482954301,0.9249751083429674,0.6668480464454948,0
0.2938958132797186,0.5091803954829587,0.3414960954877167,0.4184738446096076,0.21786585988984658,0.38397661815983125,0.4057793006656689,0.38308820350708517,0.39869592984770913,0.42817687367779633,0.6666768472665807,0.39145570052750533,0
0.8297104643084501,0.6356091212573188,0.6480457265937682,0.6398105030012938,0.8197204316320008,0.6596296024355176,0.5475079969626904,0.4798877560326323,0.815279901778012,0.6477501677448638,0.634801902550943,0.6753294634094367,0
0.547351901724077,0.5796384948162174,0.07372844567658886,0.43266953292942983,0.42063949500533077,0.4583152286163887,0.3972914947907535,0.5888228077885217,0.19216119197715498,0.5986263648373285,0.05623161779332492,0.39799752000686156,1
0.036548786533621244,0.33475738823789025,0.04289360978489245,0.22907530365434695,0.015225402492147554,0.02443388144708666,0.14929771350814416,0.19916779762292242,0.0029644935247728215,0.284869254010829,0.017883784905559953,0.14432292846430397,0
0.5086444211962802,0.5107297242688585,0.5779098629872843,0.4579784940452643,0.15708933864759841,0.42153281606274745,0.5073961044396952,0.3665479553341675,0.6821649251350532,0.5034765607008781,0.722254318540746,0.43883484669595546,0
0.15044077436142111,0.5071025157231415,0.3233152981641892,0.4433807729546181,0.6197131651558879,0.5791969994912867,0.5489884512190475,0.5056506923434922,0.21989590149594807,0.49422813840022845,0.28914597223535865,0.4221094912679927,0
0.5608131243968716,0.5311912814419503,0.40884440798404603,0.5687712023273616,0.39608351883770493,0.2958036746106409,0.3359381902474105,0.22792351389394414,0.33711439793948916,0.51374860019565,0.21575244747418368,0.5208019587382725,0
0.20245251841974143,0.5020002444992374,0.4349219312265208,0.43573547919758987,0.5153200883231226,0.5850258528381488,0.7446245402441549,0.6981404233019496,0.3771975086876273,0.4965262224538494,0.7105487345569477,0.4767692346139518,0
0.890957202364276,0.5284788726502992,0.8226168153222251,0.5667057780809718,0.21485871620569572,0.44253967456660237,0.4103608200666379,0.7342643377253962,0.747591131146987,0.49824861929726305,0.9343566307097066,0.619353159809651,1
0.5517247159003501,0.5504693701329351,0.18347064093157034,0.4644857788567851,0.2247141453272875,0.39297984601770997,0.39868635386736456,0.35617477429001015,0.2778294857604945,0.48440444021093376,0.10810714039166594,0.43285081806092235,0
0.005211993784178121,0.3329395359796233,0.414992020098579,0.28389625273786495,0.009592964666632533,0.10918769481696874,0.20032823492254415,0.2008467644642152,0.007437352190839426,0.26811601285372744,0.32803792888882527,0.20825889282995497,1
0.8277307261012945,0.5464392597762386,0.5148821017240071,0.5,0.7325307060461674,0.5038321772252968,0.474025761158859,0.4947140310247628,0.7496237243028518,0.5074493358833483,0.7900005384883123,0.5754439358211388,1
0.18722632121285204,0.49857113437717837,0.14660156963528656,0.45056324537390424,0.6275099870581899,0.5920531957856915,0.5286088390094129,0.5592476807489711,0.14501766977705444,0.4973337967296528,0.17319356193668622,0.4647260113804883,0
0.6991960597561522,0.4412610859455546,0.32859706565193797,0.41137557420140375,0.09184141863334186,0.22098059540749562,0.3381338073763268,0.36393890333727,0.07431440033251183,0.44445332084914374,0.3760105951125108,0.41643077072922025,1
0.11381154252304629,0.432430351850829,0.43165587410864775,0.43357526069938385,0.5130140534035601,0.4976144974556219,0.4350281666041453,0.4128452706311805,0.30368486071499223,0.46153540335166404,0.5383702910030053,0.46366854597845497,1
0.7687900136592671,0.5628465872728478,0.299090114922393,0.5,0.884627529481527,0.7009025252635707,0.6028943783623115,0.5688964779966452,0.8333824153513054,0.5953754725747074,0.2930828254739764,0.5369337479204334,1
0.897331119441505,0.624089674338329,0.7445035583927417,0.5430118795979053,0.9466393728292343,0.7928896556202065,0.4424797994061204,0.6793796211166728,0.9640799521887271,0.6422776154352813,0.4729955814159219,0.5154582987363834,1
0.5651694608448815,0.5159769614069273,0.6899831369622174,0.5,0.4947661249490017,0.5467554460780049,0.465944821717646,0.39660207985124607,0.762651562734089,0.49409355735142985,0.6877707162912194,0.5,0
0.5811492887028462,0.4558613929006995,0.6091501935301549,0.45859454875311356,0.05531625212624451,0.1709207658158651,0.3587804255340486,0.2630951449493714,0.2315846262491443,0.4085163130725772,0.6561292749543632,0.47826697965701886,1
0.13848475560019624,0.304761856357903,0.333793199575514,0.33821015270291477,0.028579425235867848,0.13241017009219838,0.1994084187489175,0.23907896213499397,0.03788860238613954,0.28806941427633626,0.2540383348888377,0.2848886661141001,0
0.9091243467903358,0.5490372418559644,0.7009558059767579,0.5247802806648814,0.48775987419183847,0.6252827909182825,0.5552956079352216,0.5530273112217604,0.758521737656413,0.57717823623506,0.8107141907569555,0.5411382687473949,1
0.18658082633937437,0.4262581049926297,0.4428835850535239,0.41594526904511514,0.04038331476240052,0.026200108849253702,0.17334539731563384,0.19168846742668105,0.01286418330245876,0.317185999665048,0.2780975611819588,0.34166593594564487,1
0.03603018458965346,0.2880274263585795,0.12010927528351625,0.2577261107787397,0.033175436891120604,0.12976611831694407,0.17678695014655119,0.21342206736723027,0.010251089880774032,0.2497079768950363,0.11301620382999492,0.2214151504815537,0
0.2895737169639113,0.48639792495381906,0.25348911748998143,0.3542574184326594,0.6580010917401194,0.5697768391609712,0.47277999766632384,0.3816848238622952,0.31314715525699605,0.5205319603660002,0.4053688398612659,0.3642169458501374,0
0.7146752637530042,0.5277098931576591,0.5132364719896231,0.5,0.7075784271168754,0.4053545841444045,0.37809487879282677,0.3375547510766924,0.26409016309726185,0.5270590299000467,0.43099384942581903,0.47753416843385865,0
0.3579993081168996,0.4657927895221927,0.31964878384617884,0.33315111270877085,0.27686131113592893,0.3031041181102343,0.23112667624333555,0.23654061864413745,0.013360742268057746,0.4250887578880139,0.08759872516090404,0.23572932711081837,0
0.47983409376369873,0.5375634025606795,0.7127863777054082,0.4725085900934454,0.451313506207124,0.48477085563230254,0.4053766662235174,0.26784939983657113,0.2973973446711323,0.49525447559301616,0.6411715473337732,0.45891154868973943,1
0.23782927483644908,0.42301155336711976,0.15026491965156769,0.4240101202892562,0.3159521833323567,0.37862492461506875,0.1962928127862244,0.28517378269804644,0.026335862923983506,0.39853774684032606,0.040675935948874524,0.37671556255069194,0
0.3383878705505324,0.45585065621609766,0.13185357743502238,0.40056544449608233,0.869645907963276,0.49854134872321476,0.3903411698810836,0.377155650609042,0.21540677231801947,0.45835949627983524,0.29110380349552145,0.4133548486405878,1
0.8476766919315677,0.5143299602110502,0.515905998591036,0.5741939544567549,0.03362056952197213,0.2700359881443556,0.2525157648642801,0.45615919291829315,0.18992386266069672,0.4317958795536475,0.43419352108966575,0.5136073584650724,1
0.6100888390952566,0.41283209024210266,0.053309071541207544,0.341200431081347,0.13841509551423983,0.5233173123509196,0.6306311046575496,0.510218309084387,0.2296693096130088,0.48956858732436914,0.0846431994380333,0.44575824469225855,1
0.19648314736304742,0.37470642994267955,0.12089940372552543,0.34839555949230827,0.5767789799878698,0.4439191496406185,0.3097331918293224,0.33237956879329084,0.10357979350380522,0.31054546968645835,0.08661683826680235,0.30266854075440663,0
0.20293298724317835,0.48249164363710895,0.3018554371514782,0.36576255186542395,0.7737192968745148,0.6802938047905622,0.5649694367398036,0.6472221326067686,0.454946092358819,0.5345299621189231,0.39236532635508553,0.4127924567038267,0
0.22293918165150622,0.4583034730421402,0.5426536972761246,0.5125475454930574,0.6171681114225591,0.4370726356723793,0.308689788825145,0.34497770713134035,0.10115841978355893,0.3943767618534777,0.3970967337860781,0.4678492806824373,1
0.45052817404287804,0.4771335621767615,0.6985469667442977,0.5319165263053737,0.3999031077665161,0.4303752318482258,0.3903369170288496,0.2824081761967775,0.1608992064352543,0.4999934065566509,0.6099433958462652,0.4648722598986644,0
0.9289563832412696,0.6642512171144828,0.9492273820495605,0.7192380708522169,0.7723560949296059,0.4828977336785212,0.4524059814540906,0.44389951281459783,0.8772802219835942,0.5767960203187089,0.962072517153844,0.7205884791108689,1
0.4884219950557154,0.5027647166388588,0.1542836208902062,0.36548958028952827,0.16231272494025012,0.46041741189674873,0.3444282948333618,0.40333877021525794,0.27369431297980157,0.45012178621584503,0.08539026353368422,0.3014392296194821,0
0.9240982283994725,0.5716334999883648,0.9625545131668652,0.6236413575222909,0.9288240175430356,0.8432142717886079,0.8302087617496541,0.6357865871737074,0.953622371215441,0.6382887900320877,0.9917615616873235,0.7585225841420581,0
0.2755163115871603,0.5360487625932234,0.7566305496657496,0.5561740485299117,0.34130757788547356,0.3445565351113841,0.44794393337640726,0.3329299151374043,0.5586184899284621,0.5170231165143977,0.8608637452051783,0.5536397385601396,1
0.7951842772461879,0.5475707981830177,0.9748585874939752,0.6418724758700578,0.9316039929449847,0.8393990570737768,0.7962931172998646,0.7919258722191596,0.9946373630444334,0.6219109782082006,0.9938692955599735,0.768011273677746,1
0.13811885342519784,0.47585690435217753,0.05617077661047233,0.3748019307094332,0.24974495366397742,0.5208324175833736,0.5884118459710078,0.5995193753935079,0.1441986467128685,0.5060528314759049,0.11296173605315749,0.3750645605686135,1
0.7395902577664674,0.5846560911229498,0.8202043531933185,0.5967539860615353,0.27800677790778805,0.44268696270929037,0.5665895736866859,0.4826108037354775,0.43337086863115737,0.5991955987515177,0.8481652660356831,0.6321779194986361,1
0.19730438361677413,0.3845322954680389,0.16828313841081874,0.3098450832600346,0.046230408608429814,0.23543733985281487,0.16688658385384594,0.2650830454340021,0.025606866541234174,0.30240048469796804,0.12179741877675575,0.2184977858653111,0
0.142796974683306,0.4623366623919008,0.1661219837376294,0.3201325605200559,0.11337077872031423,0.16138396698017052,0.35552195051487934,0.2685847740630308,0.4979082777719433,0.44763401966407856,0.22707263191817945,0.29414656798350813,0
0.25468988227522427,0.4739754829642603,0.5073548954774733,0.5079668807639366,0.10416546530821996,0.1496716622250765,0.2521161423528236,0.20646974778932814,0.5561839684814761,0.4643066241949883,0.15127608117628877,0.45929676540165265,0
0.1352580598466196,0.4055292955009803,0.23248239113110467,0.370905560293006,0.19164956036098765,0.3801199945515309,0.4980350577706577,0.5409839737534812,0.0733837080745128,0.38368650689664535,0.3703068395319888,0.43150075790514303,1
0.41877386809864703,0.4909867418449589,0.4064731149045038,0.5274077689803887,0.6817713329474654,0.5003784514212001,0.3470751335195327,0.40512457278659747,0.514548065757114,0.4855976397124218,0.3717172753124277,0.531626083590882,0
0.16160748080653564,0.4628606123886785,0.2145320278383302,0.44184584822423034,0.6745072229872217,0.42634508779863106,0.3931332839523144,0.3334354922511403,0.45383832353303477,0.4669043474572108,0.2589694710936047,0.46924591428023693,1
0.7840284192055147,0.6749225000028565,0.9618829971809005,0.7773690214815401,0.7362445893942016,0.7694347314997003,0.7739789382966179,0.7938146241480531,0.977225330220471,0.7020755237199208,0.9798517916010321,0.8707080384625542,1
0.8316392473096224,0.5404084685376863,0.7161722388408739,0.6371025236410418,0.896001431576962,0.8564215953394213,0.9210631562326651,0.6885049776671731,0.9597389071706739,0.6441462620165164,0.9736316667361389,0.8276820348631039,1
0.4498496416578222,0.4681000959278942,0.8184678642896286,0.469772912206838,0.6885411588001823,0.5054295793015338,0.47500464548465693,0.4692434742298424,0.24509868621617356,0.4981612156395572,0.7836820944203952,0.46914679841482854,1
0.8513230326421745,0.5898468937481111,0.7063917333200809,0.6474396047489199,0.5774426272708801,0.5103589086268487,0.3786050183930306,0.25095376253261836,0.1969921454931809,0.5543667229759501,0.6527996570256354,0.660451673989037,1
0.5577732458168674,0.5235178951048741,0.8810910771488947,0.5790569202095264,0.3673920420850744,0.3603819707580175,0.3688978141687398,0.3142265455207654,0.6339175860190558,0.4770199338154567,0.8006260454225247,0.5615195727096471,1
0.5825405410698384,0.4649499832387326,0.7047592049723692,0.38337037004772734,0.3026104086860104,0.3535229703771874,0.1444752373478622,0.2558396650856241,0.12243465469170019,0.38316155653597567,0.277137526595327,0.3057370943506501,0
0.06371917120172431,0.37528197466013813,0.36541900408006656,0.27215664913175713,0.3302214064149479,0.24896963196161737,0.23203612182366976,0.23405549948795432,0.047593281096338036,0.2901897932319024,0.19335550931156256,0.21100646904074166,0
0.4374042100845453,0.4285575907754689,0.7623552773440587,0.513227268336791,0.807188624633671,0.5921251451625763,0.5577672935661179,0.6216155594103362,0.20150706018733142,0.44417961602291917,0.8522505733504534,0.5394391648422138,1
0.9768269264966587,0.6267017532766859,0.7364280490248075,0.6295675720934919,0.6903178160628698,0.5161179864119066,0.5304479785345437,0.486831520972045,0.5348879895517429,0.5929103729282339,0.8895119862514768,0.6396776401279154,0
0.6960256713233575,0.5635639263217291,0.8723232362028165,0.6698390051564375,0.7187256097720344,0.7181377537699474,0.6470865808704822,0.7087555520813087,0.8239630630485998,0.5813244770052486,0.954637140816768,0.7808649867292329,1
0.7154448193688484,0.5634954014871784,0.875630549422938,0.6703608513433948,0.8946071254749391,0.7866417266259563,0.8212209482752151,0.7493950218923945,0.9098441440230587,0.6084344035645185,0.9789887065517464,0.8502013002216272,1
0.4749460728704085,0.46226699849052255,0.5134967806068431,0.34972229314489583,0.4366534037505617,0.526836628277241,0.3258807293860106,0.37839198271887636,0.6041958935521794,0.4531339139612047,0.38846882772560165,0.3042994759230665,1
0.2834378946000124,0.4807238729568419,0.2813005971257995,0.5671955450978122,0.014990190237553202,0.20889858688371796,0.2170254700507943,0.23591423378779025,0.03348552136642023,0.4549963376468336,0.3500123117343265,0.5552548782602221,0
0.8783990815268057,0.5606498823334984,0.2844235634650787,0.47439109503828314,0.7674937773504449,0.5554692112661939,0.5615981341556413,0.4722141930097893,0.8015955872139979,0.5650644023066262,0.3904129382471588,0.45508669428671594,1
0.167189041218738,0.4423162268986928,0.1336525971916489,0.4561580525777653,0.7089060394301846,0.5978875939294973,0.42704561073531905,0.5313011792499548,0.16056101926718191,0.44826952998048997,0.17620736574001478,0.4341726915404631,1
0.5552032859386069,0.5253995437322114,0.17122293288110488,0.448694150674435,0.2977770498073913,0.48740988812570485,0.3273193346004565,0.43464258486534135,0.7563022952320662,0.5218634481248661,0.12570059036174114,0.42439242811038314,1
0.8922944346384075,0.6308429270847532,0.4469731785270025,0.668527291520185,0.5986771274131089,0.5401861082389653,0.4541774697591427,0.38993656084517014,0.8881286738839074,0.6300169124092933,0.30377424406855597,0.6769021166393859,1
0.46750987183264187,0.5352795411643713,0.5318749095872938,0.5773406301817898,0.2935646086558604,0.3235044237027159,0.2995722848615859,0.24151195980282728,0.30775489905961195,0.4326168404998493,0.5366714426358563,0.5675428631271935,0
0.6016870420129113,0.4154525342988924,0.9197724903848997,0.44004295073934624,0.9773710791276848,0.6392271139802604,0.6321487782111395,0.5899534994703981,0.7445992136819801,0.4556985625778393,0.9826141991203104,0.5140890884551002,0
0.8101601087245325,0.5420672326896365,0.9638330316270831,0.4774693626578127,0.7308531436125472,0.6214121438004467,0.7266708163180675,0.704493214556107,0.8191852052258879,0.5690743407140647,0.9801969090683813,0.49025989889719984,0
0.16950659466261345,0.46542511545967513,0.6941984687037569,0.461852157613426,0.12403061260592105,0.43142235243300614,0.4841286351191422,0.36188289346737235,0.3098810082813715,0.4757939287960643,0.6318186398810051,0.5058903700358911,0
0.29846820531955975,0.5361291428504505,0.4204218506632095,0.42743933908292764,0.06691452530348006,0.23628256287112556,0.25330787225130236,0.2240217494147706,0.22376779520842338,0.4686652293212472,0.3324636536256097,0.38704775572024674,0
0.9841056694837906,0.5425759674820845,0.9668255108580616,0.5686467463559243,0.3954438263776095,0.32649076606845795,0.41979541460052777,0.3723136308907349,0.9546677184854143,0.5269259646364899,0.9719307615837212,0.650570210654147,1
0.1698692650645148,0.4570935181511669,0.1340982710325455,0.4071977666173214,0.5471934498232323,0.40040727045614133,0.2799182146957696,0.5979128804596681,0.00827459237118037,0.34397858978518897,0.10959394655368654,0.3799838044864261,0
0.12158560911278138,0.3582578054681485,0.04771217671440287,0.34119836486050575,0.9347127626983409,0.7911039972217467,0.5655334087992073,0.5788818585616652,0.911463267478981,0.48997244375322885,0.20266176167839006,0.40834509956445675,1
0.3906958764148227,0.3798698474124839,0.11953690817268192,0.2828263756427791,0.4676927102538846,0.4472550917716753,0.4362017696329438,0.4890551124298793,0.10992665076701208,0.39569649253443046,0.274432081387909,0.3131234513497829,0
0.8709043606041342,0.5835767044646958,0.9798865780909022,0.7603890926942957,0.43352617280674605,0.6689243545005735,0.5042868761695937,0.562737481358566,0.9658265767613136,0.6274770665931438,0.974557510343608,0.8296730109012135,1
0.20467287389952485,0.4479918678917711,0.31269953285269003,0.3724916828107564,0.3527667378597618,0.3946119570254796,0.40905410115079915,0.5617893835972552,0.032394871325429384,0.2720565754688244,0.2867495258880553,0.3886503307278316,0
0.65094339780174,0.41405540092356796,0.5241029047429886,0.34358521202148995,0.30160851077256934,0.6088571850797185,0.4992918436282189,0.6241549049221472,0.46041232561967543,0.4280052099815586,0.7452617843557224,0.37459180882692966,1
0.8428615631928323,0.6315097619336837,0.23522775934282805,0.630115044923315,0.6850321625553605,0.7507504398865905,0.7689357199255095,0.7168838681873464,0.82124834326806,0.6590637645437127,0.5602106258448195,0.681592220313437,0
0.8467828028094985,0.49134652704043175,0.9977880050053838,0.5649717051264069,0.5158823589905291,0.5848618245272892,0.6198109773833342,0.6579917205612551,0.9044515093878104,0.48236008278182735,0.9979749553414647,0.6266479826312219,1
0.8158276477342915,0.46761672440067004,0.07284712373734321,0.402907594472114,0.4018072504610585,0.4258715721145657,0.2990253481537597,0.29900245337933584,0.6158646909146732,0.4565835778522792,0.0733216499583571,0.36949182416957654,1
0.6245973598020985,0.5294304010544094,0.1477459595556361,0.36900528583874737,0.20094239589715363,0.3111757913121975,0.4283981711983351,0.2956812820474895,0.06203474244169957,0.4019218172595401,0.0525272620529714,0.32871952502925905,1
0.40193640119873353,0.4312617216318468,0.034129497426722735,0.24685697337082535,0.655291231825123,0.7093527633222722,0.5396092911640674,0.7147358574375743,0.4975884577288844,0.5217927199085894,0.029142553233346077,0.3190234713189651,1
0.6506161473480389,0.5228940054475515,0.11610979385854917,0.5,0.35222279452117117,0.4971545733759146,0.6351536157922564,0.7155642011666401,0.6669264438283864,0.5568046019490572,0.14025715654696594,0.5337326854185065,1
0.950005920829738,0.6193891533267655,0.7922953077546622,0.6356075385097704,0.7833063507262369,0.6959845907618216,0.5692256502950717,0.7618281153291779,0.8828422908003415,0.6476577513950962,0.8285658829595076,0.6982558765855996,0
0.07582431489556975,0.3710874068826017,0.3368247998459698,0.261717233033844,0.3902666922252194,0.5829999775526126,0.5126261625898203,0.44287144966412023,0.6172819882355876,0.4594794172576487,0.6355278937964105,0.297239490988691,1
0.3645318017178176,0.37377838316257667,0.2935125662231032,0.4284316896780365,0.9076801555142228,0.8587242086015998,0.7090155834300124,0.8459105007419863,0.8154923647154315,0.5167179556910387,0.73513300957193,0.5812086162627745,1
0.5366802815234314,0.55702861712675,0.1206984284350672,0.5329051586049873,0.19338082475239599,0.22340888871373035,0.23325914692095168,0.2199376202400782,0.10193419767796377,0.48130703703955136,0.10616180556158493,0.4385116240694429,1
0.33869364378296446,0.4571865722781019,0.7138885539708527,0.4711313988413685,0.7001118423494886,0.5579684182096922,0.38111469436746237,0.27833064970333327,0.037306150802684054,0.37971341319973173,0.5512080149942007,0.4238056920209495,0
0.042027179123330156,0.4047768275394233,0.01282989468758386,0.28864265922426113,0.29902557527598267,0.37682493759871344,0.29077258692121377,0.3327934172404337,0.08420520967250711,0.35596128741173555,0.006325488710292906,0.20123335206358728,0
0.36475613735826545,0.43108191113025895,0.5620598715045073,0.35910255727161733,0.137669028707271,0.2395700483998194,0.30267069423611637,0.3021767392360106,0.08407735111667367,0.4377608814292928,0.5685933737562736,0.33471073807126855,0
0.354066269845406,0.5096965455213027,0.02373603091157075,0.4157127674622538,0.7368579235918515,0.7108597862566728,0.5681967471081744,0.7412369732693883,0.8142366080828329,0.5210663235383718,0.012573313700393524,0.41796022876115885,1
0.4353674872985655,0.5205694424918639,0.805084387641563,0.5561520313944041,0.3768399282904436,0.2780831707264702,0.2972450498965984,0.2022114794841697,0.02703384947745236,0.4423668749842143,0.5127454902973775,0.4610050042320248,0
0.21263179088463063,0.41927184606792123,0.10058624623680193,0.38724719519635903,0.41711409683600115,0.5770154943135072,0.5494125887541297,0.6103317551949374,0.2473757092812247,0.4344830177608944,0.10707322284721196,0.376849066531741,0
0.03383801015850775,0.3862096144627646,0.02344549774810239,0.28655972866139695,0.18935272056279143,0.3953245061654187,0.36909643963239624,0.3951546031337346,0.059522314192228025,0.36516656004364445,0.011045460095269594,0.22504589076320763,0
0.3820784608451715,0.50870885612434,0.8664598899054766,0.5294896743463541,0.17029653309234427,0.32790301885690676,0.3914281900344926,0.2520753189737687,0.317922027082494,0.4846548288860837,0.7637253675772162,0.5183024342762265,0
0.6681572363877748,0.45969163824679815,0.24988031534148195,0.45925710807706516,0.5392529452542744,0.48088953398061834,0.3901538506217086,0.3610764407429837,0.5776841211253239,0.49062608508830624,0.10433866144418408,0.45745862093136463,0
0.1276787908740758,0.40687971914989307,0.4457218516878743,0.3438743808193993,0.6173543148351535,0.5796089812255649,0.5182478893025919,0.44040177045175716,0.2709452091698232,0.42519818546094795,0.2860384447947208,0.34768089836358557,0
0.10369552827901292,0.44630694047294756,0.19305788172567862,0.3713188095960986,0.9686139939683064,0.7399294240541957,0.39502280743718576,0.593967029932479,0.2604043639251763,0.4346270342880984,0.2517263230639512,0.3366603122295668,1
0.006682216501441202,0.3556460552840505,0.0068894851166581145,0.23696215555761072,0.9977034564310863,0.8551889936872352,0.7468181767676779,0.840459435021006,0.890622314148712,0.4295596816804964,0.051019461627877113,0.28055686443418887,1
0.1111536482534213,0.43011641092552566,0.08130464860604354,0.27714911358386013,0.7780050279350584,0.7882948111251495,0.5765091268369631,0.7821640792061266,0.6356685922742088,0.5298433233630768,0.1421788871800045,0.32738931903855,1
0.02311824548413862,0.3325713044867671,0.050027403929110995,0.36898273485864314,0.40304705563511184,0.275816610463548,0.12350344558023814,0.3972304054366899,0.03640598791980185,0.3074476747232777,0.00954187256608341,0.3092366596598518,0
0.9161731196316539,0.5736792083288568,0.6143161833152126,0.5953708108481538,0.3126654529524206,0.7053068800777967,0.6445724098467777,0.7802235861072112,0.22263055703263226,0.610851157813468,0.644484876592694,0.6482036458795981,0
0.028575300455029984,0.37771124168648984,0.5115655000614232,0.3756316834492514,0.6978516524899208,0.5977542399845165,0.3761661678768151,0.38112062019929416,0.17226839934642882,0.4102534679200354,0.3203502994383042,0.3429415607935759,0
0.8359206413889605,0.6279697997596821,0.905156191230702,0.7212763156368924,0.37436214862798123,0.3588765507212316,0.4087129330610386,0.5644088843054645,0.8146712484074581,0.6110669140654199,0.9111488623996905,0.7492998936024237,1
0.11197198181480746,0.2912997117368731,0.05739313774276301,0.22123499795403886,0.0494585921942967,0.1653803759385636,0.1775961409921663,0.19412019180631257,0.015214643997200706,0.2504856686760821,0.038672500465097626,0.15383325068624418,0
0.772222525444619,0.5807008323808792,0.7110806366790621,0.6260777605610927,0.27585269918136374,0.3457781404347208,0.4982165701959687,0.3655097452495453,0.49139441827693997,0.5763089155345518,0.5835731973932551,0.6695732371858897,0
0.5696200656828526,0.4836402725845691,0.19464957181260487,0.43799779688416696,0.10369385010075728,0.3956408158177191,0.5449540472601594,0.40584003438932115,0.3398181289348179,0.5000714314382534,0.16378070168305156,0.4535822409057486,0
0.5666252937917258,0.5034281939782499,0.8748961509559042,0.5232257904207631,0.26648283993836597,0.39441666702462713,0.5474617295949309,0.4467005005936883,0.1654479784990108,0.43315588980717185,0.7960257468386273,0.5338779707212858,0
0.19359678149529144,0.4728438627887835,0.009678357010818614,0.37439425282211947,0.25653614633358524,0.3701133712493176,0.5134508573617088,0.40834876785177515,0.4810080532440456,0.46853904322159484,0.013964218013749818,0.3738637796059971,0
0.1674768433652474,0.40672582304574567,0.011036333323860904,0.231328492224983,0.0024969361723095602,0.13065698751731353,0.16072629001141397,0.23823322144696885,0.010691051877336192,0.3678004619329594,0.004359361619808977,0.1507968769213329,1
0.03777441796870062,0.3668397586822363,0.22522758484086045,0.3431273563564385,0.17615471506287655,0.1980230047345987,0.2569765928891834,0.2656971465544022,0.026626425059943514,0.3051656446607148,0.17751630697965626,0.3179274158440017,1
0.282702631671277,0.4473283027267857,0.534124311367627,0.35795930494654005,0.9280248411647641,0.6715601539549286,0.4706799639833276,0.4337616627665301,0.9267384747280424,0.5431570978471625,0.7191051874571381,0.4485059717628936,1
0.38185000009109255,0.5115518078146075,0.7660253235010464,0.514247633188747,0.947000580266824,0.8194434006217762,0.7773225658075824,0.7451998874440363,0.9505994697472271,0.5684602684154302,0.9695989133034211,0.6660843617206111,1
0.33748229999099283,0.5271747316251254,0.20874663125825954,0.5295774537921234,0.7552345494344167,0.6542662863530094,0.6311387554021698,0.5841248217855083,0.8477069692731762,0.5860167068502729,0.6011699790881783,0.5628901414043329,0
0.7191640968726749,0.41449683352882294,0.182039184514644,0.390683857785993,0.04089756962632644,0.24636499680611718,0.2034401399223852,0.20085175114137566,0.17091697782018606,0.3383611090393752,0.13451045178636079,0.3488346829772851,0
0.6399069717807455,0.41686210733708523,0.7148016381804608,0.48355554372500453,0.9455153508947066,0.7737047409456697,0.4489721007826098,0.7091602449333114,0.8593541072354538,0.4472580347437739,0.7887215867074495,0.5,1
0.40373423065764735,0.5192683180378305,0.459672588107181,0.5,0.10532734277314112,0.189693651327134,0.1904611238780904,0.1888337644126292,0.01863131343259909,0.404614650652314,0.3465330306403234,0.386485439221334,1
0.3001182614253502,0.5226038429395468,0.49774802853872985,0.42175345710568796,0.155098353321069,0.17641976602939594,0.32266891693830047,0.23231345986185079,0.0317205706115714,0.4529110146667074,0.3412513317036978,0.35438154938452826,1
0.3944297199919571,0.4761674875731314,0.06178188293878932,0.3453554010678797,0.5012732599152068,0.41271516363162497,0.3329060526346283,0.36095170419795897,0.1104311063774889,0.481553648682185,0.09197739694642833,0.29045033666571585,0
0.7502658502488959,0.49873104456928197,0.8960985109969958,0.5337895860165733,0.8977183770215118,0.7552879689178235,0.6766302020174005,0.7514180537832632,0.5176469845161146,0.5215148976626252,0.9290574388323851,0.6134707278630283,1
0.17081631496502073,0.46066712462999493,0.26602389388476355,0.33881210679688223,0.15596200496158988,0.20365078243843346,0.30526542514427724,0.2010741805226986,0.06674585025979918,0.4641896451109059,0.25822834266744904,0.31105176896213527,0
0.30450524937348156,0.4755720537125501,0.9530785508218583,0.5257305374248704,0.9989828114974723,0.7576111683256016,0.7469537886850934,0.7045117726111813,0.9754477855005173,0.530325112361234,0.9386176065764802,0.5644033158009358,1
0.905343156494132,0.6392533535274466,0.769133909572715,0.604342101888348,0.641663498153395,0.6854890050603069,0.49780597630726153,0.6813199106864601,0.9519915255191859,0.6272146626330045,0.7054863713866086,0.6517782819942309,0
0.10890670743869148,0.3485752401074037,0.02946461439555427,0.23440116201888198,0.05632882851280469,0.19734994405876552,0.13700440063345196,0.2392794277457481,0.0045602768280335595,0.2940831471653119,0.007775919853964418,0.13733612413039842,0
0.7917612719835213,0.5722098900718708,0.8484560491885066,0.5661090757085633,0.20622466672907008,0.45188883689356546,0.5030656681750298,0.5753067179380652,0.64150148418198,0.5857988843776589,0.5379034114803106,0.5716217517316434,0
0.6706028674548493,0.5019132254938751,0.9251381087820975,0.5662699973671174,0.3312950962234898,0.34764996443394536,0.1715151527870509,0.224973909513487,0.2533296849068935,0.4627540210063191,0.8368755815989153,0.5340007038361904,0
0.015353751893598458,0.24952896546279552,0.07704914799736236,0.22146449332210993,0.20905262064905378,0.20644019088717913,0.14022069133460965,0.21944437078359258,0.0013128958974253052,0.20818901908058543,0.04342798339359542,0.12328101643299846,0
0.9149504729177382,0.5194627989737453,0.8358452390471015,0.6258951039742965,0.153074034880259,0.29018626512150636,0.38333686481895185,0.30842809002988963,0.8718510707033318,0.49396716405829616,0.910278561412823,0.6205820169812708,1
0.043019473668723815,0.3366040870168789,0.024704976254180236,0.30723516661812733,0.8971442886237251,0.737901573358228,0.37548387650900106,0.7070287697575727,0.17863729561255456,0.4045144328953018,0.04825631546008592,0.3106027242374359,1
0.7108868195883925,0.5508467510392903,0.15403278456411115,0.5586519448154007,0.7361116182565536,0.7087510793011075,0.5603440020837425,0.4513454392009396,0.37862998277538595,0.5946354106351354,0.2340296535026023,0.6250208224041012,1
0.032744580368183944,0.43448222163293787,0.3073817001828133,0.40684227500229564,0.31213916958750176,0.36531703348607425,0.3962873968706479,0.42265403025168174,0.03284938567042475,0.4543601744420628,0.33119197233792885,0.3699541292902659,1
0.03197411963767339,0.31499148686772843,0.5010804809532646,0.30859949560447897,0.5665682507842761,0.2465959599453574,0.18961939202513364,0.2269586420485802,0.0233040139657418,0.2562201761464258,0.31710507478069283,0.23519781788101807,0
0.7672491790058785,0.6484303241803125,0.8541942645274213,0.6458008242048621,0.07253016396315239,0.38944945608554155,0.5214788944175124,0.534101099218555,0.48557351021224343,0.5953682348354423,0.7191654592612925,0.6625848198962911,0
0.7324227466032665,0.5705466283969113,0.33651699019864867,0.550186816904924,0.08038705545127169,0.25308850491404056,0.5220718736169488,0.35527919797932905,0.3210575321098103,0.5797956683369067,0.4003722394135335,0.5701575218476699,1
0.7437993419628908,0.532006177570063,0.8750072271972212,0.5421545442657528,0.41126708646160526,0.5051156878595398,0.5462025005762365,0.49017229005491264,0.327893584038121,0.5410016439158032,0.8456372782906215,0.5782536541499568,1
0.5312199686569702,0.4604418298864316,0.7746780746925694,0.5,0.08910549086815935,0.17613311707778576,0.3160229657629078,0.2654423859286639,0.06519247127771295,0.4227813620375275,0.6598170926600778,0.47218082411601403,0
0.39229358622502264,0.4801378759489501,0.6072598958996144,0.40946212366135043,0.39811222416984565,0.5494977897471726,0.35965727332651437,0.4795908564346899,0.8639526770564505,0.4787035349434183,0.5349631579769855,0.3904457430433288,1
0.4294670882977894,0.46974218630167774,0.6825941322330039,0.5071487925584944,0.7998787730172882,0.7340039993995303,0.6451088739196712,0.5973667892563677,0.9266809988090428,0.5973065126926134,0.7487960247018649,0.6920338349028895,0
0.8408346063282912,0.5382174847294943,0.5859699603733552,0.5662314254532679,0.27553696473387196,0.5569839473246063,0.36438458250945327,0.3286383403715357,0.7329606848968778,0.5522807201879102,0.5626402931031137,0.5929794193409214,0
0.4525161473034254,0.4966156134021888,0.7176213897249869,0.4842412096425927,0.9493590550796321,0.706336764907572,0.5955248597779599,0.6230108933662397,0.6153009315376885,0.4785263163273282,0.7055029386409313,0.5232871679366723,1
0.36046425401963456,0.4140574201308233,0.5662425968161405,0.3541334539202658,0.25268163940287486,0.6926890755078575,0.84377799086864,0.7339203072645756,0.9678942410777761,0.5083889055651478,0.9682068404030293,0.5301215281399919,1
0.47427915681369,0.520105291947565,0.6569219538967571,0.6050690891443622,0.9107005955017201,0.6595824970434181,0.48502565170735845,0.37637710289397514,0.5141223042980073,0.5275771310057817,0.5829871702651536,0.6569253365590979,1
0.6460130708119731,0.5137014294249821,0.6111492836223368,0.5510102822507295,0.4730796287417746,0.4213387239014004,0.3749647835828769,0.41164267868773263,0.31704547790520965,0.5122832567615101,0.3683909577727639,0.5481777351516292,1
0.7196611574509192,0.6034445182247307,0.2103458115785983,0.5326862702090369,0.6294276862376734,0.6664807592920451,0.5319283638169379,0.7612927575185185,0.973081376809475,0.5858935344688122,0.1182482914951112,0.535240911640288,1
0.09483366649102247,0.363254502338838,0.040467555515783724,0.25406545545952736,0.0033377003431815555,0.054005970367873316,0.1668446241132234,0.19945959881440622,0.007317958144391913,0.3034741284018916,0.01577401211550108,0.18725835465237045,0
0.8962179842150573,0.5576273422910241,0.631160995747299,0.6351589943616476,0.6205674187102698,0.7633563205090659,0.6820849569971141,0.7552393133599566,0.8829208591157303,0.5896913973920406,0.7674932587288421,0.7068099194694782,1
0.925411810721455,0.6289217566839851,0.9041289455649177,0.6471739374461721,0.638199688108732,0.7549895462553269,0.5694245114847514,0.5963229985984141,0.9840576174527235,0.6354754116743817,0.9347127507883929,0.7210538968267435,0
0.01636291730469886,0.2701828622091595,0.061811089164022615,0.206294198082382,0.2912063451073435,0.292119552832653,0.19274648109587736,0.22584484907949823,0.005382990096923828,0.20905931205878284,0.025282594679507987,0.1361761924721284,0
0.23354194686097912,0.4247925931241552,0.756326822511588,0.48341731566219726,0.06912867443965348,0.2538802441898653,0.32560440069641955,0.31336153161773284,0.19750608832880884,0.41061987148225276,0.7936677680290832,0.5352689156553029,1
0.5330716490535627,0.4780494441077408,0.0807421117194706,0.41941360987757637,0.6546118663927661,0.6786397271561841,0.6265704287156634,0.6843573647174446,0.8090420747254803,0.4960310925957449,0.1978080998453017,0.45623746536345544,1
0.24562892343207265,0.4013864119209513,0.9359711625880475,0.4888419088975595,0.9348176759252907,0.6948173269851909,0.7338027956564093,0.6290687705258209,0.9486650141085388,0.5626732780413367,0.9799221748170946,0.6490047080453575,1
0.3643702427585564,0.5382674144192244,0.40665285430606996,0.537902850921609,0.5439993305922252,0.5584111466511805,0.5887452089139297,0.6022984901002915,0.47357899605015885,0.5442091600870465,0.5195722245169087,0.5838595804545043,1
0.11903126254360566,0.3719586333138346,0.5874298566713819,0.3551056077967735,0.12297204143156766,0.16676342661767166,0.1481634136282651,0.23398514220363179,0.028020900486291137,0.3391991206292189,0.43741394214878054,0.26852442937368476,0
0.7713338743670727,0.5792249568241755,0.08335160211394023,0.6456642072461631,0.5471852253634318,0.47563326934357336,0.4268292688342871,0.32104487336703075,0.08919183965392369,0.5273818576405858,0.06414022153210246,0.5901654628644725,0
0.9061772476577908,0.6071744488673325,0.8999661144019094,0.6610039361721124,0.18910242087010926,0.3588696703597896,0.5404516489532413,0.3122237049949306,0.8118662373737552,0.5812263541803976,0.74014463039138,0.6681093202415164,0
0.1647561646222727,0.311964069369608,0.1090372981316037,0.25486011538425246,0.14992118731619772,0.21491632671624575,0.2292552099370311,0.27877893058985026,0.08008437240080936,0.28581321237977403,0.07440692518378615,0.18688014008389264,0
0.5066033187057677,0.5723841357488653,0.4528652537451601,0.5806855312574263,0.04504257337062467,0.24661783510084043,0.284635168971662,0.25619893652593273,0.3785746991304982,0.5285304255493972,0.21894434924178832,0.5173068672429,0
0.28499298632727604,0.4886786810504041,0.8534632384901116,0.4447419385904397,0.107275715963769,0.33007587573666525,0.4275150159875639,0.3574390749353836,0.3433031900219022,0.4317786298730464,0.8421407518145466,0.44388444209803507,0
0.4386953233835778,0.4252158250356119,0.9458754552041742,0.49289242609574957,0.3327267032902569,0.6319087490795853,0.4569448757663661,0.5494269355925834,0.2541816592006195,0.4935811256672821,0.9436582105045525,0.5520492661481712,1
0.6087802387546222,0.4922168096352474,0.25106814892453905,0.38955577024392396,0.18088147323883905,0.3111057860260346,0.46927711200991096,0.37873480419850514,0.1038261738311532,0.42958129361710445,0.07800963643028885,0.34316790568182226,0
0.9221751115721831,0.614433399450216,0.6561771618917741,0.6771959189951068,0.9949085533159153,0.8449699841556425,0.800894142544889,0.7581502849991004,0.9809380337339904,0.6499223195308463,0.7383716186921199,0.7542929882543252,1
0.5285722382070253,0.5187374334643248,0.09684602821922772,0.4408150620373542,0.12034887314019985,0.2088204839768895,0.31520076323210205,0.22625340615436917,0.07316070815742072,0.45312992157996207,0.08514349691652008,0.40948728928692874,0
0.910749845467696,0.611281837333384,0.7142150708557247,0.6876129062247488,0.5699452882060515,0.6412291477138253,0.5954988222878879,0.528283818664589,0.874867135761115,0.5906744904899962,0.8308625157175121,0.7660198685881536,1
0.5528250911582737,0.5116389803576789,0.39711779932394276,0.5274004043502827,0.812461392137167,0.746855260255784,0.48628873380071774,0.590703625830736,0.53390600053186,0.5248673539764003,0.5250871385593704,0.5676700880221375,0
0.43306520469398013,0.5136323790844975,0.9539119845061197,0.6070124637568239,0.0551924320885535,0.3592408298254445,0.3127137575461186,0.2585559504577719,0.7412334128036933,0.5252620605825499,0.9421579469671547,0.615848660080264,1
0.15804912567937954,0.4431619031055365,0.3842201469618797,0.3825932968665574,0.45809497069541083,0.5927916543922043,0.5772602366605382,0.6087554851263354,0.5223748580010205,0.4873946989578399,0.5711759973812024,0.43101862218299286,0
0.6072860479263628,0.49749806561104515,0.7025713872095535,0.5107518955301418,0.09635167936962066,0.3389532912427807,0.33636136338983447,0.37616052456380583,0.21649188553113016,0.46455441867564434,0.2660344100996025,0.48637752248180294,0
0.7783673092245317,0.46000121437014385,0.6149351612342853,0.4665432825780481,0.19975698735197187,0.474744559443762,0.4298181180791159,0.47824663864191297,0.9478434578369325,0.4840431680768759,0.6917913947388677,0.4928198176235563,0
0.18992863923379474,0.4521912169353187,0.7747327613477665,0.455132622422698,0.8233671090289418,0.6096517158044199,0.4300077145134095,0.6495739034141321,0.09548594761755232,0.5129533411414943,0.2800670502190105,0.4431928340859236,1
0.681212747724014,0.5072779994225178,0.8079615201003462,0.5675382935341842,0.116856574503781,0.3623620649346227,0.4887577683055311,0.46544138794011536,0.4979751835780997,0.5056980599246428,0.7681404228176901,0.614184127482074,0
0.08756768966388238,0.45175441228073215,0.5060248366732613,0.37362366547418735,0.11767362623204124,0.20015208645175203,0.2727049812735561,0.2489822810032684,0.11628131620455409,0.42245526704934316,0.511421261612724,0.29041870313109286,0
0.6631393975631735,0.5029482484034044,0.9654051479826766,0.5655763442112421,0.22514878316170897,0.4814835980503521,0.4214497016075834,0.39938965702878254,0.5480889763495012,0.514028219370081,0.981953780299008,0.5568877763772319,1
0.09886426173293784,0.4200536189611522,0.307669089679996,0.35093825697436815,0.7554872322829873,0.637771200245597,0.6339803582446799,0.7702924001950361,0.7482181923769068,0.4255391822828278,0.6196977884704625,0.4132206591963027,0
0.2791772043161379,0.46412060830845087,0.14657346245300534,0.3312286745702608,0.974480290900184,0.8437592065243018,0.7504581367293782,0.8181439315187283,0.9868887680308189,0.5644860292675247,0.40420165471433106,0.3994085427990761,1
0.31572740254821874,0.5530328176250768,0.38849125344535296,0.5842225836548091,0.7247517438008767,0.7316258086719394,0.59541716718464,0.7441794593127975,0.5906735963471048,0.605770414717993,0.5417454565938344,0.6351653377825622,0
0.2929909389338585,0.5711204978658906,0.8366632111328156,0.5999161803689239,0.38953288177129036,0.5955504870890318,0.7301283656494126,0.6318796221655181,0.808576684323002,0.5924022815648199,0.9396473993596095,0.6905021255441638,1
0.042441520321379315,0.3381581226711981,0.5055243262244439,0.38185417468019595,0.6056899159642625,0.44561444150741436,0.23724266123761623,0.231569723353193,0.0343033632520959,0.261913139710892,0.33388713191249014,0.34919639493888643,0
0.5847990847536331,0.4890722984509854,0.24417868922613536,0.45516768973492144,0.5518070312329814,0.6709807729278974,0.5296890550532627,0.6682773523623246,0.8294347058929781,0.5277607984434978,0.448324711189367,0.5350162683396942,1
0.9344599917100429,0.6015983430099954,0.6828807114740496,0.5751707976132215,0.17015932910336398,0.39845174307167025,0.503638317275463,0.5883332181601499,0.3008678242079867,0.5268025787938827,0.6595107620805837,0.5427349199365082,1
0.48975194916891057,0.5114357982525848,0.5678501652085405,0.5,0.4875825933862492,0.5717250860236899,0.45301873325986275,0.6974732167841386,0.6634872786005224,0.5173898075744455,0.6669197283901629,0.5177373989535679,0
0.7576975585038312,0.6208237400111953,0.9055283484833285,0.6467879070293528,0.48467124032661896,0.5133525663809336,0.5652097204585834,0.5824621496304275,0.5905825714534327,0.6025173982756017,0.9283014043061723,0.7027309408118747,0
0.176940635343922,0.4341587061414335,0.2301187048577501,0.3654802538630818,0.18721534566357,0.4147130357281017,0.46988690322950977,0.3825175103566543,0.10184294571485017,0.43982456852116103,0.21029448630276515,0.37141055741633966,0
0.5675164473206452,0.4816477264694764,0.9937422484618467,0.6521724005054539,0.3502802685201803,0.2541206431062607,0.20121805057494999,0.2742614873778231,0.0571163551153952,0.42099740654858825,0.9813843307936514,0.5886111773957448,0
0.8748636500756545,0.5572429067362112,0.8776798771967028,0.5839152570126,0.5212429628253443,0.4168768111563667,0.34841671667493357,0.2614069351333143,0.06234846239018729,0.468899002831622,0.5175999472474225,0.5781962831032632,0
0.455380222074047,0.5443954278948596,0.21031346287896407,0.45438890645829827,0.02872353224617274,0.5018084355022591,0.46959618962100624,0.733116560418198,0.8968431161081869,0.5269590078170088,0.24532221057738707,0.5088844434065146,1
0.5733637055140866,0.4989360107367396,0.1344966086853479,0.4177573229615777,0.4090669365250962,0.24047465305301632,0.24304891121527436,0.3366508676592072,0.10176606121984766,0.4435414101056121,0.1436886916135666,0.3855149748809982,0
0.687176937777955,0.46625728008583145,0.2075225307959611,0.4201571822880238,0.13108499566774978,0.33257996005256085,0.4248048812110614,0.3534200566335582,0.4657816192780664,0.48240963049176294,0.10430764503655562,0.36728330908644635,1
0.06217191678355202,0.3472717889816408,0.31138552686309096,0.3851675098872021,0.512588049015036,0.519973235660689,0.3286942003868841,0.43273765196807074,0.27409789455899036,0.3699182287363642,0.30616916423810886,0.3224413924649103,1
0.6644371856814456,0.5207445458682154,0.036025556908347085,0.3561990672605296,0.6238412707251623,0.5442950049039671,0.5244799643497005,0.48909717209535675,0.3044569568702275,0.5152791408562076,0.09575539748762381,0.35045468015082887,0
0.16192530593624288,0.4937886057169848,0.03993379611204005,0.387588385710836,0.9826601907690993,0.850280192432544,0.7519834145469164,0.7340596798792816,0.8873007862622648,0.5814281507418114,0.12882864076964445,0.5,0
0.32013778946460075,0.39931491417152293,0.8915562077202189,0.4534681338242064,0.31113512583120395,0.6546183826183029,0.3466029071144759,0.4470471907318707,0.17096754312047577,0.3787288002183579,0.8566715929535493,0.4496603266425639,0
0.10004297175068586,0.392949858240273,0.1871388713130984,0.37977107920014885,0.8132563071166145,0.7236969362182448,0.4778004892165322,0.611556910315252,0.13312610249204895,0.47088681544561867,0.2769800206738149,0.37308747958176763,0
0.08440492898907455,0.43591209426800837,0.08021413627239363,0.313470013511625,0.34857212884241984,0.37796368838233946,0.25673813863682327,0.2163747171710439,0.006987989851849111,0.35660465880677494,0.030591832921899334,0.2570074924376277,0
0.5489310056073021,0.5534163467905857,0.6949993061530484,0.5195300056676603,0.043447983469757104,0.259483450970243,0.2701084102427355,0.23230198643845773,0.014187274268040945,0.477823487365303,0.38812256795885086,0.4632173727134465,1
0.39727316252963335,0.577662461196485,0.28884847362635624,0.5959894613903851,0.22334586402635115,0.36341144910803586,0.4630362514144719,0.33601682898476365,0.04040042263906857,0.5185318595340771,0.3115243124343217,0.5840461357940908,0
0.12243514841290735,0.41417366044167275,0.21486260040558172,0.3292333614470885,0.8672675370667935,0.802169297953832,0.7555239149911431,0.7548134818037182,0.8189446774134438,0.4926517597968378,0.5458143424630507,0.41408268573956025,1
0.4159628861179752,0.42474094853275096,0.13151080917957372,0.3812332146654534,0.43341683232271055,0.5270933306729909,0.5941170044630084,0.40280757353557356,0.7816585766257685,0.45927822842338767,0.31765095760088286,0.4250978973625989,1
0.21329076013624543,0.4394461068098829,0.12385534192017897,0.3352745969368788,0.4634779038318805,0.6136892887773612,0.3655164695702201,0.47671659609674977,0.2865682145812722,0.43752944624858797,0.11527271022066973,0.3125530165297673,1
0.12028563864943499,0.31266296224819035,0.058418498422309166,0.28345829164290187,0.05270782018513018,0.11319218333564618,0.14857686478501883,0.22729824510871866,0.007753873509305476,0.2514580286611194,0.032175756261633215,0.20004637200117,0
0.5229323418814179,0.5456261687198475,0.9468061116556854,0.6109556194883526,0.27891727541334155,0.4475412845047414,0.5439254247515213,0.39413864029676776,0.5033526642044679,0.5337594537311946,0.9665967853362416,0.6454641959406839,1
0.025622454044901245,0.37203865193497454,0.167177019293337,0.29652402003454637,0.7439353566120371,0.3553425371730187,0.4184068217644927,0.33271463851594396,0.35949739444158263,0.3529845186946678,0.27851850900537556,0.2949767951398492,1
0.042644895363204545,0.2712108896524385,0.15191651182114277,0.2605192931303756,0.358172058852311,0.5278934754744533,0.31340437032949675,0.3682707325463195,0.12488194369481162,0.2701829274488724,0.24743680992557993,0.25406364519058455,0
0.08487556398012822,0.2830926672114341,0.19695396426036735,0.24575249024770246,0.02752390628682139,0.027946105250820186,0.1402442938983277,0.2063890859595384,0.002507673999336778,0.2555645683134782,0.14735081791539895,0.18581801773427883,0
0.06761398970157179,0.3746432299020571,0.5226364464645089,0.35429885982706855,0.23999415913898994,0.42872031321709125,0.3831334093406787,0.3158253181232511,0.041028181953606996,0.3000828818904737,0.493659368303183,0.3521209503893496,1
0.6186758676912496,0.601288798813991,0.5159772321677225,0.5618094668217641,0.9582120420290087,0.815803395267764,0.47481261130492497,0.73987114787705,0.8287693363614159,0.5655785797275537,0.2167606956300986,0.5524396186620977,1
0.1862403311154095,0.40193382490062296,0.7345844255795835,0.38738925723203566,0.9534684543264923,0.7328816720778637,0.7591151674587495,0.7752847377034684,0.8688027730041341,0.4451276030592634,0.919080376181128,0.5474541600689105,0
0.32131116296943146,0.4081169936662436,0.2675262993591082,0.37357455968022624,0.4615008054260967,0.6201882656600564,0.45642115664972505,0.519700513153823,0.5426099210231193,0.4654558753916987,0.3473433656524365,0.3954479914808433,1
0.4244580745983852,0.44620652888256285,0.8417753868643346,0.49183997770897087,0.15961803199330205,0.3163082984536923,0.3573201139549275,0.29573868180390794,0.038660925381170726,0.39527245686545126,0.7496174276406016,0.48946743707370605,0
0.08247741325048114,0.3775576040715542,0.49845146956662123,0.40902687256067655,0.06552112357668566,0.21993538937509086,0.33992354844987666,0.2392040434063654,0.023799201006180905,0.34121373768419283,0.5756986186356448,0.4200718109147353,0
0.757128249228308,0.576356336210823,0.6971262847444799,0.6134002341403763,0.6726044815804673,0.7099954237415723,0.6131275241619849,0.7420285047403111,0.9237105058938436,0.6186840667112002,0.8320958358512476,0.6713234588000788,0
0.18963139428565196,0.3630265251926913,0.4965772691709113,0.40377098927847455,0.1677668133750651,0.3932944435589025,0.4049402883652602,0.39784512314884235,0.41027444337542257,0.3446469619517796,0.5056476447233861,0.42195935554045005,0
0.8250835281797956,0.5277994391963662,0.22145931216234588,0.561200994948141,0.7636424047868893,0.5866423950557608,0.5209234545774578,0.4947472572532726,0.3165589013294781,0.5114251007602061,0.22626721154364396,0.5303442932581766,0
0.2719030378767175,0.4653512598742819,0.036286599917343794,0.34769792863395843,0.8039384848291662,0.42371409050241104,0.2235191542240118,0.3411539171164413,0.07470708097830815,0.41462989466551065,0.030370917545186598,0.30502595282635453,0
0.8476535181921303,0.5735111971053148,0.4336503159412676,0.5175391393481454,0.6413290965127841,0.774863336225763,0.7097392231555936,0.739811450113783,0.9715861667072049,0.6279664243515993,0.6924112847959347,0.5728587505654587,0
0.7008939674200698,0.37963501843651276,0.3486975182718479,0.38235426714029813,0.49512077030357143,0.26053221834880824,0.3035675874268448,0.22966454871649827,0.06727506026188573,0.3048850479914017,0.42907548764114956,0.37164160064101254,1
0.33088834687670227,0.47188004003609096,0.22947142921047217,0.40508415138889636,0.19848507378660968,0.48767020088022894,0.3489297374670575,0.38190118777408116,0.45501772239062643,0.4874564045143012,0.17592996737582323,0.3979479946496017,0
0.3675491909276678,0.4577347649570044,0.02543160387472944,0.3843707683278737,0.910975341611175,0.7525120885492748,0.5237342992863807,0.6971966019088341,0.5934408187261613,0.5038564334477543,0.0429526945175933,0.3867738084228008,0
0.19413019395572112,0.39682645222832447,0.8432233067438258,0.48545487406749965,0.6420249787428702,0.7358375836658341,0.5200272526107873,0.6826300181980829,0.5160863915307137,0.4645564192250176,0.7442264319624543,0.5113499190908303,1
0.7903231470287769,0.5387491540049836,0.8419343024121109,0.6027488170781125,0.5993366039612762,0.48627318363134453,0.43093749019401983,0.30583491794623086,0.41480558461753564,0.49986237968695707,0.6668062518990631,0.6324814117755033,0
0.3412519541168529,0.4657624158155369,0.40434126920741464,0.4413624157036348,0.460666378628631,0.44369569352668964,0.2397545394180202,0.2833251375894267,0.06742262334302318,0.43280272865932246,0.2807289095300689,0.4098480645034463,0
0.14738112752866112,0.5053029303833847,0.4252591300273233,0.5,0.06807186579051436,0.3520812138643616,0.5312519857880894,0.5942971514386878,0.2739941365456753,0.5027024818200735,0.25308793175912964,0.5065093107664401,0
0.314343442865464,0.36425348067665836,0.44197775601888944,0.3936768993358497,0.2716826206131844,0.40884354878211143,0.3535257325636303,0.4260700267973771,0.9061212570561019,0.40165043014265617,0.5870394682586273,0.38977837942519916,1
0.8865935882183283,0.5694941670587678,0.9292732258220956,0.6295231454262309,0.8004038192601749,0.7854314725207632,0.7425081138161241,0.8328493470386404,0.9858961252229573,0.6566257408132395,0.9671276704723928,0.7460602166678663,1
0.04146283032094474,0.42927342453014905,0.7363968011918716,0.42105551583108697,0.46872636155607067,0.6953870540590044,0.598855342887334,0.5348598533496363,0.707376023552199,0.5222003421566248,0.7899881453934537,0.4667314475515639,1
0.5699232693539164,0.5236041458656505,0.5478206331834644,0.41882338092442367,0.6733232435442713,0.5923045090721274,0.45834294092723865,0.5166483673456043,0.5290577239266996,0.5333722978784712,0.4241305943868945,0.41033259110668197,1
0.839051789374685,0.4793214868740797,0.4903076084068212,0.4861688798422281,0.044837802182845055,0.12331015305592569,0.1993022851699174,0.1989342074727623,0.5699320829808078,0.4369933231910769,0.26186055576916223,0.39650809256382247,1
0.5309350934592527,0.49494567252888183,0.3061354577909893,0.440805026767606,0.12646778963238792,0.2786752080608266,0.2780773805696698,0.2663390408386071,0.11467050231704799,0.4130331762074737,0.18802644703057617,0.38288387789563694,0
0.16158769300053316,0.3546260945319524,0.06546342058970163,0.23861196512577862,0.38455611408655826,0.280846016395328,0.29741575185200175,0.2944806304844237,0.01248632259208211,0.32040488291155844,0.029035979980430712,0.1872695822703848,0
0.5120459531314067,0.5668902937060989,0.4202765052780269,0.6181040761466332,0.4619591932127592,0.6669292404865946,0.5874358390140376,0.649846910185466,0.32436762124853463,0.5225800817782275,0.34291607948049013,0.646187864737346,0
0.19399253642493103,0.4144761315951064,0.06070054462471688,0.3693892754081574,0.3502260878680979,0.4309471177052554,0.40142172980597046,0.35652734716047646,0.47037334369874617,0.45335438471424583,0.16662018896287842,0.37185205090758516,0
0.0602536320079421,0.3659942582127978,0.1889651744781372,0.3024041957001036,0.39714324871415746,0.4032667181798018,0.3161608826365347,0.36917796164089833,0.10130375933438944,0.3571483199598394,0.15766003660379882,0.2236448251209177,1
0.7515449384949751,0.50953362164041,0.7234129016357397,0.5482691887188007,0.7688406054256277,0.6180506884093779,0.39432885584829813,0.28970574713715114,0.81624189569048,0.518711759744882,0.29636451786569923,0.5555552632590566,0
0.062050862623786736,0.4296105312992038,0.11152476110642047,0.3349924819782912,0.5580936924536325,0.6853481136249623,0.6984001082532587,0.6706775316477709,0.3704008719598942,0.4886976740240162,0.25033589096811465,0.40737760911427096,1
0.9176434463069096,0.5493284360625867,0.6061251561120484,0.536645477805502,0.208799688893365,0.39101224027244136,0.35494267921696054,0.24122470519253786,0.504270102541637,0.5485395594579837,0.5751131217826827,0.5157899255069578,1
0.2196229168255107,0.38963855650855483,0.2200086411479871,0.3867757394321029,0.186449050420247,0.3515239325051572,0.5161487261744928,0.7037312395231476,0.007530730789366614,0.3363881207319368,0.3823411839825569,0.3721153998702894,1
0.4033754587843433,0.4855981495391584,0.8932661451294052,0.5541923451003794,0.7205926162699884,0.5223944015943884,0.4259769789730418,0.3013720068645529,0.5205961771110709,0.4756440648948373,0.79499533594226,0.538106946011212,0
0.016252188760972484,0.33019650715734505,0.038649222408251964,0.2858059690720102,0.9449507285638034,0.7613011352319995,0.6903956526044059,0.7547862467315101,0.685500736978062,0.42074147192415157,0.11576745075682687,0.36648030039412827,0
0.29353984012931494,0.47836605834121515,0.2833837043071434,0.4361296131093141,0.5220474124479653,0.5706060870207431,0.5564148824562135,0.46433163085708706,0.549493621858904,0.502662310326982,0.5399907636612469,0.4512641916557986,0
0.02989159202769137,0.3156784405125118,0.11367093238570196,0.3122632823055842,0.49583773136100606,0.5830627712605627,0.5013546964820124,0.597391026207354,0.36504681939449474,0.35455437525404104,0.16288568398022435,0.34783443443697787,0
0.18802868934070469,0.4678775884564534,0.22537031071619498,0.42066561952399745,0.02502001141101298,0.13473901584042433,0.2797678791155952,0.3030381840161293,0.048233489897274134,0.3810318965775551,0.09401786308161911,0.3285754238100465,0
0.16888113021198647,0.3464171485545191,0.17517480703385338,0.3742534654749218,0.8990843051774767,0.5829516511530193,0.3493527105341347,0.5699363314651084,0.558544329006631,0.3903506770776928,0.2951230024001311,0.3118155924005326,1
0.7539229954717738,0.5308630933980764,0.5680939745722349,0.5630269957130047,0.26740640297987023,0.41478344110296217,0.5134631975992011,0.31412754612720517,0.06979589338263731,0.5002150958478254,0.32894282720683937,0.5,1
0.3748383993612762,0.5110342417720491,0.4923741411699199,0.4600311436615131,0.32938531838605556,0.6681402757900265,0.5696543824202371,0.6056318859916431,0.8413913109191526,0.4911721973953164,0.4997523110248901,0.4488744712073357,1
0.2010352979046402,0.4675699364996002,0.6991595106204473,0.4814946393752285,0.5335147412466911,0.480126710639305,0.4488453174938317,0.36157764746392984,0.057669849946293414,0.42018139499620594,0.6148185059627883,0.4619259547285514,0
0.1303761583088925,0.3815383298726692,0.011710907056853358,0.287035053237582,0.48228389151884,0.40667939117419666,0.32818368217561605,0.34070152387918107,0.05201311254685119,0.3784028523968007,0.004466077020425139,0.23758259551244895,0
0.011138727161024629,0.23781160577540647,0.5407525633090245,0.3313387904688934,0.26452702464455574,0.3200017744559698,0.3333614810485688,0.2884373122203279,0.007589587156458154,0.23828490965808324,0.6312012230359649,0.3100618734915288,0
0.311212294998598,0.37868936930691527,0.290124433173276,0.3450903911043717,0.9906424701553279,0.617358076795265,0.4512670600705263,0.703276672056043,0.7673590401065679,0.37429241356816234,0.4600805730586507,0.3417922873483357,0
0.12676438820823024,0.4140571776845472,0.2291535875400679,0.3529451621296751,0.6397689066367644,0.4776480392651857,0.28611648897793485,0.3381080511321295,0.23476020876387824,0.4506732073980046,0.1917374355372538,0.3048187069556841,1
0.04005462166771866,0.36546644895531794,0.26139816593437154,0.34830732254989,0.1796564781436963,0.3877849381839564,0.29057773458801966,0.28292708364105223,0.021425183424424264,0.2865062678828848,0.25833017808033826,0.28186134526882656,0
0.7168224885304787,0.4797515275243905,0.7557945869688154,0.510387246838036,0.28793131884100776,0.49806603508949976,0.5975949851123924,0.5277110051495105,0.19378154439689713,0.4809511326293979,0.8609635696255484,0.5825645654566914,1
0.38939070648516394,0.5426252625891498,0.4631514202030963,0.37836728969546674,0.9694888755551347,0.7541407706503894,0.7778149101500914,0.827464792915623,0.9383125331881778,0.5505278460500044,0.6625005316382029,0.4331237864846631,1
0.43179028868648106,0.4949084477820327,0.2509367532438907,0.451097475678129,0.24462553895314434,0.41509986786897807,0.4114321800238763,0.3711477633367614,0.15573636794315449,0.43483623037459085,0.20450543989635106,0.3977404520540249,0
0.011219561864892438,0.30688060611839973,0.036877393595660266,0.23951800924744235,0.1312622875033416,0.2738979451483836,0.3656676179553515,0.26996371437602096,0.0205568999934427,0.25428164364348593,0.02911346959133336,0.20166040155651999,0
0.9558140074491497,0.5241217620880481,0.9606544911892073,0.646390519336049,0.6037223335605428,0.47011651309598795,0.6014784962847298,0.6134654099748162,0.9537031280403256,0.5556787088126133,0.9720708723898249,0.6630175118777422,1
0.06630469246152458,0.40310127140288465,0.04160603849115195,0.21765964791057207,0.662543368056578,0.49340041912289573,0.5178349113644546,0.3645894880607732,0.47229594741580144,0.4631694719776825,0.09622538205962597,0.21690205660412462,0
0.057189488079034394,0.40104396912606777,0.702820800692993,0.4472169872827131,0.13241483402309015,0.2253389181026948,0.23721702951563514,0.28973870826546655,0.04523108938666724,0.33848053996493055,0.6099631676209148,0.3628103516725185,0
0.320405520065922,0.4975201018763633,0.022640146905061248,0.3752276377778558,0.03912682307206422,0.1764603464903917,0.21962202610903125,0.16124413960979483,0.24004866456666782,0.4750010363926724,0.012452581107418387,0.2852296066875486,0
0.6511686693609405,0.61174466500127,0.8160562980422382,0.6978571246443911,0.4897939516651775,0.6430833243471862,0.6521226841613478,0.5326288774743146,0.8612197114244471,0.6324149720462929,0.9029964246623826,0.7415006962319117,1
0.024059200775184628,0.2664991224490738,0.2914910705826548,0.2644251501706563,0.6026542075064935,0.49910718877438454,0.5034665359256294,0.5536022387884908,0.11202408275684188,0.31989462585298767,0.7347130173490373,0.2947889233957728,0
0.12697933965096062,0.4838791674201839,0.5186304650178507,0.5665576364654323,0.3482943186562643,0.488764439194705,0.5709613370797502,0.5275565753871972,0.07771593856497662,0.5048538334944658,0.6582224032486805,0.574882970967557,0
0.5876360247212918,0.5895385885053575,0.8078880597379333,0.5874636096027549,0.9491676428934128,0.8257698463787624,0.8119573961901498,0.7989860362561865,0.9676805620030999,0.6372306346497122,0.9016375713979511,0.630879002083758,1
0.7486121424530325,0.5768494949709361,0.4213366209088288,0.5911256248264782,0.387318284283483,0.45621764863724196,0.4158696146355091,0.2604017486455321,0.1497793248045795,0.4665837637795291,0.2116728520680753,0.5076357025194594,0
0.8968011810025086,0.629276222643487,0.9479887039692506,0.6926194046867686,0.5116883113534473,0.5305625544714229,0.5383265240051239,0.6209709107535808,0.8910155491180018,0.5735366807454854,0.9387343992537223,0.6802270177454095,0
0.03270463856961786,0.32463306638327327,0.19997484277119804,0.2678403664548826,0.1335208076992711,0.13418354459607765,0.18662135316839798,0.21420655501936792,0.006249635971446567,0.24639827986001306,0.09076790907843992,0.18244928131610974,0
0.009995251988071217,0.2683361426445194,0.0330518705926274,0.19997795816561392,0.6562369608967442,0.44019199161516526,0.39470647638884193,0.3399269657734446,0.29510858754802444,0.30599118084269517,0.03937813835052671,0.18923313970328823,0
0.015213578614027775,0.327492979143314,0.05548914235440658,0.2606906089015437,0.05595630900187052,0.18602404042907605,0.16054629732557382,0.18154116924527172,0.005281900345347152,0.2665336002082565,0.01846589945134212,0.16478770845446217,0
0.22416503500369125,0.4891889253051346,0.03324501034060721,0.3603339181866188,0.5169022732916575,0.5242145086650233,0.4944364228009619,0.46124428133597256,0.5545667958147596,0.499233431775744,0.045723189088726086,0.3402241646742121,0
0.45874580961258143,0.5026181236093298,0.659966342510692,0.4803716153920879,0.0892405212215483,0.2820085526206537,0.2555062035766637,0.2510364780237046,0.4312060394648223,0.5330942762143474,0.4845368066875626,0.45421024186632597,0
0.1259089969489736,0.5060588959799057,0.14878653602755149,0.38373490018202916,0.16422604828155282,0.36808256558823305,0.34059892405244363,0.3445321544805242,0.06431504723585055,0.4227829573130507,0.09520096895482284,0.3426142736424836,1
0.7392834095096832,0.5243791880903921,0.36063909887174456,0.5,0.20109297154856154,0.3736570686900758,0.4559800439554351,0.31336620561467377,0.5186307431706848,0.5441422163533636,0.4353901028792096,0.5200271543247112,0
0.7074270343833321,0.5476500194532246,0.5745550673170042,0.6154187167390158,0.4645865496483586,0.48670909373283583,0.3783072443376103,0.28509032717448296,0.46946841701316505,0.574103831025269,0.6508379198616165,0.5915835913149011,1
0.24623118937207866,0.4747385720374506,0.14747210390246504,0.358778516288178,0.03657393508441866,0.23572987064003678,0.16216475435969296,0.2567315536331225,0.11386397406456648,0.41830913533997427,0.05436824756218193,0.2950003672959137,0
0.6209770084516639,0.5114242097960943,0.42203956245646307,0.5226288957881388,0.983387223717971,0.8802222840554544,0.9460516913820614,0.6454776119388523,0.8934271839203208,0.5656629560896028,0.9828988643398466,0.6715269551501774,1
0.015073631582213542,0.36334497537939825,0.014617526332936996,0.240922736835502,0.7399123641996526,0.6416685665605488,0.4773950795021059,0.5328373934452588,0.10510433208879921,0.4145714990751588,0.013538034717234942,0.23801053909533354,0
0.09929751926993914,0.3893941621556618,0.030122711787273743,0.29799695062370546,0.47090370547444954,0.6157463220445748,0.5699483089485129,0.5588330570878549,0.5118024713655854,0.49111015750955855,0.07268108768272744,0.31966407283778936,0
0.265881434286691,0.416452033942042,0.8431595096781473,0.4095905452487183,0.6669692416994698,0.7820571046209007,0.6407606954681393,0.6648043692043807,0.9732851879620159,0.5698573951471267,0.9360120215281669,0.550030440559123,1
0.5909645714593662,0.47273910419768106,0.8977983067112567,0.512578078071141,0.4595269517399567,0.6175897642203366,0.5722952552455426,0.6390343150012039,0.61970924392974,0.47066461262163517,0.9219765135486993,0.5176808285239961,0
0.7590763912345182,0.4603911258176959,0.8058947039564976,0.4055922202667561,0.6853616411677544,0.8364243298179567,0.7744042106183164,0.7706830149275651,0.9903128801831813,0.5903542337451366,0.9524687773194151,0.5217295982515096,1
0.6970491231067848,0.49201240248097466,0.26195725739541115,0.44112802238798005,0.1501857901813308,0.570425087203139,0.7274782902001047,0.44829191752786357,0.8766600551830045,0.5530563855348795,0.6336437263949668,0.6080512475205204,1
0.007318705625496191,0.380214150831544,0.15431289437345336,0.31082188959978463,0.8995050216327469,0.6551517410348254,0.32810106171618925,0.39468285873453995,0.06544473353273163,0.3675089115204945,0.07427296478507216,0.27559519942571464,0
0.10456245552022687,0.3757798875813845,0.9095500059459424,0.5,0.8949556359454589,0.632446174519955,0.5452804388266884,0.5724993110549369,0.3493729140267943,0.41821052712886897,0.922458290718235,0.5256780172099905,1
0.4356661343888151,0.43843951771150336,0.39010260815821834,0.39870487487484035,0.31195207869332264,0.23792131742220196,0.3359163846324849,0.31642067193153167,0.1466996785379367,0.45080475089802785,0.2634039618192588,0.3694892720685609,0
0.5721166688804653,0.5487572924042668,0.5921250263367531,0.5289733538619272,0.8156417760982498,0.6478230200888384,0.542970455338235,0.6219647451248497,0.8247438366581253,0.5546304447713897,0.5100616075346731,0.5521293540829433,1
0.8457732346456962,0.583181988063576,0.7693735827020766,0.6575980848501166,0.6461596544266726,0.6265994689032951,0.5007396357004876,0.5500121624388703,0.9175490951362647,0.6408176011010828,0.748662721452877,0.6450871865987166,1
0.15453025532280837,0.4587001117027928,0.3028909891998076,0.4162282982119655,0.8083074916120859,0.6773659925047766,0.609603071978593,0.6880952751841982,0.48803774485622065,0.5082082214488463,0.5504729801278071,0.4517489065147408,1
0.35322023164022265,0.4782609266912462,0.8160716477199251,0.5132663444721718,0.7159321551214547,0.4874506504978953,0.5293701633871533,0.5784141655485479,0.502982610350377,0.47459705956527615,0.8493046247409307,0.47690958012305434,0
0.15952165391179263,0.4202448741995223,0.18958480388392968,0.5198895803442252,0.03835276525118252,0.20291610100634905,0.10992875717401814,0.2675174093599527,0.055325212674648364,0.3504868563085939,0.08816750809239918,0.4147355981146594,0
0.9637378970186085,0.6179776633770087,0.5953168188815264,0.6326404754622063,0.6200964513549229,0.44583191863824717,0.37044042729270904,0.6368966261428893,0.2596700164619614,0.5593528834240376,0.3827050280938814,0.630896465434308,0
0.8603750410994875,0.5352417746708431,0.5415492591784583,0.4878867428211206,0.3903580907649738,0.4465463783684587,0.5395786039309729,0.5379610773664525,0.22157087050624444,0.5032043035722918,0.6627224215270847,0.468076148590461,0
0.13467613485122426,0.41282226082641443,0.36981065271412533,0.45033604171901187,0.07162951145580608,0.09627627565558253,0.1337190060500087,0.2531944428883163,0.05460569923394385,0.3028174398332805,0.09847835200204114,0.3064839605310435,0
0.6796554075067388,0.6007134150748181,0.733622387020712,0.6446954998322009,0.6455079127572209,0.5495268020832101,0.5220314639159893,0.5347314696275924,0.8935164000565627,0.6228069875930737,0.6552961007630074,0.6530187538799939,0
0.15926455588228244,0.4864893330151452,0.10090076375699576,0.43710822763535306,0.6883463298815555,0.7168629988711971,0.7900636134353402,0.7072433991798592,0.9145851130716924,0.5393230564640239,0.6832882915000488,0.5,1
0.0465895840284519,0.39829148191582797,0.21132624047358156,0.40194876178291944,0.5055901096387321,0.3241398797762012,0.39803552653167745,0.37249705633211644,0.09162930896934456,0.33433747817662823,0.21574031019224094,0.4056413104628043,0
0.5599486985379543,0.6015956707155439,0.07260063827302722,0.5490362455055227,0.0859968919556286,0.37127475842812846,0.5453521732071858,0.41972759305024443,0.01574682490022742,0.5362421163848511,0.024110309817032508,0.5186276382509822,0
0.3728881146057606,0.4590910311220326,0.34344886892882637,0.46658936429723236,0.616249119249667,0.6428606313012772,0.40461664972155975,0.5226673209554994,0.5126026746060278,0.5007669962511565,0.36252655036782044,0.5,1
0.6557454008794698,0.5556564256725463,0.5825558728233522,0.6116970340570158,0.6467242896072524,0.5302564258233856,0.4502174104482279,0.3946053359360876,0.5229733392388712,0.49303298454611433,0.48083167076452454,0.6093292385530117,1
0.2939913897919943,0.46149073035563476,0.21278646326385195,0.4459925603881124,0.9954688025251484,0.8896902599544688,0.8028160930407525,0.860324540312088,0.9617719861434518,0.5658990764879811,0.5314865710271713,0.5915259010548809,1
0.9805383185133755,0.5974090198757883,0.9954143421841323,0.7757986302368309,0.4674914888553972,0.5224317730855195,0.3668910193673444,0.4476590375528831,0.9770045628727599,0.5939244746091172,0.9967995087060063,0.8149623257489547,0
0.16500048062374556,0.42348885681335724,0.3093632172237765,0.3377995588641783,0.24020635545764174,0.360776423417705,0.34359595327225995,0.2960610172694366,0.37879173802732113,0.3921689336226547,0.2767319048479128,0.28770819675478854,0
0.9876565349889328,0.603722128981446,0.9935282459213961,0.7281662809770747,0.39575207509317406,0.553189907369585,0.5293196678341109,0.5653474552521668,0.5684172689094512,0.5944147905038722,0.9933044553488904,0.7750880898414427,1
0.7832153945207477,0.6400913102961246,0.4294541552625457,0.5866628378122087,0.556705877809261,0.6051038496208516,0.5115545344588959,0.5313511783401463,0.6153736691812571,0.5813797204649485,0.2849796131379968,0.5722501244711798,1
0.324241466047851,0.3415673629904687,0.18498456568521907,0.30254665483201887,0.1416570907913068,0.37082243959978556,0.3598982808500592,0.3562037480425505,0.5307764611115119,0.3942427383724151,0.1337180295848637,0.24044065444422327,0
0.07015070419084471,0.4189239467099772,0.7225045057826963,0.4021659937932411,0.5174430989262817,0.39566071687490867,0.2877551729051387,0.34601190070555227,0.025926685080053864,0.40024996211484165,0.6169204911004283,0.35846907887903706,1
0.45114879937241625,0.5131428298912829,0.5440504888124161,0.5753729555322737,0.19123602039282134,0.44443271955709074,0.34669711205726234,0.2598297642519638,0.033970484251233,0.488858063322208,0.42708415393757204,0.523398912715876,1
0.7677900071792769,0.6357769243748665,0.44070607078801316,0.6442151898460626,0.39371175459619945,0.34372367166684387,0.3775252201675498,0.22593713108553964,0.19218389403921854,0.5230689987252306,0.3586351415030976,0.5555665745643169,0
0.23864294514836468,0.4976942569295304,0.3285415926352621,0.4762784437657974,0.4974937416391001,0.4944350379776789,0.4372595743771324,0.35522456288845494,0.221421232620912,0.42636932399228383,0.333611199376586,0.4699148012704364,0
0.8431483111910058,0.5857192990796869,0.7561148198790678,0.6545116367233478,0.6238141311503808,0.43660631220068835,0.3994147415455371,0.35745130185746976,0.39662541438724613,0.5550840349222473,0.5148146555627761,0.6457398963861546,1
0.9164041723882252,0.554969688526032,0.8084220031849528,0.6576975446835485,0.9919199362716304,0.9162203306293537,0.9439985916724601,0.7867695723129002,0.9984908939637045,0.6813300964645861,0.9907881539186226,0.8525397181681136,1
0.17558903250468352,0.46078728921724127,0.15811325412684876,0.42961170697064743,0.5891521080361667,0.6123135266140137,0.6129508348693683,0.5521662689855469,0.8237635052950143,0.5267055133663225,0.39682425465219706,0.4885432403339476,1
0.7732930529313368,0.4738674933036099,0.8099267788419523,0.5701157306379849,0.9393113562226247,0.7746934310266973,0.6683286598268479,0.7737937760722854,0.9483419530361872,0.5763372483174961,0.9241778210920207,0.6625004961279785,0
0.48795779154157937,0.45412561537175755,0.7963377461935555,0.57746096218223,0.3218263273312505,0.5629851697026735,0.5553791261846912,0.5294560648522906,0.8449634069192925,0.5157689275104482,0.8767197644761948,0.6322003214938879,0
0.031668999545784386,0.3196299341164496,0.45423752488568464,0.29690429697625054,0.2632870672469658,0.4190721063633003,0.26776570276719414,0.2693645886860716,0.035074569983109004,0.27115335482337,0.35478057746729524,0.21884943195626652,0
0.29984457420837046,0.5788617995513422,0.10604517029804715,0.5303960125293385,0.495049296534366,0.5754921678861336,0.3213846224303094,0.6013675326643299,0.43568874507517663,0.49746308710794446,0.12521996392563295,0.4772510186343665,1
0.22904010633534733,0.3696487734415396,0.12051285258452053,0.2967897711572693,0.7030647110736578,0.5458916650807178,0.3772484264804573,0.43035845475578766,0.11406252039836079,0.4168112174620945,0.1503214857292917,0.2779155722519222,0
0.6944932124180023,0.5755616601585068,0.4652834275465711,0.5640397437477489,0.5047764110537062,0.6290153915992908,0.5706242694341797,0.5525574337500038,0.8882638557651977,0.6201899245894539,0.6168471779821949,0.6214099521658472,1
0.15333400723156557,0.5186764466670372,0.23487768154664748,0.4087322587483208,0.2888817717403609,0.23908375186674372,0.2277213261016023,0.2464070383106388,0.06301063760191097,0.5050651526270248,0.1247701080117917,0.30112442324566313,1
0.19349168952963577,0.45186176575108145,0.19757105278223175,0.39269667374704575,0.8344730249298257,0.6096926375903741,0.41805883176349895,0.5725765344408822,0.029001190192994644,0.411169283239115,0.2893680045332886,0.37702232746788245,1
0.8349833577962128,0.6010630432335318,0.1576825737980489,0.6105655356203373,0.5554404956647035,0.29335205414085963,0.4499806855065104,0.284617249351821,0.2782624317917896,0.49341016482452443,0.10786464883580761,0.5775646930207731,0
0.6743648115649233,0.529383703156017,0.5222519041824881,0.4215164788783964,0.8238511148920011,0.5693514089615233,0.39197269062706563,0.28366417896944374,0.2124410101829645,0.48072578101251356,0.5032667641284431,0.3756823225089135,1
0.8133732778140944,0.578508447776857,0.6657086168289799,0.6415887327679651,0.8674318372306707,0.7845897402319013,0.672561673233242,0.8311839332974262,0.8856127396085719,0.6297037032385351,0.5823157730210125,0.694252316976839,0
0.02292477288687715,0.306976810289516,0.38796931029495824,0.38851838103459974,0.6002701860580923,0.5023297755096207,0.29148660465956194,0.39947787426892073,0.36857503496866706,0.3092391154376898,0.3791337430059275,0.34770629286099247,0
0.18181188579683757,0.38824982371450534,0.3625001929749138,0.3852887503196702,0.8045999829218545,0.6600896430310224,0.6630271778362935,0.6171683427126852,0.29625031262983825,0.434507169233401,0.44050926573810706,0.4458858294615168,1
0.2166010526382244,0.4467967243012378,0.18144991406818903,0.35709824489337383,0.20232012855567297,0.3848433768251015,0.3498800255924349,0.33429649965427555,0.02633820267313598,0.42901903411216286,0.150092050301893,0.29229362132109105,0
0.3382928258610822,0.5104471888497314,0.5383699518968257,0.4349051340259765,0.7998402534270644,0.7826457907004502,0.5275516969114944,0.6541683664085498,0.874053233009096,0.5676151899350693,0.8602717954924558,0.4802253071256421,1
0.4226946538707807,0.5275244181828117,0.10159887719865314,0.4811102419961897,0.5518228525994184,0.6493350891749228,0.6526580993385983,0.7035591666330351,0.8182256803010098,0.5696378021008901,0.5744122038264875,0.5145103036084491,1
0.47475206964079514,0.42536350851659505,0.8651251539659836,0.5,0.9510402961653129,0.7373660289296688,0.5439229963645728,0.6210205973944461,0.8697564833142346,0.5071835113828835,0.9328504258274308,0.5808179682168836,1
0.177628429164283,0.38303190068899523,0.843020361034056,0.45924095505070844,0.5568406447142464,0.4238816159106425,0.2866583240416737,0.2894783952700512,0.05952856811207454,0.34592400690766917,0.727850448047199,0.41968893219729114,0
0.6644008377057667,0.5675254920482327,0.32233372195061194,0.5717939794027261,0.19852982469012084,0.373005553816136,0.4418600314202243,0.3144745909978769,0.5834456779354734,0.5569965784444411,0.3940815961927485,0.6193832542794471,1
0.1385519983118962,0.4719373225356229,0.1951604483052607,0.39482929740446454,0.6353651574597213,0.45020641919817583,0.4435690719670276,0.3934582363435755,0.0819165147470851,0.45776696692093555,0.10452809332136294,0.32837731245364243,0
0.06921598934687352,0.3808957369751171,0.208821878956987,0.3877096890115695,0.4659544741514077,0.33820543499503136,0.2951527354915941,0.5485880076050035,0.06199990459015111,0.3415431172608554,0.12344050712109207,0.33958101097384197,1
0.2162995704532379,0.4277085916741478,0.6352447748745176,0.4764281101417865,0.9606071782248843,0.7884065559953021,0.38523284024693316,0.5508746556709982,0.6813777729567998,0.44977995454717845,0.5760334555070132,0.4864728255748711,1
0.11900733382751472,0.4037308609512246,0.34548345748328335,0.38069447796066164,0.4776378339630014,0.4463417843085895,0.43588049432050346,0.4250187205871628,0.01917661194733189,0.38719661622609797,0.2980102037286493,0.36952750583633603,0
0.20457743720663177,0.4309658480783223,0.1515800961724153,0.38278975151139,0.217998252343779,0.530073281276103,0.4086543151193215,0.5982802560187023,0.7840489452044538,0.4238711907414568,0.20017116294598228,0.3848578077168393,1
0.018851635187879558,0.3170870085055888,0.07135061837689673,0.31765668003257164,0.07502874146843792,0.22700625186182602,0.23891649109730678,0.25155854686766693,0.015423755756993278,0.27217241295490757,0.04723124058396205,0.22540444023857817,0
0.06633102343292424,0.26170397979514126,0.03407623818418275,0.18617108667212703,0.3573852902717813,0.5117693119411237,0.4212530731200168,0.4645794535825923,0.03720488716385496,0.33446062011501765,0.030102989265251238,0.14366985562398943,0
0.4476493202881524,0.4267509811650187,0.5138135023388746,0.4778945036154481,0.012651014485289696,0.09074954108744142,0.21596892319094776,0.20223187062469772,0.04964885008300205,0.42459283074234844,0.13832681262213659,0.4224337583803475,0
0.6580464754059465,0.5552655060004996,0.5729855656665425,0.5742477491333623,0.2765099753819934,0.44069640639171903,0.5449185317811384,0.3999737754171906,0.2916533604675738,0.5225959426868766,0.29028742556160736,0.5533676017018769,0
0.4191401106484225,0.5808438894090187,0.6535479436680629,0.5212486195720412,0.9422818394765944,0.7987054008822663,0.9550228000435262,0.7055833351932213,0.9746002319267983,0.6010876668118864,0.9676591131484338,0.7253634229474649,1
0.4261268672544847,0.5224558664815177,0.39710517531360023,0.5502024564843467,0.935127785547384,0.719727920073543,0.5590404716724243,0.6535956267138338,0.7576773918880189,0.5368278330578046,0.3164403252472446,0.547183098595956,1
0.5498686775382606,0.5198087720164887,0.4700737516864628,0.5097149045231671,0.16301577742844886,0.43842661134490696,0.3078965460448138,0.30146439455163143,0.7876413186560691,0.5162731078393347,0.32302506157972793,0.47892901791622805,0
0.1554794496308982,0.3595089845770893,0.1899671733762366,0.38498568437504166,0.20080231527941536,0.4041145750541961,0.27929999339968686,0.38227632900254416,0.21177486357800365,0.38786619030062675,0.13981792153294598,0.31543033588586267,1
0.266442610566614,0.48665178299893413,0.4402911965768185,0.38336400058764486,0.8279553792126573,0.6614052153624652,0.567988301027249,0.6370212419313658,0.10431352991366788,0.4451894832031949,0.4852018614269078,0.3828323176257533,1
0.4969723239660143,0.36524397902934885,0.6714870360470003,0.43663995819276796,0.5788616765862324,0.672421034268801,0.5407064564508708,0.5,0.8235444399313543,0.4688232531885795,0.8927760351070424,0.554480386059201,1
0.5219125863958909,0.48284761790418,0.5634187984985766,0.4330919498713116,0.06792126079124647,0.32012600556856186,0.3521332606060602,0.32112525332988023,0.5117326909667799,0.45846505079573246,0.37899245338048443,0.39678017845910035,0
0.8550609934391479,0.6164076190500497,0.6555077169739982,0.683746861437403,0.19501657392372862,0.46236816266145875,0.5763445551368065,0.4843330945592547,0.8924389144661493,0.5661107903877093,0.7769593794624445,0.7468935295380413,1
0.027318278157251276,0.3373002023788439,0.15023819956470452,0.28820888710090925,0.28003992715676074,0.5695803082358344,0.46524297708548484,0.738220631053001,0.49045844187345017,0.3888542160354153,0.1762145385525126,0.283693467644556,0
0.0075551694027445725,0.3629516446685722,0.05927039390314776,0.24708179840594588,0.8768328813007592,0.6480977201620689,0.5512647297102994,0.619509575591579,0.022888578172129147,0.382141993601256,0.17946904719909865,0.27692607987547563,0
0.7641668498732506,0.524271704723288,0.4174038255863446,0.5181167962525542,0.7074734845249946,0.740161705892683,0.6945277115996382,0.7164877313528932,0.586506038879533,0.555219787859395,0.7225129765295601,0.5652261763070444,0
0.9213140310137342,0.5443596351619864,0.39261948774971744,0.5627132440718915,0.20336533757462616,0.40160846663029115,0.34394470004374367,0.3419148718135699,0.8866830026306073,0.5543837249026482,0.3540065758316752,0.5938142423984704,0
0.5413922617101101,0.5527289764894516,0.5203802666423616,0.6447557063463943,0.6652936220017999,0.6834834070937771,0.5945832264275988,0.5369131796059408,0.8286369601837121,0.5977791738716195,0.36076001341877095,0.6466294896554253,1
0.43811360336353766,0.5487774063531902,0.8408232668694628,0.5772687208810894,0.301670038711333,0.6079854301097944,0.5837321534364505,0.7235769722681635,0.5103928800488338,0.5498215357204941,0.8556780069471615,0.6209885961158648,0
0.9263342060230577,0.5775265438321079,0.3303319805279437,0.6081872095925763,0.9274231558707144,0.620307114098072,0.46796545077385754,0.5201930212716036,0.6135948267283843,0.5716056789053099,0.2552647417552518,0.6428178799441265,1
0.8044947670508901,0.438691421671154,0.6728076252302214,0.4441723459045327,0.0668753766595667,0.1928579421992764,0.19828938226697876,0.26240181745510516,0.09295627070674255,0.39393962215475087,0.4500770950743696,0.3601693581518354,0
0.4590231108649512,0.48240456058529585,0.3158777781120718,0.44951514317858754,0.2692063205857282,0.501842387858904,0.7019529985269134,0.5669102485637358,0.4591492824720247,0.5330383317561194,0.5298422313722665,0.5436932217995555,1
0.7032904792994562,0.5118917730687418,0.8065340575860969,0.646053854169207,0.1713320719569875,0.29647911983803016,0.2314908911333526,0.29416142643995,0.27348328417707085,0.49892531044768146,0.5828420221409568,0.6136499390078964,0
0.8240878651467857,0.5044998631066919,0.49105751727051866,0.5,0.36556412313717424,0.4592405917878936,0.28187355351048177,0.2749148987457854,0.2433641428622858,0.4282320660663241,0.3839741114599107,0.475176457550557,0
0.0452298515085485,0.39218233374254247,0.10331713352422583,0.30224151284818734,0.10346958205098945,0.13902008644343894,0.18993079284399164,0.21319836402060927,0.050274626020386334,0.34532103140276615,0.03508632381144751,0.21999663092793806,0
0.5891506436031049,0.5479607578430775,0.19479594343092627,0.5074568654462565,0.2833607422003453,0.48063113588088435,0.5639508074748243,0.5153589784319182,0.1690925793725998,0.5531451452087064,0.39368998962552815,0.5297501739785122,1
0.7775094347969376,0.48868052389244776,0.9811899707841252,0.5920706768870942,0.343789863200359,0.618819009901019,0.6869369178231828,0.6921966706294623,0.9487207554432908,0.5672782275872518,0.9860236148095513,0.6584487919860595,1
0.015235567163687888,0.36948426242931537,0.07185900285145239,0.282326482811078,0.5543122398448211,0.5450988288073014,0.4688283264960569,0.4452219149391854,0.2552025382167045,0.43174914300593314,0.035156032245248776,0.2498046751143549,1
0.5056198177272375,0.5452835720446753,0.29804609125372883,0.5924922586113295,0.29290293147120344,0.4544532816783625,0.4463650293171006,0.3559659294872693,0.45864446641743367,0.5189186759762257,0.345142828385848,0.5240906964554379,1
0.4001418794794109,0.4030986919070119,0.18174113825064414,0.2918221244529935,0.7458169899609814,0.6942285337003673,0.41898352808247386,0.6580135168358865,0.7001625876075498,0.42113119557842055,0.20922099354921592,0.24635090644695873,1
0.8573511493352459,0.5710833799419041,0.48740904524138146,0.5721656911771689,0.26450961583570076,0.455122022749939,0.4833654925670551,0.37484769267538715,0.9182951566399693,0.6184812938155048,0.4771383366327883,0.6261697359950265,1
0.7835847514152667,0.5920445356513039,0.4526210428741695,0.6158603092664524,0.6857025647155212,0.7581270113658991,0.5499642130874798,0.5507453823627295,0.9430782104445686,0.5624496625254469,0.39998724610288167,0.6299913997507641,1
0.19667163343624622,0.44114470064773087,0.4906566180400667,0.5,0.08905427858191027,0.20323020124847205,0.22172047715242696,0.24690039699406252,0.0194506886306222,0.44679297947193164,0.2665829775832858,0.41643981929262247,0
0.38221801498149016,0.45989191187146555,0.32616933896255224,0.4753702318874701,0.7004461169819758,0.5068003148070509,0.4271832883966362,0.34258993572986907,0.02031439074162338,0.41405734556053764,0.3013492876861724,0.4727381525368227,1
0.6429295307928128,0.5396053068596188,0.4509977274605704,0.4767605264946711,0.8262544216309182,0.7112272857173978,0.7088802961145028,0.6017424778400634,0.7006947478787301,0.606450090779332,0.4097221871761042,0.5691008329735252,0
0.4682778717078479,0.5502486530941472,0.7934076780356077,0.5563570313685692,0.9547239836229975,0.5572274733711764,0.4262289341992572,0.3842421562265877,0.7551823291643232,0.6073731085641217,0.6745642441590378,0.5462057165188029,1
0.4362049897819111,0.5362667064768162,0.5891842318764594,0.5528202874577475,0.8688658371782295,0.6739100319300181,0.5641796833361319,0.5774055128060792,0.9183691624411294,0.5599733706266595,0.3974192321702366,0.5638671022163183,1
0.06576632269079516,0.3892480153479621,0.29278918124096487,0.30074567530793594,0.8345104907884019,0.785454418371845,0.6968501288202591,0.7607347464557112,0.8767263694002477,0.5004827021748031,0.7314295652665161,0.41116764094931035,0
0.6022024918305315,0.5322904728646375,0.16378247658591755,0.42626981460738106,0.9501620620764426,0.7656485938766052,0.6979124421279904,0.8213031534857651,0.9723582308520818,0.5712551383631121,0.32481801512605996,0.5210322978154814,0
0.5014435673058126,0.5848507787860846,0.6596540306454034,0.572376562390437,0.07361066188187763,0.36483607550595926,0.4956290959754721,0.4774601549774127,0.20294068914785462,0.4965699783902347,0.5433730501913269,0.5749060372629736,0
0.8781718422425191,0.5440189773464918,0.3627704161171876,0.6155846169187943,0.9923819305604001,0.855843296072506,0.8273724281317085,0.8709616704898608,0.9892446527878564,0.6209078075526645,0.6845946755563833,0.7583261970281371,1
0.6965826557731036,0.5711626288762521,0.5943748489614622,0.6317399497784488,0.6569648331307887,0.7256605956670484,0.7376358417462129,0.6231626762882092,0.9834274359816272,0.6027984131313728,0.5648401612319456,0.6451396199376337,1
0.44369637530818695,0.3568854972295321,0.7562164205394897,0.3495090747485507,0.6027724439969564,0.6109706339782557,0.7494702226785179,0.5184370380947364,0.8956465132375815,0.4356688415595618,0.906285527202909,0.46200734048852765,0
0.36385589208223723,0.4612166939547861,0.7354933403275123,0.5236742313000358,0.9576346521331757,0.8594773503988735,0.7912067532877638,0.8439016077236052,0.9931240784632154,0.5998448549076114,0.9423276063609952,0.6734172968226186,1
0.4759530296482771,0.5138955888798655,0.28824624912865243,0.46012504728948267,0.8361698627045258,0.8696438689894523,0.8147244595383633,0.7736852315027969,0.9404198286206387,0.5812464060796914,0.6805227733374635,0.5642832174090862,1
0.16055549049139065,0.48236736338335684,0.04643931869885796,0.36334089735817865,0.5276972488580894,0.4555644107595242,0.3162343757439604,0.37908041542369497,0.417220737521016,0.5234699406437725,0.034487005454542224,0.288857508580155,0
0.8673764371415242,0.574974849614303,0.9323662909513077,0.6825428220321075,0.251650259838296,0.4127717269835496,0.46275960972207525,0.388708559589521,0.8204870641997996,0.5812416526915776,0.9555317596821526,0.7371215417262628,1
0.2066626721628263,0.48194463845531177,0.6258279957528688,0.5,0.283657273163789,0.5131615483134845,0.31641946506463287,0.5417431557522057,0.04208723202683496,0.4552286654212763,0.24175995845169482,0.4439933400736487,0
0.6439269741104373,0.5540310880020732,0.9457024146067835,0.5904249798236146,0.1228731806140879,0.2764956230401342,0.5165199087655795,0.32838654990928545,0.10988225189645402,0.5344165871762966,0.9417826096005038,0.5797301651504615,0
0.781291445246372,0.5364375681239787,0.847534205833471,0.5573642111551925,0.8015344600267409,0.799844321545192,0.8702360987456809,0.7410428255474784,0.7770958984437553,0.6011907262097704,0.9677761460798516,0.6623941523525817,1
0.9856432309232955,0.6480866976530366,0.40846709270564,0.7182854995772835,0.8636558474584877,0.7922301429848196,0.8551582054357828,0.7172073746081695,0.9802248551449095,0.6592245068759112,0.8870168230704029,0.8249064668435219,1
0.8412486550921744,0.6192971091604325,0.5663402760360208,0.6653715858328413,0.3458771338840496,0.6088178674066418,0.6687976212737549,0.6337707329973824,0.9311279788317864,0.61874109405809,0.8633559749238103,0.7765789986001937,0
0.7885645874286463,0.5071866049247856,0.617934303833621,0.4741577099699527,0.7960306979578068,0.6015717459804598,0.38010884105572484,0.27906762230020427,0.24227684763765622,0.48950428662223683,0.43044329251559976,0.4487611677174739,0
0.8899465380083896,0.6240766115786397,0.9153087021968705,0.6950798639106885,0.4218337434824632,0.3113753084396351,0.4238783837190483,0.25895563416807643,0.846451401662442,0.5357430361814193,0.883199740916293,0.6813436302325534,1
0.9374088058475082,0.5352977710665111,0.8450177177158258,0.5176129361972953,0.3649736735387299,0.4210977873377377,0.5259441531923258,0.3409570222398006,0.5826799856680783,0.5185488419844293,0.8843598437065893,0.5283619767700737,1
0.7119060706421517,0.5850388542932997,0.756775871890253,0.60374411532289,0.6676011504614845,0.705289797711775,0.7231640640136313,0.7125892233339507,0.903312023395713,0.633260500522009,0.7757567833207916,0.7051881868161325,1
0.01907382832606571,0.2668992525083921,0.04731318883595213,0.2630977740580197,0.12147306530286067,0.33723290597373434,0.41960843878983717,0.3583115926782009,0.005113670964410869,0.303210230719147,0.123370141971933,0.27708905412739576,1
0.33754560706233616,0.45776970412635626,0.3353533388829631,0.3890630201686673,0.5469048721521484,0.5137777125233136,0.42093356823366573,0.42178194827645754,0.260201019248102,0.44523297071307505,0.08258851472565075,0.32945868987035215,1
0.48910413342330844,0.5293803628778535,0.8465307698632852,0.4910848727376989,0.4076526238174603,0.59733075849683,0.6431672136649531,0.5893414410819348,0.6431077563303571,0.5300679853303747,0.9051950856601845,0.5380153721570585,1
0.6420345494850291,0.5059504007128452,0.8994339297839099,0.4911601083029196,0.35545131988228007,0.4404285035341456,0.5181239596103738,0.4772126195765881,0.5698985608023953,0.48495562653080204,0.7988828135348972,0.5069404804004451,1
0.42784969255792765,0.5122431752026285,0.11460494126380903,0.5228241412332507,0.4417001572184003,0.38305480769100275,0.45928911849433923,0.36477216956751857,0.20622855650089553,0.47822137735118697,0.05372140794257531,0.5308431688381119,1
0.7144672430520661,0.5343198416050026,0.7212971900062244,0.5110975445475997,0.24744332320764453,0.4502260971666313,0.23550602125855938,0.21875138134551944,0.49486679411719203,0.5282157522847285,0.759177921170334,0.486292475857876,0
0.27654893836131855,0.36789563027195543,0.6664571281959452,0.37708308263148504,0.9332937044766879,0.7585754228830764,0.6940432894250943,0.6170949497597595,0.9061834396424424,0.49196126784320227,0.7942564350420306,0.4209038463623139,1
0.28161617578777437,0.3671775594995162,0.09867703772758664,0.3617932436039915,0.5035934421804945,0.46404796407211385,0.4089561734109531,0.35216436237688825,0.031493448217976776,0.36856913416732656,0.06118226629347529,0.34597656187215453,1
0.660679451123621,0.5993112963235374,0.4813103932403636,0.6464154396016947,0.7519388758906768,0.7191498396696233,0.48164991687732217,0.6450863789028161,0.7534973020901171,0.6230155539211758,0.2768814094377187,0.6404925860608862,1
0.30874361783722826,0.5684372740954315,0.9376333024595822,0.5966937805975318,0.5860657334153028,0.5568479486725498,0.5776424104174425,0.5954305954208395,0.32132169266744826,0.6404610615481323,0.9764817836867326,0.6570189431062349,1
0.25077005680415737,0.40137516909374876,0.24582413739943076,0.3820676532973274,0.4393227525844325,0.48137781670276475,0.24869291112276157,0.41836355936651903,0.08147723349690728,0.3768778883688574,0.15932234569445258,0.3669680824698187,1
0.8089698362507015,0.5571260578167426,0.5907540714807322,0.6638111684725443,0.9887570244071903,0.8578583929377166,0.8064424836423136,0.7522063340988859,0.8956646636616326,0.627772419777641,0.898058154142858,0.7532347942596461,1
0.2848739982433504,0.4606332732336683,0.9726825432726574,0.5122779171647075,0.8363876436540296,0.7570907070830015,0.6947512678098007,0.6700473940361887,0.9783612251549842,0.5007546152435997,0.9885633888557769,0.6078748188335124,1
0.9131584267891621,0.5827452174130898,0.8942802749040154,0.7067502744413724,0.7411412782553765,0.7725044181021661,0.8057135321124635,0.7285060005025076,0.9978874941718566,0.6786120637982609,0.9806868910610539,0.8313313900579098,1
0.8284608826793239,0.5616222824606961,0.6827837131880776,0.5533323499703048,0.16750969243247205,0.476890663077085,0.5021036539402165,0.45371722186355673,0.7400740982531014,0.5841054523220246,0.3906907598453081,0.5440806354631185,0
0.05584629275704446,0.41572520497965354,0.1749626611702721,0.37083231839752223,0.5321756738545494,0.7046365192866614,0.7583793058062273,0.7247522720195263,0.931978876519917,0.5012934507372411,0.7157976494732559,0.4658797901755885,1
0.41197645746024436,0.5298840491498036,0.40973743421229397,0.555887098180385,0.6660807583801763,0.5240951432444932,0.40859942424701423,0.274720706959154,0.17231087491956343,0.45255635623894414,0.18962437663913956,0.5181124264477619,1
0.9762571430336741,0.637871592343804,0.9409480977560807,0.7077040067350685,0.33467547072985687,0.5476821078896079,0.5436680689020277,0.45140140477620705,0.8434737165129266,0.5829203006960585,0.8189655133779609,0.711725208335695,0
0.9040084911183722,0.6041527954118426,0.9876085327492751,0.727823735188941,0.6542892063835024,0.5399998631121788,0.5815028761050366,0.6066202962279975,0.9199314773443201,0.6068123768720315,0.9904959664401208,0.7836904392511114,1
0.28059731661494475,0.5016382973242913,0.15950732799830275,0.5,0.5851592643381691,0.46853965411731285,0.45539292039388934,0.2650129142112413,0.0796128048932158,0.44534714180649315,0.10890086318929362,0.4451563164395274,1
0.0231452079139403,0.35487004482851203,0.033281828819044644,0.24461185707667898,0.07176536121054905,0.20876981767241637,0.1877499913118872,0.23599759403221443,0.016596984980671737,0.3215066505048478,0.01366320883725391,0.1537471467449355,0
0.8499569909812162,0.5095170341543539,0.7030219993885657,0.5066913022998512,0.5119591054000714,0.5210754434359,0.46232004214055916,0.40511836537756296,0.83085213786024,0.514614671571904,0.8979920209806735,0.5119450499117725,1
0.7521143402964225,0.5726398690199391,0.9754113426397399,0.5646225973241868,0.21722341651330462,0.4769500016870353,0.45405113867615254,0.5452420591626731,0.8363104005286031,0.5231948588819332,0.8969628591400165,0.5681393827331312,1
0.19363168085526808,0.4868605713291327,0.9362862009365256,0.5221660969185018,0.7197723054352778,0.612146951899028,0.5988702416777166,0.6481059166206311,0.4058947800429329,0.41931284015054787,0.9661947061420597,0.5531069248834861,1
0.36267439495167,0.41718325000744183,0.6951055844011295,0.39385908226302463,0.9623916636320734,0.7132664442736246,0.5922705907273845,0.5792206688718058,0.7748686073875343,0.46955725016536093,0.882561808134902,0.4397170944132876,1
0.5452193383790711,0.4557887133058458,0.8547277310412084,0.5,0.4350207057405368,0.3456016632007671,0.37835550021072467,0.3020961833891826,0.6611787782020038,0.413872603914656,0.9135139352441513,0.5235044575550271,1
0.5020003750682334,0.49313547215937353,0.1357687057072363,0.5167447758031902,0.9218238966954333,0.8775709103271294,0.8526041606146314,0.8375521413201421,0.728869373006884,0.5574059318659044,0.5268771001631822,0.6354087252477825,1
0.7717415405249367,0.6458940695350273,0.22187252019327655,0.5711146421892694,0.957090356659937,0.7650618933255791,0.7531128820819045,0.7832897777057268,0.986168822298403,0.6250908361146055,0.4350450646062685,0.627992222996054,0
0.42109408607271626,0.38483067027223905,0.227553504440611,0.31012247604737675,0.05024041987697824,0.20785473841040286,0.2084256455875462,0.20486123016086194,0.01669024525877196,0.3449952427961558,0.060041396255916396,0.2538332165595027,0
0.9417883564197529,0.5430785651794063,0.9561463273402345,0.5821148469035061,0.7605720786958493,0.723496813332333,0.5786744561683005,0.6742139554124507,0.9677349744184256,0.5900339626160043,0.9892054933076401,0.6123424092804456,1
0.04700527083464032,0.3987610548500635,0.22079533161873935,0.2921069221531081,0.7797675589554016,0.5941674159516749,0.3773616641633675,0.4180738247926536,0.1894346416849739,0.4265046319932147,0.2414486019704322,0.2257168022815383,0
0.07992638617867273,0.45014661461437344,0.10570702386974902,0.3970838221153311,0.8089475682445662,0.6602893661882882,0.5131984603185651,0.5348256265322754,0.05042049959180062,0.4420361406578206,0.044741936922244555,0.3606466139632329,0
0.34243419255384133,0.4882777636787516,0.05752834629056933,0.3852666689630481,0.7223919270841259,0.551474810968744,0.6115821540411195,0.4129963259447936,0.40953943820824457,0.4807172144284564,0.21163935549160193,0.38045164602847636,1
0.5906591307393095,0.536113105127525,0.4500491562591684,0.5,0.5568027589355733,0.6269931466685538,0.6904646856579505,0.5874170303120979,0.7789592737229092,0.5883520600261388,0.3624308648033215,0.5160234070794567,0
0.1662370667469766,0.49221067830290044,0.1834685063303267,0.3909585775831119,0.06835807139827373,0.3576450187300072,0.32169288615961256,0.4511064006875853,0.033543384523308635,0.41902669281221516,0.042170818539620576,0.32828652110011786,0
0.04993163265468408,0.34792672615225373,0.14847107157119743,0.26030973453954825,0.61143023884957,0.5268664097807477,0.38622100088937983,0.4762667160860771,0.1860694970637738,0.3572830020201972,0.18079090636867576,0.23194144923266977,0
0.009929590233945833,0.23856580852568696,0.18167712156525612,0.2473160800382993,0.09191895273434098,0.14229714018706308,0.20758333182003508,0.17645005899493968,0.0013643923430214496,0.22721106414815595,0.10514785827882026,0.17673632147121346,0
0.2619105651140004,0.44381237242256416,0.8881475088617038,0.5585745766984452,0.7383540998595352,0.7732867610555498,0.6761677148658873,0.7634909079918973,0.8762901056960656,0.5546328481725369,0.9179291502217027,0.6358962529152453,0
0.21774498099364817,0.4049956910960072,0.9295814668675446,0.4720109323485625,0.6317350300826811,0.6621516196574381,0.6029719645841275,0.6011607047009755,0.6448715098632382,0.44562754143342925,0.9452059058603828,0.5239204126234678,0
0.013638699188610192,0.22711540514353104,0.010639939044604977,0.12048525715088096,0.02177044014657284,0.02304495538918576,0.15514122967533509,0.19669628108256396,0.000885971611910916,0.20829692687401005,0.008242918969242726,0.08150528302414412,0
0.21949025692172378,0.4410293912338873,0.49498709138133135,0.45371306300941816,0.43302884850303863,0.4438815472010375,0.43238662176187903,0.3361930629107408,0.097293331850419,0.4511244323213624,0.43181992469236585,0.4554739788453859,1
0.17209968354467692,0.5062529937541601,0.3914510067697507,0.4031281173941658,0.08748752328352145,0.35571055314068617,0.4503945610113053,0.36573520200697124,0.055050831277549304,0.43625936446809754,0.24069414399588573,0.3398787729527283,0
0.027986733208209998,0.3044643598140369,0.05392204810079086,0.24138138566051406,0.8214859121683094,0.794717768687092,0.7779960568524077,0.7549656621064829,0.8575464343437252,0.451718361891047,0.36152439154015836,0.33776090445531115,1
0.519879796808161,0.5356380721196744,0.967474177864455,0.5881723326435433,0.8083249212307212,0.6488183586890817,0.48972268876375713,0.4164392952965126,0.8054114068768835,0.5571259886071648,0.9163064837971197,0.6130532474569771,1
0.7159620330085799,0.48291800566108806,0.6045455358727584,0.582636433550567,0.49770447246809474,0.6104368828711211,0.6945648155026322,0.5131807742550131,0.7657517915733143,0.58518842863632,0.6422222911236796,0.6865515523325024,1
0.33175599318662863,0.5142517665699275,0.7994923577898858,0.6300775996726028,0.9462740326309178,0.6037038924149433,0.30280217288281963,0.4679435405949806,0.36824526969572996,0.5213840799919893,0.43527715262113376,0.6051271791359086,1
0.06575359094419993,0.33189264233113996,0.06398349970096995,0.3039064655610688,0.14889638528086688,0.17169376603592604,0.20947466338389972,0.29946139223851315,0.22444337430927963,0.3227975508486973,0.04293057603904125,0.2212376522036958,0
0.5889836436598467,0.47982415598703393,0.14526538694760333,0.3911318796203752,0.6875205033892812,0.5029916203855069,0.39756234720451106,0.29678847466161484,0.23946998787492135,0.43026987288175916,0.10207022195719276,0.36730641904044664,0
0.2143133936285072,0.5355123144959395,0.8495547186875388,0.5454977805589367,0.8759013257264695,0.7515058017633841,0.7788273182725911,0.6432559878524182,0.8451160399502753,0.5533379956036019,0.8414492860218006,0.6050850088391948,0
0.40745501857542765,0.5057271727145094,0.19186143075305342,0.42307309612795546,0.8005469846726857,0.6802601341748779,0.5991930036789705,0.6515160280366633,0.8141335758551782,0.5617735617116763,0.14863569172124985,0.46410591602790596,1
0.1296353756617943,0.41877583620417447,0.15436092025525286,0.4140575028433757,0.5309825766867827,0.5525956130602556,0.3058137067720252,0.3473572444477213,0.05696285298539833,0.398778813854531,0.12301967343886444,0.4210314460398307,0
0.2187620399756175,0.49339265055571135,0.372792424711768,0.4659896655671863,0.024742292978949545,0.35800799762050045,0.5407976613991323,0.5885154431771328,0.24700239237439828,0.4890459191808047,0.33435889193831037,0.4752124132033013,0
0.2363199523176845,0.499701392529941,0.29388774795797207,0.40842999090372273,0.725635518622637,0.6180183912704873,0.4793013610537771,0.5216808861356499,0.5123485190984762,0.5258085839933179,0.42418546274978214,0.3996036402584372,1
0.8047851349924313,0.5883471410262386,0.5268272308362388,0.6023416198528033,0.9691637643255847,0.8344821908075225,0.7558378048857703,0.7945345059853314,0.966825654874562,0.6491435141691041,0.7303600230057157,0.6530456334036828,1
0.13753129524191285,0.4455009864623692,0.33674827187163775,0.4409140903635466,0.16693976755504972,0.20165106960904733,0.22221204886398918,0.24111007288664646,0.008546783854457313,0.36712572602098215,0.17444294060258123,0.33707040776529296,0
0.02652761424303833,0.42345503394288836,0.03861463153574544,0.209456345627412,0.3845446315726657,0.3823639491795833,0.38466499333879745,0.363550434160348,0.04392065930794487,0.42475970047766365,0.05175721070778358,0.16318222477627728,0
0.1552376147839822,0.3588727950193324,0.0497332623834849,0.2551560390428888,0.37053972833509885,0.3470257857521831,0.3173382808765693,0.36720404162246806,0.4545128810415559,0.3653176687738944,0.1015342849510189,0.22281089791486805,1
0.7606672507997434,0.52641845150309,0.30169943496211654,0.46670862120791906,0.8813125144648498,0.7639254519933827,0.6654211728808956,0.6411448048872431,0.9795254585096701,0.5533902915178338,0.4906026458291404,0.5,1
0.889354919069825,0.5354711397165464,0.7861014790085737,0.6326010858702233,0.20719684425225707,0.29725196121486963,0.45715676454484583,0.3063813720938391,0.23973658010287677,0.5158773739043321,0.7603853416113001,0.6650092876452308,0
0.5694336931675137,0.38032485179916625,0.41787079464405263,0.36996997032649215,0.34713651857542466,0.333193803727443,0.39502225250098694,0.2990407322048123,0.190119217895479,0.37543233539889137,0.3867771202378953,0.3456551805590506,0
0.7710996204672266,0.5394059772263337,0.22009365637674158,0.46578255736152047,0.8497298611069015,0.6817091045014351,0.5756970901798318,0.5341998602591834,0.412030363564224,0.5272367538127364,0.41844594211642244,0.5,1
0.09110709213239228,0.5489072473925237,0.029691887518670777,0.4225808868297726,0.7845262242334173,0.8414209419146407,0.8133472237746702,0.7529022694483744,0.1518876009525642,0.5918563202877489,0.07345874001277276,0.48066670312234566,1
0.19004062080607736,0.4722656318644619,0.21084720648651994,0.34439700650588023,0.2221267373570546,0.3573909470906417,0.4750230450908531,0.35317834574550594,0.23323120786673043,0.42412020997206723,0.16229377869896802,0.2883840591499539,0
0.18254568413214003,0.4721796284874631,0.820846201831021,0.44329138768050985,0.8145237723031531,0.7758871278082693,0.7239778779015805,0.7297924784155515,0.1721576084161391,0.48199653215832355,0.6906030739851258,0.5255944169004684,1
0.18685037265057206,0.39385067199716917,0.5155210181426527,0.41777682052908405,0.9337501522005858,0.7344505753704049,0.35409715989400015,0.4704983404433998,0.5284431892621806,0.4234038960473424,0.2753627540859186,0.3989427587465185,0
0.5975525721612551,0.503006545661433,0.1293383839737181,0.4262116257943037,0.04132994760614651,0.24648577739741864,0.2923026987401437,0.23120391528335896,0.6286578651041103,0.44817459365748563,0.07097058468171771,0.3940307456628712,0
0.8587616781366231,0.6225581021885513,0.8153770885777525,0.6984418062705865,0.40220900907128365,0.608781155218992,0.5735071428150085,0.4295823183836257,0.9552361924435747,0.621566542776205,0.8246803383875845,0.7258106201105259,0
0.3913308144843122,0.47927816850910265,0.23875916132951103,0.4645552760219683,0.19370120861365883,0.3816960730008969,0.3991029704151429,0.2743490108591429,0.1817388412348416,0.4522947748983372,0.3193992923826172,0.4509120228912532,1
0.21221761301119513,0.526021429197766,0.37745280666500214,0.44640998027873113,0.7240835566985716,0.5152019064379252,0.4490656951189884,0.5829369801385188,0.13854382308235286,0.4826927341338186,0.3978160129300211,0.4333522337649006,0
0.16663920562256646,0.4784959071168746,0.2801327487282472,0.42360883658418624,0.9550378642082482,0.6984346818595688,0.5579391323858602,0.5856873126915663,0.5578227840973494,0.4971466021528834,0.2939607160534973,0.440258039715213,0
0.6844004420200335,0.5552203543940827,0.04967845014127575,0.4407096532325565,0.9790258931968331,0.9172683577507991,0.8620804506044082,0.778489569542044,0.9536859164678607,0.5881662848830634,0.3374008915038683,0.5345249126044942,1
0.25913392531882884,0.5029562629340251,0.3850366384785995,0.5156007169173815,0.2994916495821521,0.5137320379569904,0.5644318382475865,0.5155642628780479,0.8719649151567751,0.4931684882614033,0.533814367724541,0.5539526022749638,0
0.32876409044679594,0.536528726585055,0.648897056424858,0.4788617431277705,0.37943008332697536,0.3572112135208361,0.45400457740619704,0.3336852134249007,0.2097687819229752,0.469936400570415,0.5200804130498827,0.4771736151494154,0
0.517188875905368,0.5297363844112728,0.15721317440550145,0.5387259866905596,0.3583412451473442,0.43041811695867593,0.48875081830280154,0.27033472532155645,0.21382129886039222,0.49720048593775473,0.10426470311031907,0.4948793623804158,0
0.7922061493986242,0.5196635416495257,0.051583160145010756,0.462731018298532,0.4559233698000553,0.6007441346034188,0.5366054474598969,0.4242743438200128,0.8155623128834758,0.5099846656024957,0.06285799913543354,0.44334827103091073,0
0.21404095678746857,0.49232268121795414,0.7566646994875761,0.5,0.9764379736500263,0.7856960483739532,0.6340224640242432,0.6546668647639924,0.6034639861078583,0.5725476866921921,0.7721471879190684,0.5123374003220961,1
0.08252157013895206,0.45654341772934603,0.04147761769142316,0.35061640681118206,0.46039383651644056,0.43942883524555665,0.3702718522807202,0.36328811624486795,0.01789671412572243,0.3927314628057869,0.0214570418750758,0.3067166547466875,0
0.02881367006264849,0.42405623513556656,0.01971105543337361,0.24851548672611587,0.8038047147408228,0.49744545959034614,0.38653849502238,0.348370384603028,0.012487595671045302,0.38162571898084324,0.01478029642669772,0.1956532861970121,0
0.41849569482387866,0.4868613718417454,0.5284030031383763,0.42999440788521426,0.5912404461294144,0.793493697982117,0.6764809363057883,0.7550291759371489,0.9649027223754258,0.5372767536190066,0.7578130185538314,0.5202083034370012,1
0.6491205826810665,0.503867194335665,0.7465622300770526,0.5173920136990291,0.24926659754108094,0.618086223292097,0.5086142892830243,0.5395244580066955,0.2467732383140803,0.5018526253071529,0.5149761512782409,0.5137213308029825,1
0.7462366154067342,0.6115341993359921,0.7149494143068816,0.667162713502362,0.07479365730632717,0.3453967247097684,0.4540784181187971,0.4278168058263173,0.694154813145487,0.5432382579485892,0.6857092219386326,0.6773209894435764,0
0.1978705981334238,0.39068833764849004,0.9060956079149558,0.4057206437121808,0.01800627125281708,0.303413167315728,0.41879992703363406,0.2920343639647547,0.45145342141774175,0.42654126233728756,0.825101056569684,0.4088256720136731,0
0.06927476805692946,0.39370836734068465,0.1079755419539711,0.296376011729166,0.2663302483998288,0.1928378636106516,0.16545292623527458,0.2408167301531322,0.023266107477368916,0.3426202216783077,0.08975288234354224,0.2060868215788936,0
0.09803182655316546,0.25800217132482506,0.21677573455422455,0.34866498680141744,0.6888479353421127,0.5647688089305689,0.5028777916502183,0.6203787222519673,0.6614398315829868,0.39038653252701316,0.4425270966261002,0.4216177748042933,1
0.40002598557009744,0.39302347437168894,0.35155557201128895,0.4035664455075118,0.06683508397339288,0.17769995943771605,0.19615202973585164,0.23548501067708935,0.11414995794601593,0.3540101352435688,0.16886977507865053,0.314960355008053,0
0.08089406377289671,0.46946387203549883,0.12801586135941026,0.4264726958531393,0.8156417760982498,0.6540364181505438,0.8818327994507621,0.6247484059580686,0.0551508805553128,0.44145628926061986,0.4990549176810818,0.4918395785497506,0
0.009549427207905558,0.26924042978220275,0.016309733398849943,0.2013142450230686,0.5066476764690542,0.4757528072808516,0.5172667112373293,0.6359394805259433,0.003615316415373495,0.27760442275122915,0.025423821742347464,0.18858315634487624,0
0.05157146533831262,0.2794340557511042,0.004936381117646587,0.15952947371174436,0.16493845237675742,0.2904540573124607,0.3127196524881146,0.2733516204476983,0.01663491184049325,0.2555750218676018,0.0026733066381114017,0.09700403293876741,0
0.46027654454786954,0.4576473884752101,0.905504972704335,0.45744938156226483,0.2722904240484292,0.2932990744805833,0.23388020260226314,0.21296328033425896,0.40456834431260513,0.445083730423326,0.8562086470847619,0.42878669263091784,0
0.3575672831790172,0.505129349122352,0.22638052251279125,0.41443784355954927,0.8293720002310533,0.7474718872731608,0.6619731501804474,0.63404367965441,0.8805847918125269,0.5564250317241622,0.3888989674271715,0.47603913199862896,0
0.36682235425544973,0.41273050833274916,0.0657462239880706,0.30723140305166236,0.9577345166470284,0.690662245496959,0.4585092210497064,0.4491692622394428,0.0458050712679485,0.41104530475082174,0.06156908569938616,0.29044684113152647,0
0.16540955407425748,0.39696303907164504,0.436064643689582,0.36644901512243444,0.29690409682683994,0.38031690161221304,0.29875051075901665,0.30246480357836014,0.18152169404258756,0.360757331673357,0.3563306423545525,0.28966083982259966,1
0.9146425065696806,0.5375485715055707,0.2389032598441782,0.5437460894606383,0.8181464791779149,0.5195613890364574,0.4081782457836248,0.2710036370881494,0.17453415186002463,0.5035866242611643,0.304116060881345,0.5333611026838284,0
0.3902009427127608,0.4941164218600544,0.5594515475558167,0.5116459495249807,0.01753098762041629,0.1498380142984525,0.2549468184042007,0.17786845107283195,0.14519960721047637,0.4771510953615064,0.4786667820726358,0.4709694537205635,0
0.3215363897715821,0.4517390171825572,0.12929192501503792,0.35616020959516964,0.6966610717965025,0.47443277865706135,0.48189763808085484,0.3173402224943111,0.05786952855496749,0.3909268881294857,0.08464267192658115,0.32149317690488083,0
0.548865540133342,0.597719117255755,0.6285029527931287,0.6587904977003557,0.21081634505413918,0.3831821442224452,0.4772774834029114,0.31152459251882064,0.32934210128065317,0.6062036177314698,0.41209785381054875,0.6436414991408829,1
0.11943604877801306,0.3756479552638783,0.5270646533364056,0.4643448136163138,0.4532650993136005,0.5883530794595644,0.5877422522797672,0.5480936304886851,0.135865866144363,0.43307961397456807,0.6246233207921124,0.4905347293214248,0
0.09420407761664924,0.4741885932321387,0.14316158049077843,0.42517167395953454,0.39306566159529915,0.2653983924951053,0.23694618582693236,0.26063043501607086,0.016508860214719784,0.3916441256251203,0.08783076159225123,0.3817613379917669,0
0.9288360968633979,0.5271463403610408,0.47913030902238396,0.5205908813290283,0.3616795183083365,0.4777234712135287,0.4122184139502814,0.34324486393960635,0.5981208461340116,0.5264021213669973,0.4910511945022658,0.525712319045719,0
0.3097164901946686,0.4862666657894732,0.017362143831296913,0.4168366676055053,0.715207914577234,0.5596814405049112,0.5452567943365411,0.5647013121478928,0.8101036958916822,0.45846896304746587,0.019288774106088896,0.3826752765247953,1
0.2913498748410958,0.5012377950972922,0.9150599167561109,0.47928264046849656,0.2544083885553208,0.4364683586320559,0.36139926897553315,0.2813408066519841,0.1492093391265027,0.4279548991859651,0.7735509649201107,0.45965670444561063,1
0.08808643462348843,0.3641555454543821,0.25904242750168793,0.3134057030646007,0.9318703277530556,0.6549247278204505,0.3437307877276532,0.4104974819927406,0.25613384452269283,0.40407192946627046,0.19253239835471544,0.27468197837418035,1
0.9113041114370706,0.5935524686129166,0.4340173471545395,0.5634806046655124,0.9842072525635714,0.8062688810799049,0.8760604291849712,0.7305015230801474,0.9928842444733896,0.6545601196564405,0.8509221605528317,0.7115465587406565,1
0.3446308446299815,0.3822297580625856,0.5245165190249509,0.3766997036725675,0.38339774291866413,0.508078767094245,0.47700039495597646,0.4326341850880378,0.05238204513767488,0.3968607567608576,0.344536717599474,0.3767054221731486,0
0.8847045168451669,0.6556254065006177,0.8449869208690713,0.6456305184647949,0.9101066950491424,0.7124447958647486,0.5823114671017433,0.6654124036358332,0.8876881317277131,0.635691501639987,0.8449189262027607,0.6797422830269416,1
0.8658903314879633,0.5033708341221905,0.7782618489881475,0.5139634956987029,0.8200515926126603,0.6749969769787002,0.6016620281743644,0.7150095229766746,0.5380388489976161,0.5263758271762042,0.8647612036575133,0.5430312805826668,1
0.14745491860718749,0.3270043569942577,0.06330885428720044,0.22237573633887567,0.7648428392761278,0.6334842829539205,0.4872546926243339,0.4117113743578935,0.24885132762307885,0.35868990610711854,0.048655422986420366,0.20379835375779848,1
0.686838813900867,0.4746990246973572,0.5420637077898969,0.43651784677707,0.031057468942569166,0.1967677108698636,0.27638183973922764,0.22772132400166178,0.03453099732396597,0.4165621198868919,0.2423754581904585,0.38673889782780546,0
0.6554094745828436,0.5329215316545729,0.8459819174399635,0.5624212502991341,0.6311097288473074,0.5694773306028655,0.3978724578761909,0.6218725371503542,0.4333070028244325,0.5797462305705918,0.7668110039270549,0.5600392251890638,0
0.2476710929847074,0.5205395695159241,0.159375174045792,0.4768378483855076,0.9776852870423264,0.7232332074043917,0.6787025635890809,0.602145705079369,0.8607816952459498,0.5610312724773215,0.23049809178135677,0.5092060224467923,1
0.0767391408712135,0.28562277212211695,0.13570371205976944,0.26328765747229804,0.06335843149937147,0.15491027511147606,0.2836932162843189,0.22005880992258656,0.03980971533880742,0.25330891068825845,0.06937948652260255,0.22176575877428534,1
0.4069750002921276,0.40430672461015227,0.5652402354366639,0.44885700687787805,0.07417170012918031,0.3522842621874448,0.39408133152554436,0.29905315771708957,0.13996178264895362,0.3607372496891,0.3719050774044546,0.4288128168363922,0
0.039669395609604495,0.39494366081077986,0.19384273537781513,0.35770224172709025,0.5244099356923555,0.512823091836522,0.4910459825332094,0.4303254204654642,0.029845758043661512,0.38798020711199394,0.3493716013784027,0.3410367063480096,0
0.08193897020295307,0.37581948698562145,0.4971132184397637,0.38188520720599617,0.04954549943370581,0.16970593096268097,0.24076815068223,0.24006955765933924,0.022931174541572945,0.29458911710547103,0.3782294806115899,0.30589624037193536,0
0.09224369640592502,0.4374473600841265,0.20773428289020188,0.4258210286774557,0.0937591929237686,0.19529920324990813,0.2419620082222329,0.27785017115457195,0.1586089812866305,0.3800477729765237,0.12857658548243833,0.37532782752397875,0
0.6659007211238026,0.4177213489676888,0.06481611849476486,0.3440728344535053,0.6102508722648938,0.4642994875696129,0.4446884437561494,0.33466358564489396,0.11891087291199809,0.38168067186043075,0.1548466586620212,0.33257116931612335,0
0.27925565432676125,0.49957900354518664,0.9985565826749593,0.4910498001792389,0.24071036521033726,0.4557786912571114,0.5496955395191016,0.6207556394499913,0.1787185109465883,0.4830287630602493,0.9979218133415843,0.5122547692300304,1
0.3279885481962153,0.5058639972128671,0.36540277199251836,0.570625901758893,0.5334060501285366,0.5755721126128226,0.5515575252838847,0.45358000950118266,0.42170943137419953,0.5090149671304796,0.20281819180603175,0.5786612490198504,1
0.23425036219071685,0.4325755836652585,0.27192964341231163,0.46293998903104927,0.6075744595170179,0.46308145471569057,0.4529013987849858,0.45414659042888816,0.15499438644903535,0.40345481754578516,0.5190739898029101,0.48314658306221986,1
0.011963182211357568,0.21631221214538157,0.13056827299655183,0.19116875697326274,0.6768230401388027,0.6411981001485061,0.6565543791905911,0.599012883472292,0.14922449130909124,0.30837779207240107,0.4220800251440261,0.25257639505027946,0
0.6320192974151033,0.40909296876645057,0.19474215082849403,0.2932962939690269,0.782217233297053,0.6638674019915377,0.509868373551533,0.49189524532263834,0.7315056516685555,0.483662711200069,0.19462907671302043,0.27362430296755963,1
0.07933091187577175,0.3719587686449186,0.4932886307134472,0.38166225462340186,0.05762381962578525,0.17257153806588818,0.177504921428301,0.1939557879588826,0.014826801914267478,0.3362365745590892,0.3676724784586522,0.33672156905632356,0
0.28567549626230127,0.3836300158083875,0.08627882682929447,0.2530019406583551,0.4692367681509459,0.2647863639339694,0.1787238143122962,0.19643643894389295,0.05182527937389502,0.35871321948170287,0.036363715096866825,0.1747680122386139,0
0.4013695645093058,0.4593044121055835,0.2251846629365518,0.3805489507019504,0.28086414740746024,0.5231876985979252,0.5585413693126997,0.3989966546837662,0.6745530718506797,0.46095881768566255,0.05338531903081161,0.33973624822990256,0
0.37868745343217924,0.4754912306040323,0.783124414479144,0.4361003136348571,0.8028061971890661,0.3809062234548663,0.38459556447186555,0.24842703328957058,0.11381280884270945,0.4931379581266548,0.5604029308859731,0.42898183311737437,0
0.37717538988455684,0.41468007095810266,0.6318395894928049,0.3700099260724944,0.10402353134596219,0.19948520909615156,0.33961705063665665,0.2625620840894446,0.023798178192256974,0.33971447539564925,0.5745472535070498,0.3444372390393579,0
0.43068540747419987,0.4531222737935999,0.10831875439017334,0.37201031959864045,0.1498706062747756,0.5060549680677158,0.4593818539585841,0.5259990935854846,0.3216998882228455,0.47258895892422664,0.1256161806750118,0.35709517048610967,0
0.7773522162969811,0.5997654667059433,0.8460912219870507,0.6254930493389764,0.7886459513037946,0.6383612278427371,0.5976294927848829,0.3773246147045842,0.6429445301912241,0.5665965316774018,0.8169350644859663,0.629736206207706,1
0.22778315308375446,0.3532809816403247,0.35695725958667013,0.2964509571834493,0.15225372440769624,0.32864232959715023,0.33744920223420166,0.3715387294769914,0.027722135251444825,0.3382590949747668,0.4092953596417905,0.25282883604018536,0
0.1039198265647512,0.3540613750715207,0.25781927471687666,0.3127606121516624,0.8684317438200442,0.6549003763030184,0.3146286758099075,0.45001482728230535,0.5038519524244128,0.39803825574184803,0.17590589685256638,0.24881015014962757,0
0.02471026557199507,0.34109391296120667,0.07544580559420391,0.2688313588765401,0.06275742060176986,0.1635757382222571,0.21010086558406735,0.2596879910124135,0.02273618056677795,0.309665436175833,0.07348522160039993,0.20562931011840366,0
0.6981469197646193,0.5425538070094177,0.763095128548363,0.5556504967876106,0.7551908688318274,0.4341367484101507,0.3937568747886419,0.28663499157344446,0.009436952983281592,0.47995565106623445,0.5244653870775078,0.5186124308429466,1
0.7748681933126478,0.5987156700571432,0.7199742514139408,0.5944037382349223,0.44272688657298265,0.7042243164009029,0.6360611620373287,0.6979887156277231,0.7857570254896024,0.6155530817653112,0.8381031318329039,0.6507751604152268,1
0.3046376976854164,0.5112810959287916,0.1970788608688462,0.4020991158014255,0.896546257077521,0.832933158728372,0.8183263262992708,0.7426848956291906,0.888706975914601,0.5777518376650008,0.624590490213101,0.4453645695466529,1
0.056400024218474724,0.4195024279797136,0.22366888822171227,0.32735274981066753,0.43481334987224035,0.44957113302637225,0.445495071329623,0.3480302177580377,0.0823476845299363,0.421026597407206,0.12325491849244338,0.2726194387859581,1
0.38466066123667314,0.46841491966363835,0.7200750476629195,0.47438552241852194,0.2731228267225812,0.31660018178070826,0.3489476693302128,0.24311834483209352,0.6121602269095254,0.4208041643955673,0.6451854939971104,0.46300449367610214,0
0.6933998808335591,0.6120323264513059,0.5226165759728805,0.6046110333914977,0.9126271773587097,0.8136437139928525,0.8111966716496247,0.7888056675018383,0.9884678945778593,0.672996844656614,0.8791703802375178,0.7222946587538758,1
0.4639334890077228,0.5326541048599569,0.3827736406767782,0.5212288849959462,0.6730397277908204,0.6540314182426131,0.5867682703950529,0.4765096802052178,0.4900189231672053,0.5435240289369754,0.5280619312250677,0.5342686281886,1
0.8722853649682821,0.4953420602300714,0.1610264994216794,0.47976604328466,0.913701759509928,0.7537729870789479,0.7902044426482849,0.7344784838969478,0.6537403670055789,0.5890582134987921,0.2978483149162415,0.5288223271973795,1
0.9180042813615505,0.5051165762622616,0.7900190318619205,0.5,0.513154379988804,0.6165337788840947,0.49596283603387475,0.5484894905836035,0.8557507014948864,0.5238810772278845,0.818159326708694,0.5075145571128176,0
0.27404855671437056,0.4167286926122864,0.5443651193543934,0.46113208384268467,0.9108900888117558,0.8050397856896828,0.7983481674021792,0.7788424539144921,0.7368879022142469,0.5357332242972035,0.9467159577564832,0.6440953828059791,1
0.4562930600483962,0.4868483874036948,0.6672708732782707,0.4360309867182137,0.3657323284795229,0.42552136518175776,0.44002641385214264,0.43818399910860206,0.07209688238384464,0.4505106509756599,0.5025962815724285,0.4206647001121563,1
0.800296853738798,0.583285069320129,0.267007876741798,0.5665477900054449,0.6198024623484473,0.5643491936952316,0.3343779874392115,0.6934509896106488,0.6768723318934143,0.5594578654846136,0.10401322364623646,0.5669884127099993,0
0.053529545559454245,0.3833060231198483,0.2249593632685364,0.3089502191073445,0.42991590812398955,0.4400033538624863,0.2727521004711735,0.4320612350472649,0.28330860623809084,0.4129229979667692,0.12690303617340495,0.2847515965208785,0
0.2760796619618782,0.4683345367851381,0.2480997438499362,0.34408718907731795,0.12930807762137103,0.36606606806317094,0.3787294437189405,0.4679550284192469,0.2992098467554053,0.4808521353469233,0.2035357111885241,0.3331347395975946,1
0.7143640835081113,0.5308343773163514,0.6836578549002235,0.518025759682514,0.14236855554298422,0.36909360429486654,0.4596106466584298,0.5,0.6131047153597414,0.5160952355594155,0.43899923483482906,0.5,0
0.34575711634830913,0.5582370453788585,0.0643271042143823,0.5456289449712559,0.09204607075388566,0.36619659629663703,0.449188247728577,0.5542479343921043,0.1869557773707927,0.5661020757234645,0.019985718235603116,0.5291633823248434,0
0.5815236358945398,0.5308609771649819,0.5187144114468535,0.5545868561741394,0.8487849804205615,0.6686821167706294,0.34835666662120934,0.7789394979375601,0.40969378789458605,0.5124945983968765,0.32347061684086276,0.5437179577763616,1
0.023480242425370258,0.36488817535101203,0.5942067441707859,0.300900225152949,0.18852294658819246,0.32311977233429934,0.36550136808733125,0.38517407714937274,0.007970636513264436,0.34422206824150625,0.6751696680744288,0.30150376833036985,0
0.07006091838642768,0.31446966245942376,0.13585405115158475,0.21341305205827385,0.1191411160456207,0.39153346931977107,0.3461341323997226,0.24266290372900595,0.15801029838509947,0.320876260783609,0.11179022921111532,0.1867292377615573,0
0.22017528286251914,0.32028418518187113,0.5964248761088088,0.33262304369693624,0.18440763977755978,0.2282188538329223,0.35294146986620345,0.31699875960077345,0.16661143786916593,0.32473782107050153,0.319459292983824,0.27006024452026517,0
0.467729823130458,0.4983663306216763,0.2842917123938897,0.5,0.9843951859230021,0.8762268906923123,0.8306390038239938,0.845608795561485,0.9645139823506653,0.5486405986611453,0.7405162278115954,0.5574167560606232,1
0.07307647511889981,0.37248705423725204,0.10121908887352048,0.343611390689274,0.217938154630234,0.4893659485152378,0.5437908037128556,0.5,0.49004835175403055,0.44093647844432066,0.13631263565330998,0.34179311920840083,0
0.8247113984212943,0.5491542641509096,0.293558627224651,0.5805448363520258,0.5701437553962804,0.6890599124785457,0.5456818147504838,0.5980018920597944,0.716936274721361,0.5643082095587793,0.3268571009259619,0.5779754953633172,1
0.9083827990088935,0.5423340711689888,0.975360697735693,0.6103477111155514,0.6919236214237865,0.8156572989381833,0.912128629916324,0.5449114324075744,0.969015784862579,0.6244703605458538,0.9988458280272532,0.77119350344672,1
0.2958581744735174,0.46154554434018596,0.07435162588153797,0.3359777057272962,0.22807002247558666,0.3504494909276342,0.35705061307800723,0.22698198046764884,0.09970767973693369,0.43205627842641287,0.08238327998705387,0.2872552899450378,0
0.49632069458118455,0.4624418204910353,0.8372482002447342,0.40923319047366635,0.15745329815775072,0.2857470926042949,0.312050118014793,0.2397304576889769,0.15819383243828983,0.4162137959357094,0.6678844595720268,0.3511202258325714,1
0.5170429897150562,0.4533198724401533,0.10770147675744736,0.33212139527247647,0.7610490365666395,0.5766923512953694,0.5954052713806703,0.5112197256322636,0.28371774920962667,0.4685442501031656,0.1074417711780448,0.36716223801741554,0
0.39128567651218027,0.5259286307243697,0.6795380188903862,0.5231746705964246,0.8382328733552481,0.815962008748853,0.7719226992651174,0.7119191038268551,0.9449446350445274,0.5969435088768585,0.9106955946657677,0.6722255873369233,1
0.759173655371245,0.4407919526920934,0.7778776252479547,0.47445633884690236,0.7919537449598454,0.7670162225473687,0.585709653645745,0.6981827782189521,0.9108271426267267,0.4707244715389908,0.8571019250453339,0.5277293630412848,1
0.10057332679486507,0.2824285670370329,0.04038694252757544,0.2542139286805002,0.26714340777737655,0.5281638304764904,0.6749866443525758,0.46273861132546096,0.16467847608156808,0.36507321663615105,0.11597391025350375,0.27996499125602586,0
0.2744819396883753,0.5230301444562706,0.6046211068501318,0.5138613614759507,0.9520092801074459,0.8081242336862199,0.8319222324114615,0.74948751372097,0.9322892535100592,0.6030686069031806,0.8972343498211206,0.6599817074295933,1
0.7200605814162199,0.557780043284315,0.7449368582798619,0.6802696554278314,0.376412033809779,0.2762345712489268,0.32077310790750696,0.27487850718793816,0.25309989004753203,0.51168790759306,0.5928219377353884,0.6473905526534632,1
0.12036924688301705,0.3099434259573377,0.05913876198746754,0.2713760803998624,0.12316460120197066,0.347814165900228,0.4232794679732718,0.2904658723814938,0.02903680083233269,0.35643562167282006,0.05966116488558666,0.25422460974501,0
0.17197172974286826,0.4541595745743238,0.26518035150528807,0.43427018397980655,0.2516147864343718,0.4273274549371052,0.3866426299544403,0.35717303499583364,0.0504373958203251,0.40765619720959373,0.2165458569376041,0.41020637146747835,1
0.06684254172213935,0.305490591320804,0.060229853698937935,0.26230163448679295,0.05855549292963059,0.2400800454837685,0.26556934332971105,0.24752041998461816,0.022810374759182753,0.34956381184836954,0.036964187516749986,0.1938192881585639,0
0.4548679867772936,0.5652831828918949,0.8233244216979116,0.6536893990894286,0.03272963984494673,0.23824194073159452,0.3490378971241471,0.3715926086266407,0.38187475610799515,0.5462248836040784,0.7388761818086549,0.6305189734139097,1
0.8790888471117748,0.5617394566758772,0.34675740685953294,0.6236091098345581,0.9305148584600449,0.8216572390488053,0.9897647447149186,0.6913555276074085,0.9515528810837042,0.6075282210077319,0.9913842393030922,0.8368581782823816,0
0.6991824020883116,0.4978672586576524,0.1282644873773234,0.4161632311306676,0.9040053412130448,0.7512304048817386,0.7044822939656884,0.7662163199724644,0.8842159772341543,0.5054992585879401,0.34337032810355994,0.4364427378951863,1
0.3176743251841663,0.49653912641276304,0.06065516704440044,0.3624618615413793,0.1012872189510867,0.410182769743823,0.4691222469735374,0.36141429117904356,0.1580911503706636,0.4953921646826427,0.08020902859441341,0.3036588696322636,0
