subtipo,gene,diff_z,media_expr,estatistica_t,valor_p,fdr,B,direcao,significativo
Basal,ccne1,1.66716272379512,-0.000208065366367947,28.5231185623348,2.12728605368741e-151,1.04024288025314e-148,335.239955680476,Superexpresso,TRUE
Basal,gata3,-1.37581519045986,-0.000376910911966263,-26.7864023245336,4.09041292541436e-136,1.00010596026381e-133,300.132153565843,Subexpresso,TRUE
Basal,chek1,1.57436975490414,0.0015516078017923,26.2162655914004,3.38001639280589e-131,5.50942672027361e-129,288.838166420168,Superexpresso,TRUE
Basal,cdkn2a,1.65631922353865,0.000902055877701633,25.7568232617703,2.83566315601218e-127,3.46659820822489e-125,279.826285406034,Superexpresso,TRUE
Basal,e2f3,1.51233609156609,0.000299261992619929,24.2098844479927,2.47200135026253e-114,2.41761732055676e-112,250.108063314963,Superexpresso,TRUE
Basal,ttyh1,1.49385064395979,-0.000492830785450711,23.726581587128,2.21389311629682e-110,1.80432288978191e-108,241.032847727489,Superexpresso,TRUE
Basal,cdc25a,1.45290663005943,-0.000103321033210332,23.6269459888347,1.4264762557402e-109,9.96495555795653e-108,239.17496005329,Superexpresso,TRUE
Basal,map2,1.52546399492697,-0.0011566684238271,23.2900499575308,7.50769644089391e-107,4.5890794494964e-105,232.92656729836,Superexpresso,TRUE
Basal,tgfb3,-1.40997751082609,-0.00108096995255667,-21.4582850747393,1.80992215790961e-92,9.83391039130888e-91,199.907976112748,Subexpresso,TRUE
Basal,egfr,1.27669674930396,0.000139377965208223,20.6658626091139,1.77436972774154e-86,8.67666796865615e-85,186.155967063792,Superexpresso,TRUE
Basal,cdk6,1.27790211707289,0.0000848708487084863,20.3699655463328,2.80854547457022e-84,1.2485261246044e-82,181.108142479423,Superexpresso,TRUE
Basal,notch1,1.29142481396244,-0.00146784396415393,20.2045725847046,4.66331643405665e-83,1.90030144687809e-81,178.307823749636,Superexpresso,TRUE
Basal,aph1b,-1.23402765115331,0.00023911439114391,-19.6769014641577,3.28764900940972e-79,1.23666181969335e-77,169.477126661696,Subexpresso,TRUE
Basal,ahnak,-1.30150008070874,-0.00137179757511861,-19.5959689097039,1.26179698027058e-78,4.40727659537367e-77,168.136839082948,Subexpresso,TRUE
Basal,msh6,1.30779777268808,0.000937005798629415,19.2917734323839,1.91258470937945e-76,6.23502615257702e-75,163.133387827196,Superexpresso,TRUE
Basal,mapt,-1.11082412236086,0.000330680021085925,-19.1526572260809,1.86643704078337e-75,5.70429820589419e-74,160.863355876775,Subexpresso,TRUE
Basal,e2f2,1.1961738028959,-0.000510648392198207,19.1030721596859,4.19235403379311e-75,1.20591830736755e-73,160.057031873153,Superexpresso,TRUE
Basal,hsd17b4,-1.23105291791379,-0.000123668950975223,-18.8255848540729,3.7795046265392e-73,1.02676542354315e-71,155.571896572105,Subexpresso,TRUE
Basal,ar,-1.19219851251325,-0.000469372693726938,-18.6801572696443,3.92617016458531e-72,1.01047221604327e-70,153.239883982276,Subexpresso,TRUE
Basal,aurka,1.10688000296524,0.0000494992092778091,18.0918671357892,4.4529163218552e-68,1.0887380406936e-66,143.939110419946,Superexpresso,TRUE
Basal,srd5a1,1.17719545879415,0.00115487612018977,17.9689910533931,3.0460820246468e-67,7.09301957167756e-66,142.023739616738,Superexpresso,TRUE
Basal,lfng,-1.23167524518896,-0.00049973642593569,-17.8052664817047,3.94361635574476e-66,8.76558362708722e-65,139.473156818403,Subexpresso,TRUE
Basal,frmd3,1.19808816808591,0.0000823932525039538,17.6518879999674,4.16565942964803e-65,8.85655417868647e-64,137.125110237165,Superexpresso,TRUE
Basal,mtap,1.22725156693273,0.000935582498682131,17.5872075562599,1.15334808301857e-64,2.34994671915034e-63,136.111062303643,Superexpresso,TRUE
Basal,mmp7,1.10036895842564,0.0015913020558777,17.0910876950055,2.12986778698516e-61,4.16602139134298e-60,128.620824368554,Superexpresso,TRUE
Basal,fancd2,1.10845806990677,0.000508170795993674,17.0528526146471,3.78408563982699e-61,7.11699183798231e-60,128.048514198619,Superexpresso,TRUE
Basal,cyb5a,-1.11118964818016,0.000373748023194519,-16.7167750230656,5.6736432885962e-59,1.02755984004576e-57,123.059894461444,Subexpresso,TRUE
Basal,cdk1,1.03706380372776,0.00170500790722193,16.5015048164158,1.35012547960193e-57,2.35789771259052e-56,119.904355773547,Superexpresso,TRUE
Basal,nrip1,-1.10744184953267,0.00261987348444913,-16.4697764600864,2.14836484005641e-57,3.62258760961237e-56,119.441921354541,Subexpresso,TRUE
Basal,muc16,1.13524378937491,0.000691196626251977,15.8928019777663,9.3390578054683e-54,1.52226642229133e-52,111.103779976128,Superexpresso,TRUE
Basal,chek2,1.07000916162332,0.00156715867158672,15.5448146079898,1.20558778742806e-51,1.9017175098462e-50,106.266077734255,Superexpresso,TRUE
Basal,hsd17b8,-1.04954600907242,0.000843015287295729,-15.5174896783076,1.76644174392271e-51,2.69934378993189e-50,105.88595147977,Subexpresso,TRUE
Basal,bcl2,-0.916568626122219,0.000537216657880864,-14.8305374664914,2.19706032262018e-47,3.25564393260991e-46,96.5054700707733,Subexpresso,TRUE
Basal,rbl1,1.03175164929355,0.00041375856615709,14.7632230086619,5.49898782586759e-47,7.90883837308603e-46,95.5930511285588,Superexpresso,TRUE
Basal,ccna1,1.03475609455606,-0.000221613073273589,14.6923203672289,1.43903208943489e-46,2.01053340495332e-45,94.6363611415929,Superexpresso,TRUE
Basal,adam17,1.03709033265159,0.00256436478650501,14.5850860285211,6.02915166809674e-46,8.18959768249807e-45,93.2114967172328,Superexpresso,TRUE
Basal,e2f7,0.97438726278261,-0.000637374802319452,14.47567900813,2.50568435135986e-45,3.31156661571614e-44,91.7943811807392,Superexpresso,TRUE
Basal,dll3,1.02102518166908,-0.000706431207169216,14.2906171681875,2.96509119858895e-44,3.81560420028946e-43,89.3377180827371,Superexpresso,TRUE
Basal,hdac2,1.00438025875464,0.0008554032683184,14.1753424364771,1.31394206516465e-43,1.64748120478337e-42,87.8572274475972,Superexpresso,TRUE
Basal,pten,-0.996311101090107,-0.00142820242488139,-14.0213345332398,9.65843445783008e-43,1.18074361246973e-41,85.8739279532659,Subexpresso,TRUE
Basal,nras,0.955922465032312,0.000972535582498683,13.8554518674886,7.8898555503178e-42,9.41009601001318e-41,83.7855050695027,Superexpresso,TRUE
Basal,col22a1,0.997905122668892,0.000398207696362678,13.8417340154354,9.71595860365204e-42,1.13121518028234e-40,83.579055053182,Superexpresso,TRUE
Basal,met,0.948001176515156,0.000148339483394834,13.4599774713512,1.1706812776688e-39,1.33130963902335e-38,78.8162650582072,Superexpresso,TRUE
Basal,acvr1b,-0.924457368215949,0.00175060622034792,-13.4453464844902,1.38328413359433e-39,1.53733168483552e-38,78.6501799648049,Subexpresso,TRUE
Basal,folr1,0.922533812758593,-0.000906694781233526,13.4393054443611,1.49123851364476e-39,1.60838041284868e-38,78.5755007755211,Superexpresso,TRUE
Basal,braf,0.977402617246835,0.00126557722720084,13.4405382706716,1.5129958893873e-39,1.60838041284868e-38,78.5615907947389,Superexpresso,TRUE
Basal,npnt,-0.875729090085982,-0.000692040063257776,-13.4198743900615,1.89861797593885e-39,1.97537061751936e-38,78.3354859011587,Subexpresso,TRUE
Basal,bmp4,-0.948171428683937,-0.00084934106483922,-13.2940511969342,9.2604888797918e-39,9.4341230462879e-38,76.761278877131,Subexpresso,TRUE
Basal,sox9,0.94976546573176,0.000939377965208224,13.2650446793476,1.3233004206483e-38,1.32059980754493e-37,76.4065866477846,Superexpresso,TRUE
Basal,rheb,0.92665204841049,0.00349478123352662,13.0728763854154,1.36944094203989e-37,1.33931324131501e-36,74.0845683732291,Superexpresso,TRUE
Basal,bcl2l1,-0.909599494499443,-0.000354981549815498,-12.9393841257369,6.88937115611907e-37,6.60569116733769e-36,72.4796253439806,Subexpresso,TRUE
Basal,cdk8,0.926727883867096,0.00210585134422773,12.9203445362165,8.75054340217221e-37,8.2288763916581e-36,72.2422525574833,Superexpresso,TRUE
Basal,mmp12,0.859742908602966,0.00015282024248814,12.5913532866225,4.28985638784717e-35,3.95799957293824e-34,68.375984077794,Superexpresso,TRUE
Basal,cdk2,0.878183120895772,0.00104022140221402,12.5264072908804,9.2946801393259e-35,8.41684923727845e-34,67.608383592849,Superexpresso,TRUE
Basal,cdk4,0.893740501390463,0.00258086452293094,12.473138905196,1.75143742168217e-34,1.55718708945924e-33,66.9794591086494,Superexpresso,TRUE
Basal,rad51,0.842865983786817,0.0014248286768582,12.2924460169079,1.39850257577188e-33,1.22119242777223e-32,64.91639427977,Superexpresso,TRUE
Basal,cul1,0.878941897881744,0.0010520295202952,12.2219909536475,3.21274500737982e-33,2.7561970326469e-32,64.0911380969574,Superexpresso,TRUE
Basal,bmp2,0.837710973190919,-0.000930996309963099,12.1304217898145,8.99003076827526e-33,7.57952594083897e-32,63.0693567516171,Superexpresso,TRUE
Basal,vegfa,0.860493108475283,0.000643226146547181,12.0492132531448,2.30069894624585e-32,1.90685048256647e-31,62.1370074085643,Superexpresso,TRUE
Basal,eif4ebp1,0.850083249064157,-0.00087053241960991,11.9732521599861,5.43054974914548e-32,4.42589804555357e-31,61.2846562668085,Superexpresso,TRUE
Basal,e2f4,0.787349522501795,-0.000731365313653133,11.9130773696727,1.05071714560326e-31,8.42296203606551e-31,60.6293123918584,Superexpresso,TRUE
Basal,pik3r1,-0.832488022176507,-0.00150479704797048,-11.8099667666338,3.36419505943524e-31,2.65337320010295e-30,59.4747776592813,Subexpresso,TRUE
Basal,pdgfrb,-0.833411503696615,-0.00241507643647865,-11.7722170016227,5.12348533196224e-31,3.97680051957069e-30,59.0574183329049,Subexpresso,TRUE
Basal,e2f8,0.831765000623855,0.00156188719030047,11.7465242155762,6.82110743806181e-31,5.2117524018941e-30,58.7734900857276,Superexpresso,TRUE
Basal,ctnna1,-0.791953305049773,0.00212377438060095,-11.3379212058813,5.89365448581759e-29,4.43384160548431e-28,54.3503953086598,Subexpresso,TRUE
Basal,maml2,0.779451554809774,0.000188033737480231,11.1885964607156,2.90778297076461e-28,2.15440283743015e-27,52.7677352346396,Superexpresso,TRUE
Basal,taf4b,0.805468284352445,-0.00121502372166579,11.1537081760868,4.26506551279376e-28,3.11286124739724e-27,52.3882437800196,Superexpresso,TRUE
Basal,e2f5,0.80277616563219,0.0020284659989457,11.1305951494427,5.44851670254669e-28,3.91812451109608e-27,52.1454646975263,Superexpresso,TRUE
Basal,foxp1,-0.811903989453099,-0.00315898787559304,-11.1282109805429,5.58776190982264e-28,3.9600225708743e-27,52.1204468147522,Subexpresso,TRUE
Basal,igf1r,-0.698766003384871,-0.0000760147601476026,-11.0603488235903,1.12758016973449e-27,7.87695290000234e-27,51.4241108014319,Subexpresso,TRUE
Basal,tbx3,-0.758408987923025,-0.00037464417501318,-10.8699523989596,8.29770775639763e-27,5.71490013081471e-26,49.4460204808052,Subexpresso,TRUE
Basal,lama2,-0.714652262017094,-0.00122503953610965,-10.6477168520152,8.10352271890193e-26,5.50364251325423e-25,47.1878451053308,Subexpresso,TRUE
Basal,prps2,0.777749136080334,0.00187037427517132,10.6031973754303,1.28982279870338e-25,8.64004587076649e-25,46.7277223160725,Superexpresso,TRUE
Basal,mapk4,0.772544756642175,-0.00221043753294676,10.5635616291038,1.92696439269309e-25,1.27335890273908e-24,46.3300653103557,Superexpresso,TRUE
Basal,cbfb,0.724563762548608,0.00143368476541908,10.5011468898138,3.57419684576331e-25,2.33037634343768e-24,45.7178337091867,Superexpresso,TRUE
Basal,slc19a1,0.730398623785512,0.00075719557195572,10.4929432693356,3.89155350978402e-25,2.50390745563735e-24,45.6336474197856,Superexpresso,TRUE
Basal,lamb3,0.709581426992778,-0.000418028465998946,10.3804117141319,1.19717357615476e-24,7.6028295940218e-24,44.5207038056965,Superexpresso,TRUE
Basal,myc,0.719474286667675,0.00202298365840801,10.2928021955888,2.86451400151265e-24,1.78687545500259e-23,43.6569331999387,Superexpresso,TRUE
Basal,abcc10,0.722568484192418,-0.00186404849762783,10.292187101397,2.88677220746839e-24,1.78687545500259e-23,43.6493155268266,Superexpresso,TRUE
Basal,mapk3,-0.731200422008364,0.000612809699525568,-10.278419221069,3.31909032400349e-24,2.02879396054714e-23,43.511246807372,Subexpresso,TRUE
Basal,ccnb1,0.681935077873916,-0.000489035318924617,10.2643683919078,3.78157855969158e-24,2.28295298233232e-23,43.3818662054984,Superexpresso,TRUE
Basal,erbb3,-0.618103174744779,0.00135687928307855,-10.1901054293141,7.84751084041816e-24,4.67979609873717e-23,42.6591297844407,Subexpresso,TRUE
Basal,rpgr,-0.710604977972953,0.000180811808118079,-10.034930782999,3.57312608596693e-23,2.10513091088895e-22,41.1589683967792,Subexpresso,TRUE
Basal,cyp21a2,-0.685896747247177,-0.00240817079599367,-9.98179798140028,5.93153894922916e-23,3.4530030311584e-22,40.6572462699594,Subexpresso,TRUE
Basal,mdc1,0.729678606321533,0.00164343700579863,9.94724200439564,8.34542192779285e-23,4.80107214434201e-22,40.3196838898156,Superexpresso,TRUE
Basal,ccnd1,-0.669905586266344,-0.00148086452293094,-9.89287124953509,1.39077051863987e-22,7.90798585598719e-22,39.8140817124285,Subexpresso,TRUE
Basal,plagl1,0.644476224416703,-0.000521085925144968,9.80901717571146,3.08694020191526e-22,1.73507328590409e-21,39.0253083659021,Superexpresso,TRUE
Basal,hey2,0.71824041530923,-0.000544491302055876,9.73863969354821,6.05223596317509e-22,3.36311748408252e-21,38.3596527409153,Superexpresso,TRUE
Basal,dab2,-0.676592973783193,-0.00313479177648919,-9.70383597047939,8.32705777260765e-22,4.57520365259005e-21,38.043829343047,Subexpresso,TRUE
Basal,nr2f1,-0.679801279218158,0.00111133368476542,-9.64488665583468,1.45095013377689e-21,7.88349572685445e-21,37.4948055914162,Subexpresso,TRUE
Basal,large1,-0.705293877761711,-0.00171291512915129,-9.61995914787721,1.83737546648058e-21,9.87336926493408e-21,37.2614432089121,Subexpresso,TRUE
Basal,hsd17b11,-0.67316411994315,0.000499420137058514,-9.59685151020675,2.26692999450788e-21,1.20492257316778e-20,37.0535603807975,Subexpresso,TRUE
Basal,nfkb2,0.697617923591284,-0.00125150237216658,9.55745865383304,3.28137478473406e-21,1.72536803197307e-20,36.6880445738554,Superexpresso,TRUE
Basal,msh2,0.697143347684834,0.00155513969425409,9.50623557042303,5.26470176510108e-21,2.73876506716429e-20,36.2206597696497,Superexpresso,TRUE
Basal,raf1,0.702249018093468,-0.000700000000000001,9.47480266812028,7.0287382794096e-21,3.61795054592768e-20,35.9349898463909,Superexpresso,TRUE
Basal,mlh1,-0.68489472277258,0.000213178703215604,-9.44680898785369,9.08522144893847e-21,4.62778467555303e-20,35.6813067414609,Subexpresso,TRUE
Basal,col6a3,-0.685132881571032,-0.00161707959936742,-9.44112914128708,9.5700460550354e-21,4.82448713496115e-20,35.6299190992415,Subexpresso,TRUE
Basal,cxcl8,0.662040868411097,0.00112208750658935,9.42605331994305,1.09430343553683e-20,5.46035081609706e-20,35.4972828895618,Superexpresso,TRUE
Basal,ackr3,-0.690132581080698,-0.000173537163943068,-9.34328270438243,2.33324730597115e-20,1.15248276022211e-19,34.7491216519263,Subexpresso,TRUE
Basal,mmp28,-0.676231102154222,-0.00159683711122826,-9.33842733158166,2.4382191571667e-20,1.19228916785452e-19,34.7056339059206,Subexpresso,TRUE
Basal,src,0.67035090771713,-0.000882920400632577,9.25928732163508,4.98115304186216e-20,2.41166716581247e-19,33.9997376927564,Superexpresso,TRUE
Basal,bmpr1b,-0.623171610467591,-0.00129114391143911,-9.21147459332039,7.59553221298746e-20,3.64138750210869e-19,33.5826764285213,Subexpresso,TRUE
Basal,setdb1,0.682237018511729,-0.000955350553505537,9.17684564940657,1.04233362393653e-19,4.94855477771809e-19,33.2702743908045,Superexpresso,TRUE
Basal,tgfbr2,-0.613573687986582,-0.0000255666842382718,-9.14930569606845,1.32302872328729e-19,6.22077928545658e-19,33.0344857460923,Subexpresso,TRUE
Basal,prkci,0.673081548609154,0.00129188191881919,9.13799840916458,1.47305279076142e-19,6.86021728268889e-19,32.9286291856818,Superexpresso,TRUE
Basal,bard1,0.655675290827656,-0.000398892988929888,9.11848614680823,1.75166276291914e-19,8.08078387799491e-19,32.7575313670391,Superexpresso,TRUE
Basal,bmp7,0.653305995297588,0.000598207696362677,9.01812811920022,4.24723274800128e-19,1.94102505960058e-18,31.8828541976287,Superexpresso,TRUE
Basal,smarcb1,0.647853352211307,-0.000230943595150237,8.88444566736902,1.3630911414487e-18,6.17177377933716e-18,30.7316428078339,Superexpresso,TRUE
Basal,hsd17b2,0.599707205479904,-0.00060200316288877,8.83039293048369,2.16145155837932e-18,9.69678726649071e-18,30.2763821481333,Superexpresso,TRUE
Basal,map3k1,-0.630795413375163,0.000743753294675805,-8.7212105414099,5.54152120814176e-18,2.46345806434666e-17,29.3475543739212,Subexpresso,TRUE
Basal,smarcc1,0.647825541912439,0.00161897733263047,8.67217098949377,8.40663492628577e-18,3.70346349455292e-17,28.9363991314655,Superexpresso,TRUE
Basal,abcb1,-0.574425585030159,0.000891829204006327,-8.66280218955913,9.05057042088193e-18,3.95154369268863e-17,28.8633736416234,Subexpresso,TRUE
Basal,adgra2,-0.577741228651401,-0.0026934106483922,-8.50590470135118,3.38169725745931e-17,1.46340704327221e-16,27.5633699491404,Subexpresso,TRUE
Basal,kit,0.570037699018001,0.000919504480759093,8.46775664104463,4.64395453830161e-17,1.99201207827148e-16,27.2506359342596,Superexpresso,TRUE
Basal,igf1,-0.602767583490937,-0.000701897733263046,-8.43653627785184,6.04493172904469e-17,2.57041010043726e-16,26.9909182039112,Subexpresso,TRUE
Basal,numb,-0.617044220794976,-0.0000413284132841339,-8.3439658447989,1.2945488375919e-16,5.45719294467618e-16,26.2403080853699,Subexpresso,TRUE
Basal,dtx3,-0.585455566045662,-0.00122498682129679,-8.26696593483263,2.42083865832401e-16,1.01178641360722e-15,25.6234260184891,Subexpresso,TRUE
Basal,smad3,-0.603152396097393,-0.000168107538218239,-8.18044756557935,4.87772134689459e-16,2.02136079545038e-15,24.933349231393,Subexpresso,TRUE
Basal,tsc1,-0.598981689495766,0.0000076963626779124,-8.14902239457329,6.27688862171982e-16,2.57932650085797e-15,24.6849523232958,Subexpresso,TRUE
Basal,fam20c,0.573871281422664,-0.00339293621507644,8.09959453875545,9.29781320959285e-16,3.78885888290909e-15,24.2979325836936,Superexpresso,TRUE
Basal,acvrl1,-0.533487739823068,-0.00234818133895625,-7.99650942820147,2.09930126020855e-15,8.48395302679321e-15,23.4960185235754,Subexpresso,TRUE
Basal,mmp1,0.56492765759557,0.0011309963099631,7.98111062687925,2.37576956052895e-15,9.52255176310375e-15,23.3743568336702,Superexpresso,TRUE
Basal,rps6kb1,-0.576222230751207,0.00115672113863996,-7.95019340771982,3.03270131296296e-15,1.20568369271454e-14,23.1341410835797,Subexpresso,TRUE
Basal,mapk1,0.530821274301174,0.000156510279388509,7.94607154985599,3.11971322642861e-15,1.2302740062287e-14,23.1061179293576,Superexpresso,TRUE
Basal,nek1,-0.572360992445859,0.00000537691091196668,-7.75701481006861,1.35428167563179e-14,5.29794991507155e-14,21.6619376418851,Subexpresso,TRUE
Basal,kdm5a,0.570274185407047,-0.0000913020558777013,7.72273129279116,1.76002492533784e-14,6.83057292452542e-14,21.4042327848652,Superexpresso,TRUE
Basal,alk,0.571286786312844,0.00052509225092251,7.7079049318634,1.97058333961301e-14,7.58752167772253e-14,21.2931186499167,Superexpresso,TRUE
Basal,afdn,0.573552652183498,-0.000179704797047972,7.70543557535309,2.00798347033781e-14,7.67112435152493e-14,21.2746319789098,Superexpresso,TRUE
Basal,tp53bp1,-0.541807199865836,-0.00110511333684765,-7.67524066546182,2.52248361252996e-14,9.56197276377635e-14,21.0502858094543,Subexpresso,TRUE
Basal,folr2,-0.510791725356558,-0.00136831839746969,-7.67287107786734,2.56272402696603e-14,9.63978499374147e-14,21.0346204628667,Subexpresso,TRUE
Basal,ptk2,0.561286227690734,0.00087011070110701,7.61301951852531,4.04231379010783e-14,1.50892476592575e-13,20.5867895282144,Superexpresso,TRUE
Basal,dtx2,0.524508454301154,-0.00198608328940433,7.42057343869766,1.6906805972609e-13,6.21978137417214e-13,19.1808860521996,Superexpresso,TRUE
Basal,rb1,-0.543391176432925,0.00199636267791249,-7.42067468160646,1.69167877866032e-13,6.21978137417214e-13,19.180376423676,Subexpresso,TRUE
Basal,sgcd,-0.541930220444381,-0.00130047443331576,-7.36087540887269,2.62199443653432e-13,9.56832298108419e-13,18.7500791855124,Subexpresso,TRUE
Basal,erbb2,-0.482131280505148,0.00156700052714813,-7.28765336493424,4.45146504968225e-13,1.61241956244046e-12,18.2303465986448,Subexpresso,FALSE
Basal,prkcq,0.523864121032433,-0.00057011070110701,7.26297450144231,5.33534048659222e-13,1.91836874848794e-12,18.0527496148083,Superexpresso,TRUE
Basal,stat5b,-0.514478825367499,-0.000358882445967318,-7.2126329362491,7.66129119969122e-13,2.7345776617876e-12,17.6977079719821,Subexpresso,TRUE
Basal,l1cam,0.534787690589688,0.00303584607274644,7.20360619558504,8.17364600625293e-13,2.89631369352006e-12,17.6342021637275,Superexpresso,TRUE
Basal,nr3c1,-0.514133495719615,0.00211344227727992,-7.18802497556373,9.13457709389448e-13,3.21353107835569e-12,17.5251437359875,Subexpresso,TRUE
Basal,serpini1,-0.515234593334622,0.000374960463890352,-7.17573611592647,9.97391995529969e-13,3.48374775581539e-12,17.4389206452932,Subexpresso,TRUE
Basal,jag2,0.529551591660574,-0.00131560358460728,7.16130646063901,1.10549995851782e-12,3.83396794124266e-12,17.3379817408627,Superexpresso,TRUE
Basal,map2k3,0.507311908722026,-0.00124781233526621,7.1559289115947,1.14753190807019e-12,3.95171199328396e-12,17.3013266654707,Superexpresso,TRUE
Basal,mmp2,-0.512442278859749,-0.000575645756457564,-7.10784839694196,1.61541354765336e-12,5.52403653708038e-12,16.9659960278379,Subexpresso,TRUE
Basal,chd1,-0.513594149916267,0.000139694254085399,-7.09550409798388,1.76262754188513e-12,5.98558936098493e-12,16.8804759222515,Subexpresso,TRUE
Basal,notch3,0.518254402188555,-0.00155313653136532,7.03976130298794,2.60884552922471e-12,8.79810664683367e-12,16.4960590906771,Superexpresso,TRUE
Basal,flt3,-0.524139263261108,0.00130237216657881,-7.02131230272769,2.9684981951858e-12,9.94243573593052e-12,16.3694664682999,Subexpresso,TRUE
Basal,smad4,0.495386688523811,0.00131855561412757,6.9580875932488,4.60773715236797e-12,1.53277786905302e-11,15.9385466576909,Superexpresso,FALSE
Basal,hsd17b12,0.518385128752696,0.00238402741170269,6.9306615059939,5.57405699274509e-12,1.84169856044078e-11,15.752046453945,Superexpresso,TRUE
Basal,vegfb,-0.516790759722542,-0.000914971006852923,-6.92355855277088,5.85429134157122e-12,1.92130769532102e-11,15.7039919257482,Subexpresso,TRUE
Basal,nrarp,0.513464453610004,0.0021719557195572,6.91954209485516,6.01882180868374e-12,1.9621359096309e-11,15.6768396845175,Superexpresso,TRUE
Basal,kdm6a,-0.516524084315477,0.00355492883500264,-6.90354006456286,6.72055753681684e-12,2.17639247384333e-11,15.5688114019845,Subexpresso,TRUE
Basal,hsd17b10,0.494817716476189,0.000939957828149711,6.82900056879698,1.11985153310097e-11,3.60268026109457e-11,15.0687508189533,Superexpresso,FALSE
Basal,gsk3b,0.474328003108929,-0.000355772272008434,6.80127159421239,1.3506665371997e-11,4.3168361875206e-11,14.8851960122972,Superexpresso,FALSE
Basal,mmp15,0.476201938290392,-0.000574380600948866,6.79083299804937,1.4501688009527e-11,4.6047567770511e-11,14.8156256093714,Superexpresso,FALSE
Basal,tgfb2,0.506725725939597,-0.00180242488139167,6.7886478525233,1.47329087120827e-11,4.64799507110222e-11,14.8002029586479,Superexpresso,TRUE
Basal,tubb4a,0.503880310825397,0.000296415392725357,6.75173891151036,1.89096204044602e-11,5.9274387037058e-11,14.5559064651202,Superexpresso,TRUE
Basal,runx1,-0.475182804637715,-0.00191539272535583,-6.72939418987646,2.19594188568331e-11,6.83958969489898e-11,14.4095147070162,Subexpresso,FALSE
Basal,arid2,-0.47512458253248,0.00103679493937797,-6.60710968612129,4.9682482742893e-11,0.000000000153764139628321,13.6109113110556,Subexpresso,FALSE
Basal,epcam,0.486380593113084,0.00133763837638376,6.58872960205562,5.60945488128413e-11,0.000000000172517197292323,13.4922217424371,Superexpresso,FALSE
Basal,rbl2,-0.489292047113473,0.00179615181866104,-6.58410040709347,5.78331405878342e-11,0.000000000176752535921568,13.4623786507127,Subexpresso,FALSE
Basal,mapk7,0.4877247405809,-0.000935898787559304,6.55748648938728,6.89004846260307e-11,0.000000000209269173802044,13.2911966413563,Superexpresso,FALSE
Basal,smarcc2,-0.473979973719209,-0.000145282024248815,-6.51197734284764,9.28118205190714e-11,0.000000000280154198974234,13.0000209440589,Subexpresso,FALSE
Basal,mapk9,-0.476349140840806,0.000887875593041647,-6.50522276106477,9.69919928187163e-11,0.000000000290975978456149,12.9569697753294,Subexpresso,FALSE
Basal,gldc,0.484744290289002,0.00111797575118608,6.46544218861357,0.000000000125616330711728,0.000000000374551132427044,12.7042935877457,Superexpresso,FALSE
Basal,cdkn2c,-0.460133826418426,-0.00141228255139694,-6.44344951727404,0.000000000144806815293655,0.00000000042915474350665,12.565400323048,Subexpresso,FALSE
Basal,abcc1,0.478216483796882,0.00334280442804428,6.39398671030683,0.00000000019915641988252,0.000000000586671622425013,12.2541656706402,Superexpresso,FALSE
Basal,heyl,-0.463724568338934,-0.00338687401159726,-6.3512807688091,0.000000000261721768379501,0.000000000766358950524407,11.987438879913,Subexpresso,FALSE
Basal,stat1,0.446118657236961,-0.000198365840801266,6.30232322860578,0.000000000357027265524875,0.00000000103920436215276,11.6843116905679,Superexpresso,FALSE
Basal,thada,0.466341454192933,-0.00116389035318925,6.26145664477878,0.0000000004623886454106,0.00000000133791744145434,11.4320406477581,Superexpresso,FALSE
Basal,map2k5,-0.459564024573658,0.00142503953610965,-6.23859606940164,0.000000000533821957156985,0.00000000153552315911627,11.2919054214395,Subexpresso,FALSE
Basal,bcas3,-0.457085120836547,0.000837585661570902,-6.19661131907381,0.000000000694116713920995,0.00000000198493025208986,11.0358251106274,Subexpresso,FALSE
Basal,asxl1,0.46542979905186,-0.000919820769636268,6.18571914919474,0.000000000742850892559059,0.00000000211194236314756,10.9696619722775,Superexpresso,FALSE
Basal,cacna2d3,-0.451793333324136,-0.00293932525039536,-6.12001722025807,0.00000000111596781211119,0.0000000031543830064877,10.5729436140282,Subexpresso,FALSE
Basal,pik3ca,0.45749943240699,0.00237738534528203,6.11605898687523,0.00000000114352255723015,0.00000000321369270393992,10.5491736508732,Superexpresso,FALSE
Basal,myo3a,0.460512578439706,0.00114765419082762,6.09571886305407,0.00000000129592556166593,0.00000000362118628374079,10.4272612061513,Superexpresso,FALSE
Basal,dtwd2,-0.441296789246926,0.00186705324196099,-5.95615939359117,0.00000000302629560242404,0.00000000840828721355314,9.60135873120848,Subexpresso,FALSE
Basal,sik1,0.438991980192899,0.00135229309435952,5.92450366392923,0.00000000365906322780069,0.0000000101089373920595,9.41659355141519,Superexpresso,FALSE
Basal,lifr,-0.430449618991461,0.00106136004217185,-5.84236950881652,0.00000000596264187026873,0.0000000163805161492214,8.94164056571309,Subexpresso,FALSE
Basal,prkd1,-0.422251639089023,-0.000488191881918821,-5.83383602895665,0.00000000627070568260448,0.0000000171305870323664,8.8926622596482,Subexpresso,FALSE
Basal,notch2,0.433027524718528,0.00296225619399051,5.7895734945213,0.00000000813437651335741,0.0000000220983895279543,8.63972714641194,Superexpresso,FALSE
Basal,col12a1,-0.431873476917126,-0.00102567211386399,-5.78349623835385,0.00000000842905170059758,0.0000000227724103955371,8.6051446897497,Subexpresso,FALSE
Basal,bad,-0.417892575223488,-0.000105851344227728,-5.7690684237899,0.00000000917083910112816,0.0000000246403314310531,8.52318445773093,Subexpresso,FALSE
Basal,mmp9,0.403167036376827,-0.00125313653136531,5.76081932652387,0.00000000961675913364507,0.0000000256972416194122,8.47699671159018,Superexpresso,FALSE
Basal,rps6ka2,-0.40710049351609,-0.0000288877174486031,-5.73895428976882,0.000000010924902694937,0.0000000290341164012184,8.35311531548668,Subexpresso,FALSE
Basal,syne1,-0.424349570779829,-0.00220595677385345,-5.69515778626187,0.000000014084591353406,0.0000000372290009287326,8.10642955771593,Subexpresso,FALSE
Basal,kras,0.419170408345651,0.00315292567211386,5.61530130834497,0.0000000222636465531032,0.0000000585318449702551,7.66200261651071,Superexpresso,FALSE
Basal,siah1,0.413099897384806,0.00144876120189773,5.56553528007579,0.0000000295270213658216,0.0000000772123713790735,7.38811762932866,Superexpresso,FALSE
Basal,tsc2,-0.40299014930507,-0.000988929889298891,-5.53997091657233,0.0000000341053036545384,0.0000000887100717397301,7.24834529527985,Subexpresso,FALSE
Basal,rdh5,-0.395096918767436,-0.00391913547706906,-5.49612015278834,0.0000000436061047863315,0.000000112822144129715,7.01013441113581,Subexpresso,FALSE
Basal,map2k4,-0.391781266040449,0.000395624670532419,-5.46606028088896,0.0000000515592208696182,0.000000132697152659175,6.84780854527442,Subexpresso,FALSE
Basal,smad1,-0.403087066045675,0.000501739588824459,-5.44844865341389,0.0000000568566671126463,0.000000145564974963791,6.7530738304383,Subexpresso,FALSE
Basal,slco1b3,0.411972259911838,-0.00081180811808118,5.44629202447221,0.0000000575401368398612,0.000000146547536014021,6.74149991875396,Superexpresso,FALSE
Basal,ptprm,-0.394893530543392,-0.000991723774380601,-5.41349020443759,0.0000000689716240276865,0.000000174322721962734,6.5660124114324,Subexpresso,FALSE
Basal,bmp5,0.407421758339297,0.000747654190827622,5.41299849908723,0.0000000691587076907368,0.000000174322721962734,6.56338965997056,Superexpresso,FALSE
Basal,psen1,-0.4038579860429,-0.00106910911966263,-5.39577722687524,0.0000000760304609639661,0.000000190661002109638,6.47167766558543,Subexpresso,FALSE
Basal,dnah11,0.403207911379713,-0.000943911439114392,5.39234621232233,0.0000000774764731784636,0.000000193295894817697,6.45343971757383,Superexpresso,FALSE
Basal,ros1,0.404886483066152,-0.00071987348444913,5.38736618521589,0.0000000796228398838377,0.000000197642480726887,6.4269878842086,Superexpresso,FALSE
Basal,hla-g,0.385114895211212,0.000753294675803902,5.37426313983075,0.000000085546796469825,0.00000021127466400881,6.3575270085493,Superexpresso,FALSE
Basal,rps6kb2,0.379994074727313,-0.00102883500263574,5.34188948456998,0.000000102073283754293,0.000000250823295255525,6.18660847211221,Superexpresso,FALSE
Basal,myh9,0.385748391586242,0.0000313653136531369,5.22484716090354,0.000000191795065697437,0.000000468938935630234,5.57680710162737,Superexpresso,FALSE
Basal,mapk12,0.390023321524332,0.00169504480759094,5.20295711565658,0.000000215500108109434,0.00000052427638241549,5.46423183975039,Superexpresso,FALSE
Basal,aph1a,0.388838723992477,0.00119362150764365,5.19893747875269,0.000000220150613403355,0.000000532938861159607,5.44360984367651,Superexpresso,FALSE
Basal,kdm3a,0.391856266918814,0.00160643120716921,5.19664444418778,0.000000222846847719266,0.000000536808416427197,5.43185281338268,Superexpresso,FALSE
Basal,stmn2,-0.387319675934272,-0.00139167105956774,-5.18696965324917,0.000000234578575944273,0.000000562298645278185,5.38230308906537,Subexpresso,FALSE
Basal,hes4,0.382108082555468,0.0000697944122298378,5.15636758265773,0.000000275751815861621,0.000000657768965640647,5.22616608752738,Superexpresso,FALSE
Basal,bmpr1a,0.386029018729045,0.00227796520822351,5.12683508004039,0.000000322058588872373,0.000000764498300769856,5.07634005469768,Superexpresso,FALSE
Basal,ugt2b15,-0.385533016844556,0.00202967843964154,-5.11148274933485,0.000000349013115214844,0.000000824480257681444,4.99878513697051,Subexpresso,FALSE
Basal,tubb4b,0.366915702509923,-0.00226837111228255,5.08060954775355,0.000000409968210115573,0.000000963819493973631,4.84351055769793,Superexpresso,FALSE
Basal,men1,0.378412865471996,-0.00000943595150237092,5.02886455157519,0.000000535865500636198,0.00000125377143450288,4.58532071415307,Superexpresso,FALSE
Basal,ccnd2,-0.340373805049659,0.000199420137058512,-5.02231390090437,0.000000553867806995306,0.00000128972075057478,4.55340116918909,Subexpresso,FALSE
Basal,pdgfra,-0.349249497312751,-0.000428518713758566,-4.98143763638702,0.000000683238608378492,0.00000158342976064968,4.35120154500612,Subexpresso,FALSE
Basal,map2k2,0.369257520193018,-0.00166752767527675,4.97281544307605,0.000000714190209958928,0.00000164735383334866,4.30856518186839,Superexpresso,FALSE
Basal,map3k13,0.367518643661728,0.00046178176067475,4.95804562264178,0.00000076997755664362,0.00000176769495398465,4.23613990773199,Superexpresso,FALSE
Basal,fgf1,-0.366029415789713,0.00135851344227728,-4.92202892174309,0.000000924188944542464,0.00000211181492467881,4.06041054881852,Subexpresso,FALSE
Basal,ran,-0.359077422882877,0.00129478123352662,-4.90403466570546,0.00000101198599494162,0.00000230167977454164,3.97308347254003,Subexpresso,FALSE
Basal,bmpr2,-0.36304240902524,0.000494254085397997,-4.8855495384776,0.00000111052158673859,0.00000251409748108874,3.88369957678142,Subexpresso,FALSE
Basal,cyp3a5,-0.361372297313274,-0.000755824986821299,-4.81049462901754,0.00000161417040473569,0.00000363746234062559,3.52416504002922,Subexpresso,FALSE
Basal,ugt2b7,-0.352693150394595,0.00195940959409594,-4.77686189000599,0.00000190542835117272,0.00000427410304460302,3.36482053920002,Subexpresso,FALSE
Basal,tgfbr3,-0.335464858465396,-0.00316062203479178,-4.73336338035133,0.00000235711715231601,0.00000526315199763711,3.16056593846243,Subexpresso,FALSE
Basal,foxo1,-0.317911188272403,-0.000643384290985763,-4.70923995023935,0.00000264987617781383,0.0000058899520497771,3.04819869529253,Subexpresso,FALSE
Basal,casp8,-0.351630678513782,0.00094190827622562,-4.68701968783484,0.00000295253500341963,0.00000653298469082444,2.94453208958603,Subexpresso,FALSE
Basal,mapk6,0.34720702059274,0.00257000527148129,4.65808793738531,0.000003394300553456,0.00000747663500288281,2.81085000695111,Superexpresso,FALSE
Basal,akt1,-0.333301487477192,0.000387822878228783,-4.65097959766352,0.00000351206265422275,0.00000770133918347501,2.77815646217452,Subexpresso,FALSE
Basal,setd1a,0.347897588484429,-0.000964470216130734,4.6380257820985,0.0000037371646542462,0.00000815836391038568,2.71862670382265,Superexpresso,FALSE
Basal,ddc,0.339012018943229,-0.000641170268845545,4.63702747707517,0.00000375506596153686,0.00000816101002307344,2.71404779844828,Superexpresso,FALSE
Basal,casp3,0.332004326531241,0.00135292567211386,4.61547196517495,0.0000041622686334575,0.00000900597062725982,2.61541505848405,Superexpresso,FALSE
Basal,palld,-0.342376661622071,-0.000357564575645757,-4.61331987965197,0.00000420517279631405,0.00000905872025285273,2.60559235900504,Subexpresso,FALSE
Basal,ptprd,-0.33625043956534,0.000121613073273589,-4.46147726571866,0.00000857610996780026,0.0000183934990098874,1.92387807843888,Subexpresso,FALSE
Basal,hdac1,0.335745299240615,0.00078845545598313,4.44256062838385,0.00000935826227993331,0.0000199833635584602,1.84051696343296,Superexpresso,FALSE
Basal,kmt2c,0.329294393822835,0.00008539799683711,4.43000334538429,0.00000991464891932029,0.0000210794057458592,1.78537191720783,Superexpresso,FALSE
Basal,twist1,-0.321383665909247,0.000371217712177123,-4.39216619785572,0.0000117887596115979,0.0000249554261907853,1.62013701692572,Subexpresso,FALSE
Basal,psen2,-0.314630437088035,0.00168181338956247,-4.38198080681608,0.0000123483740933175,0.0000260273919466908,1.57589502942181,Subexpresso,FALSE
Basal,mecom,-0.322051758588927,-0.00169051133368476,-4.36868585131322,0.0000131170892023623,0.0000275289983689064,1.51829781972884,Subexpresso,FALSE
Basal,arid1a,-0.322039935594323,0.00187648919346336,-4.35256185192611,0.0000141107539323632,0.0000294878575766052,1.4486750101685,Subexpresso,FALSE
Basal,cdkn2b,0.327098474538258,0.000840221402214023,4.34322759876604,0.0000147184065478799,0.0000306268119230351,1.4084855828482,Superexpresso,FALSE
Basal,klrg1,-0.284066315217348,-0.000292936215076435,-4.30971576300697,0.0000171058084741775,0.0000354438150164101,1.26520284882433,Subexpresso,FALSE
Basal,bmp6,0.306508643733413,0.00126531365313653,4.28576536579291,0.0000190456160808162,0.0000392966509009245,1.16296284374176,Superexpresso,FALSE
Basal,sdc4,-0.304040587931437,-0.000555350553505536,-4.27018684776563,0.0000204134653529502,0.0000419419519226582,1.09694279251425,Subexpresso,FALSE
Basal,atr,0.311786486676912,0.000367738534528202,4.23589208133742,0.0000237620057442219,0.0000486176602883871,0.952434296569839,Superexpresso,FALSE
Basal,ldlrap1,-0.30911424742217,-0.0010248286768582,-4.21919078295292,0.0000255759766810769,0.0000521110524876942,0.882481328325047,Subexpresso,FALSE
Basal,nf2,0.318649180092646,0.00063468634686347,4.2139773149666,0.0000261687120949114,0.0000530975112631189,0.860700480074208,Superexpresso,FALSE
Basal,stab2,-0.303882499506737,-0.0011575118608329,-4.1911514120202,0.0000289212553760984,0.0000584400573508766,0.76565002343991,Subexpresso,FALSE
Basal,ncstn,0.30950800649524,0.000556510279388507,4.16686279111475,0.0000321517008432795,0.0000647003362648712,0.665066013723292,Superexpresso,FALSE
Basal,peg3,0.308076885565695,0.000453452820242487,4.10096908528864,0.0000427329175591147,0.0000856409700262585,0.395083010836528,Superexpresso,FALSE
Basal,pdpk1,-0.301423264490788,0.00203010015814444,-4.07760993395092,0.0000472217884027395,0.0000942508348119985,0.300391204096744,Subexpresso,FALSE
Basal,palb2,0.303027973362824,0.00280964681075382,4.07406604707855,0.0000479407097871157,0.0000952967767719496,0.286071727128613,Superexpresso,FALSE
Basal,usp9x,-0.305294950420772,0.00228824459673168,-4.04389476098822,0.0000544961141484933,0.000107889068091551,0.164657468306711,Subexpresso,FALSE
Basal,casp9,-0.292387525457673,0.000120137058513443,-3.92712664989016,0.0000887806639418066,0.000175055422046546,-0.296861596428033,Subexpresso,FALSE
Basal,rps6,0.286592944841592,0.000451713231418029,3.85444479890374,0.000119527609192235,0.000234734943353425,-0.577405376529459,Superexpresso,FALSE
Basal,fgfr1,-0.290062318854401,0.000138850817079599,-3.83633460441473,0.000128622485554392,0.000251585581744392,-0.646504780434543,Subexpresso,FALSE
Basal,hsd17b14,-0.289913840146016,0.00107754348972061,-3.82317824098901,0.000135634689020939,0.000264244473829638,-0.696501656548008,Subexpresso,FALSE
Basal,csf1r,-0.262291901679117,-0.00278481813389563,-3.81178101039541,0.000141965094233253,0.000275479885238337,-0.739494433933261,Subexpresso,FALSE
Basal,asxl2,0.28824856179311,0.00125134422772799,3.80679990230222,0.000144868171041568,0.000280002117151489,-0.758506060474071,Superexpresso,FALSE
Basal,rab25,0.258393062051119,0.00161918819188192,3.79407490379538,0.000152411663461575,0.000293422454459489,-0.806320084754407,Superexpresso,FALSE
Basal,nfkb1,-0.270936907186318,-0.0000645756457564579,-3.7102934157024,0.000212476369912224,0.000407454685831676,-1.11852431702462,Subexpresso,FALSE
Basal,tert,0.281366561404455,0.000994570374275171,3.70847669992886,0.000213996131767084,0.000408766048570718,-1.12521413099842,Superexpresso,FALSE
Basal,ppp2r2a,-0.266736507893828,-0.00049630996309963,-3.68534291624973,0.000234263470768476,0.000444997721333476,-1.21011847473353,Subexpresso,FALSE
Basal,sik2,0.276011302639539,-0.00155519240906695,3.68477380740656,0.000234784073832386,0.000444997721333476,-1.21220057849037,Superexpresso,FALSE
Basal,casp7,-0.276892866097687,0.000251133368476542,-3.66809095536874,0.000250536583995204,0.00047302080916469,-1.27309433661409,Subexpresso,FALSE
Basal,prkce,-0.271451370721371,-0.000406431207169215,-3.6565685961742,0.000261989799476796,0.000492742353631359,-1.31499263213963,Subexpresso,FALSE
Basal,ncoa3,-0.258480862130521,-0.000854454401686875,-3.6330986170308,0.000286851044645968,0.000537433566405664,-1.39992355433906,Subexpresso,FALSE
Basal,mtor,0.271396440421302,0.0000563521349499213,3.5997208783269,0.000326047606906177,0.000608539235790537,-1.51980066168767,Superexpresso,FALSE
Basal,mdm2,-0.266200635064154,0.00177227200843437,-3.55739201197117,0.000382975650778016,0.00071207259783441,-1.67024245540902,Subexpresso,FALSE
Basal,cdkn1b,-0.260332273311952,0.00248265682656827,-3.51970742531915,0.000441353802520631,0.000817507611487079,-1.8026987191112,Subexpresso,FALSE
Basal,hes6,0.246470463787258,0.00107337901950448,3.50910353271065,0.000459181242449899,0.000847319349275474,-1.8396561336105,Superexpresso,FALSE
Basal,ubr5,0.259687753750863,0.00135271481286241,3.49920472564363,0.000476507606279939,0.000875985787484549,-1.87417750365914,Superexpresso,FALSE
Basal,nr1i2,0.259717512053318,-0.00249335793357934,3.43443942805736,0.000605476513821725,0.00110890642419035,-2.09725826340616,Superexpresso,FALSE
Basal,ncor2,-0.254858283728999,-0.0012078545071165,-3.41488072693528,0.000650402047895243,0.00118674105007751,-2.16381722585031,Subexpresso,FALSE
Basal,ryr2,0.257690490122951,-0.00159620453347391,3.41179165189782,0.000657774941302604,0.00119573214236793,-2.17429509025687,Superexpresso,FALSE
Basal,cyp3a4,0.258121302345723,0.000708012651555089,3.40670121306527,0.00067009452052151,0.00121361563161118,-2.1915409438366,Superexpresso,FALSE
Basal,smad5,-0.256606632804289,-0.000584290985767,-3.40135427631556,0.00068326579580557,0.00123290396364916,-2.20962836451076,Subexpresso,FALSE
Basal,arrdc1,-0.239498467918955,0.000835424354243542,-3.38985668722775,0.000712360056587019,0.00128067671937887,-2.24837936652603,Subexpresso,FALSE
Basal,mmp14,0.25501392204074,0.000311544544016869,3.37967239355593,0.000739182452772141,0.00132222170165765,-2.28268507326475,Superexpresso,FALSE
Basal,tp53,0.25583748890819,0.000108381655245125,3.37903951226005,0.000740876781705923,0.00132222170165765,-2.28481061508119,Superexpresso,FALSE
Basal,maml3,-0.248110338048772,0.00063974696889826,-3.29134043106914,0.00101386463235041,0.0018028356553431,-2.57554112685827,Subexpresso,FALSE
Basal,map2k1,0.234403641235412,0.00199852398523985,3.24199723707382,0.00120580498308798,0.00213637187221023,-2.73579263709661,Superexpresso,FALSE
Basal,rptor,0.240189286936801,-0.00131507643647865,3.20698614626867,0.00136179865035129,0.00240404166072845,-2.84804459696953,Superexpresso,FALSE
Basal,sbno1,0.236606317165397,0.00365993674222457,3.19328339931043,0.00142777090974758,0.00251143875851283,-2.89164953635333,Superexpresso,FALSE
Basal,hsd17b13,-0.23964749862024,-0.00110079072219294,-3.18040406300174,0.0014924546872376,0.0026158076776315,-2.93246566146338,Subexpresso,FALSE
Basal,ccnd3,0.226802102077875,-0.000908803373748024,3.17282341336333,0.00153177928858254,0.00267514311470307,-2.95641325977575,Superexpresso,FALSE
Basal,map3k3,-0.23468098072781,-0.00138481813389562,-3.16037765253068,0.00159841811296283,0.00278158881579653,-2.99560721843783,Subexpresso,FALSE
Basal,numbl,0.238015576615002,-0.00175260938323669,3.14253940501629,0.00169859519484422,0.00294543634850647,-3.05151704769846,Superexpresso,FALSE
Basal,terc,0.235293816597,0.00120948866631523,3.13469172713082,0.00174447092653048,0.00301429782004736,-3.07601448043082,Superexpresso,FALSE
Basal,pde4dip,-0.22729744497221,-0.000512598840274116,-3.12760286682835,0.00178688803189685,0.00307671918168155,-3.09809101919344,Subexpresso,FALSE
Basal,tubb1,-0.230494616054833,-0.00253510806536637,-3.07892924389584,0.00210472501294335,0.00361126502220807,-3.24833599688116,Subexpresso,FALSE
Basal,bche,-0.230590073403963,0.000508803373748023,-3.03932896830361,0.00240072919315608,0.00410474327081581,-3.36885074333868,Subexpresso,FALSE
Basal,setd2,-0.226287859544294,-0.000711597258829731,-3.0371455461627,0.00241810935084824,0.00412005391137557,-3.37545053588043,Subexpresso,FALSE
Basal,rad51d,0.22651144328615,0.000113705851344226,3.01066628174979,0.00263825746955562,0.00447954132851632,-3.45511473735067,Superexpresso,FALSE
Basal,jak1,-0.218406308018145,0.000967316816025303,-2.99056591966741,0.00281744925835021,0.00476724113264101,-3.51512598888692,Subexpresso,FALSE
Basal,folr3,0.223120162592834,0.000657406431207168,2.98577658546804,0.00286175463398811,0.0048255104000696,-3.52936613999548,Superexpresso,FALSE
Basal,hist1h2bc,-0.222040175637256,0.00130311017395888,-2.9742399333304,0.00297110379754286,0.00499267957731429,-3.56357522182261,Subexpresso,FALSE
Basal,map3k5,0.209348906523724,0.000280917237743806,2.96857418612096,0.00302605773915913,0.00506761039194799,-3.58029959061781,Superexpresso,FALSE
Basal,srd5a2,0.223631085426351,-0.00413463363205061,2.96715668936844,0.00304011836465894,0.00507378116149564,-3.58451376638774,Superexpresso,FALSE
Basal,dtx4,0.214256279123519,0.000265471797575121,2.85311047993351,0.00437236061349019,0.0072723957142745,-3.91482499036329,Superexpresso,FALSE
Basal,itch,-0.215011758827471,0.000795202952029521,-2.84151343345523,0.00453394086448844,0.00751558333130457,-3.94769412886114,Subexpresso,FALSE
Basal,hes2,0.211151967870018,0.000095835529783869,2.81965708565098,0.00485325231373575,0.00801770399127292,-4.00927978237356,Superexpresso,FALSE
Basal,fas,0.19955366488152,-0.0000353716394306821,2.80534510891142,0.00507314125999409,0.00835274773110138,-4.04934064025386,Superexpresso,FALSE
Basal,zfp36l1,-0.207440853426107,0.0000929362150764346,-2.76943597104552,0.00566542082731678,0.00929661337099968,-4.14900207888101,Subexpresso,FALSE
Basal,rasgef1b,0.207716211249698,0.000483605693199789,2.75708911186389,0.00588302087709823,0.0096213953474951,-4.18297111061088,Superexpresso,FALSE
Basal,acvr1,-0.20592073898022,0.00133352662098049,-2.74960290329024,0.00601860044885032,0.00981031873162602,-4.20349400869643,Subexpresso,FALSE
Basal,snw1,-0.202235513473997,0.000367633104902479,-2.71797557747911,0.0066230133057803,0.0107304620235535,-4.28958661992468,Subexpresso,FALSE
Basal,hsd3b7,-0.203490505715277,-0.00127316816025303,-2.71777609510309,0.00662699290616188,0.0107304620235535,-4.29012649183049,Subexpresso,FALSE
Basal,st7,-0.198501569240271,0.00129567738534528,-2.70011792788769,0.00698790862951689,0.0112775159070421,-4.33776002996523,Subexpresso,FALSE
Basal,eif4e,-0.199118184844229,0.0020454401686874,-2.6751344442674,0.0075287337065292,0.0121103644160947,-4.40462715116406,Subexpresso,FALSE
Basal,fbxw7,0.197468408285035,-0.0011462836056932,2.6698262360422,0.00764836953507685,0.0122624678775494,-4.41875481190474,Superexpresso,FALSE
Basal,kdr,-0.201122531590645,0.00148365840801265,-2.66040928995185,0.00786480998637199,0.0125682747821435,-4.44374919929968,Subexpresso,FALSE
Basal,taf1,-0.200028410459209,0.000904006325777544,-2.65101450126989,0.0080861964267346,0.0128799675982841,-4.46859737203449,Subexpresso,FALSE
Basal,itgav,-0.195417986080362,0.0019598840274117,-2.61914572055187,0.00887936139907017,0.0140974276757965,-4.55223631797235,Subexpresso,FALSE
Basal,mmp27,-0.19626205689167,-0.000661570901423298,-2.61290555349749,0.00904257456826237,0.0143100937342404,-4.56849586658414,Subexpresso,FALSE
Basal,hsd17b6,-0.194368994344563,-0.0000945703742751726,-2.5901776303297,0.0096599261432584,0.0152210800037452,-4.62739061782595,Subexpresso,FALSE
Basal,fgf2,0.190596902883017,-0.00401560358460727,2.58944339292508,0.00968048237457007,0.0152210800037452,-4.62928471970255,Superexpresso,FALSE
Basal,map4,0.192037923763725,-0.00232904586188719,2.56862049646351,0.0102799379281711,0.0161118257912681,-4.68277912210765,Superexpresso,FALSE
Basal,mmp11,-0.187891718051898,-0.0015074327886136,-2.55708446547223,0.0106260827244358,0.0166011324353007,-4.71223065692503,Subexpresso,FALSE
Basal,rad51c,-0.183698490571263,0.000779810226673698,-2.55137658324402,0.0108011564961215,0.016820909320393,-4.72675418888173,Subexpresso,FALSE
Basal,hsd17b1,-0.190353580684482,-0.00263410648392198,-2.52942602573402,0.011498576433858,0.0178501710354176,-4.78230619643139,Subexpresso,FALSE
Basal,mapk8,0.18881127567147,0.0000473379019504473,2.48949186132243,0.0128705340015383,0.0199167440720008,-4.88214726637777,Superexpresso,FALSE
Basal,tnk2,-0.184534522798031,-0.0027983131259884,-2.4670299786554,0.0137042948727184,0.0211400636995562,-4.93761115930838,Subexpresso,FALSE
Basal,cyp2c8,-0.185260188996855,0.000873906167633106,-2.46220196535319,0.0138896176241157,0.0213585629502911,-4.94946745520187,Subexpresso,FALSE
Basal,foxo3,0.178816549519215,-0.00131418028465999,2.4410055317154,0.0147296942370778,0.0225134124161568,-5.00124694388942,Superexpresso,FALSE
Basal,apaf1,-0.183469263982759,0.00157859778597786,-2.44093154368453,0.0147327034216159,0.0225134124161568,-5.00142690524439,Subexpresso,FALSE
Basal,utrn,-0.181188794415154,0.000909330521876647,-2.40183094922511,0.0164008605054291,0.0249844884335041,-5.09577258153724,Subexpresso,FALSE
Basal,diras3,-0.175752817174795,0.000892461781760675,-2.39359753100612,0.0167725794284813,0.0254714016786564,-5.11544587299488,Subexpresso,FALSE
Basal,casp6,-0.17805005047303,0.00131497100685293,-2.39110169927493,0.0168867125788068,0.0255653326657478,-5.1213962538135,Subexpresso,FALSE
Basal,pdgfb,-0.176996021965731,-0.001431418028466,-2.38673363496941,0.0170881043424304,0.0257903797020014,-5.13179541843279,Subexpresso,FALSE
Basal,tbl1xr1,0.175201067386146,0.00162583025830259,2.33183470447232,0.0198048478387069,0.0297986787480851,-5.26088217725249,Superexpresso,FALSE
Basal,dll1,-0.169820069545615,-0.00073120716921455,-2.33003488717537,0.0198999686929684,0.0298499530394525,-5.26506360031536,Subexpresso,FALSE
Basal,acvr2a,-0.171174716866616,0.00100637849235635,-2.31031222101065,0.0209687502181894,0.0313569383996777,-5.31067381570931,Subexpresso,FALSE
Basal,psenen,-0.164200059079915,0.000698523985239852,-2.27663772285214,0.0229095148243207,0.0341547339911367,-5.3876571870603,Subexpresso,FALSE
Basal,akt3,0.171289282081476,-0.00439135477069056,2.26175889245032,0.0238156101649875,0.0353976698196927,-5.42131348031979,Superexpresso,FALSE
Basal,rassf1,0.167735721097554,-0.000412335266209806,2.22519262869752,0.0261756677942759,0.0387875804587907,-5.50309426356843,Superexpresso,FALSE
Basal,mapk14,0.165426618204006,0.000262414338429099,2.18656780828326,0.0288856700803523,0.0426739959797349,-5.58803826812808,Superexpresso,FALSE
Basal,mmp10,-0.160182740952469,-0.000686030574591461,-2.13426573153265,0.0329381984227704,0.0485143946648637,-5.70070153246015,Subexpresso,FALSE
Basal,nrg3,0.160586445403865,0.000247021613073273,2.11153912944392,0.0348455269982976,0.0511695576641668,-5.74881029478102,Superexpresso,FALSE
Basal,bap1,-0.157410731889348,-0.00268144438587243,-2.09609618041745,0.0361947708353776,0.0529917453248493,-5.7812080479712,Subexpresso,FALSE
Basal,rfng,0.1562964319531,0.000346441750131788,2.09000986592929,0.0367386422627152,0.0536274509446799,-5.79391146795721,Superexpresso,FALSE
Basal,ncoa2,0.155459171990468,0.00213347390616763,2.07261458366503,0.0383316376799788,0.0557862226949691,-5.83001627336895,Superexpresso,FALSE
Basal,cyp19a1,-0.156649898011507,-0.00207480231945177,-2.07124773856979,0.0384592613432223,0.0558058718006994,-5.83284049707898,Subexpresso,FALSE
Basal,itgb3,-0.15622452465608,0.00129077490774908,-2.05932219814651,0.0395881722073418,0.0572740124538169,-5.85740275468474,Subexpresso,FALSE
Basal,spen,0.152276919022919,0.000110753821823932,2.04800228065359,0.040685668954488,0.0586881773414296,-5.88058697747611,Superexpresso,FALSE
Basal,ctbp2,-0.15117890288512,-0.0000110701107011072,-2.03181892461037,0.0422994374125222,0.0608365438080099,-5.91351091561608,Subexpresso,FALSE
Basal,zfyve9,0.15010069899257,0.0000653136531365327,1.97308420333825,0.0486187846929126,0.069720192712124,-6.03081700417678,Superexpresso,FALSE
Basal,pik3r3,0.145882604330179,-0.00211175540326832,1.96420115438028,0.0496403555144064,0.0709769995513004,-6.0482599924932,Superexpresso,FALSE
Basal,dlec1,-0.145962612225356,-0.00213995782814971,-1.94778398961451,0.0515757974406249,0.0735293438730774,-6.08029078562228,Subexpresso,FALSE
Basal,shbg,0.146903595305253,0.00152688455455983,1.94179502096679,0.0522974011169228,0.0743413637970211,-6.09190891340155,Superexpresso,FALSE
Basal,star,0.145907634751337,-0.00333879810226674,1.92267737947525,0.0546576165571593,0.0774712304244953,-6.12875710840576,Superexpresso,FALSE
Basal,wfdc2,-0.142634295930784,-0.000420769636267791,-1.91892883834152,0.055130675819235,0.0779158973283407,-6.13593961568683,Subexpresso,FALSE
Basal,sptbn1,0.139597926240881,-0.0023409594095941,1.89722117462498,0.0579377706410542,0.081647175341428,-6.17725860254598,Superexpresso,FALSE
Basal,hif1a,0.136944491215694,0.000824459673168162,1.87524498769031,0.0608996659266559,0.0855745305693528,-6.21861152497272,Superexpresso,FALSE
Basal,akr1c3,-0.137594938321223,0.000444965735371642,-1.87236529638868,0.0612969271183279,0.0858859523233878,-6.22399470235793,Subexpresso,FALSE
Basal,aff2,0.140944452170147,0.00114338429098577,1.86721120777398,0.0620133085846466,0.0866414511368349,-6.23360896073476,Superexpresso,FALSE
Basal,acvr1c,-0.141030616711741,-0.00238350026357406,-1.86470693578051,0.0623638792486455,0.0868830112609334,-6.23827080854634,Subexpresso,FALSE
Basal,hras,0.134255888561964,-0.00134312071692145,1.85020423655011,0.0644264985942256,0.0895015846948192,-6.26514580322145,Superexpresso,FALSE
Basal,hsd17b7,-0.133164198798564,0.00170548234053769,-1.8412514247563,0.0657276970650187,0.0910505491920514,-6.28163188067765,Subexpresso,FALSE
Basal,arl11,-0.139692229413113,-0.0000923036373220864,-1.83673974577463,0.0663915931484898,0.0917104210441003,-6.28990966871768,Subexpresso,FALSE
Basal,arid5b,-0.128463579034791,0.00152409066947812,-1.80074736908081,0.0718880433921828,0.0990232485035983,-6.3552212037172,Subexpresso,FALSE
Basal,akt2,0.134735372592335,-0.000782076963626779,1.79313524391296,0.0730972040394046,0.100405990941766,-6.3688695994146,Superexpresso,FALSE
Basal,fn1,-0.134649157819398,-0.000311386399578283,-1.78734155476536,0.0740285253623353,0.101400417092947,-6.37921860405766,Subexpresso,FALSE
Basal,adam10,-0.133373199927493,0.00247933579335793,-1.77239799370037,0.0764755343260332,0.104459598562654,-6.40575748497265,Subexpresso,FALSE
Basal,akap9,0.133570376377135,0.00146636794939378,1.75892920872824,0.078737229862669,0.107241190334378,-6.42948691038112,Superexpresso,FALSE
Basal,cxcr1,-0.132670522931459,-0.00340300474433316,-1.75767507039047,0.0789505695713211,0.107241190334378,-6.43168727795323,Subexpresso,FALSE
Basal,ppp2cb,-0.131548670583462,0.00114554559831313,-1.74489061300674,0.0811522719945428,0.109926484779311,-6.45402814566179,Subexpresso,FALSE
Basal,map3k4,0.130029084151216,-0.00202329994728519,1.73982816722063,0.0820377840654558,0.110818995602232,-6.46282983659196,Superexpresso,FALSE
Basal,rbpj,-0.121691820173961,-0.000124037954665263,-1.73342036734115,0.0831692650426877,0.112037935553373,-6.47393259589925,Subexpresso,FALSE
Basal,rps6ka1,0.125016839406821,-0.00171845018450185,1.69161742556667,0.0908694209116118,0.122074579191698,-6.54537243150686,Superexpresso,FALSE
Basal,dph1,-0.12793444666524,-0.000105376910911969,-1.68397916719948,0.0923364244965271,0.123509550670389,-6.55823779678256,Subexpresso,FALSE
Basal,prkcz,0.122702637065754,-0.000956352134949922,1.68342946044707,0.0924427311766102,0.123509550670389,-6.55916144591527,Superexpresso,FALSE
Basal,herc2,0.126792451473499,-0.00156794939377965,1.67509576860468,0.0940664466472393,0.125288826837345,-6.57312735838667,Superexpresso,FALSE
Basal,smarcd1,0.126431960192767,-0.000465946230890883,1.67397327806059,0.0942868880902718,0.125288826837345,-6.57500318798836,Superexpresso,FALSE
Basal,hsd17b3,-0.124915639769391,-0.00299694254085398,-1.65779074578784,0.097511193623359,0.129222150899248,-6.60190697129409,Subexpresso,FALSE
Basal,slc29a1,-0.121110380417592,0.000888402741170268,-1.61653668122711,0.106130666593039,0.140264583686476,-6.66931339844445,Subexpresso,FALSE
Basal,maml1,0.122354331806658,-0.00121660516605166,1.61366397123426,0.106752714067324,0.140706407490354,-6.67394412228296,Superexpresso,FALSE
Basal,atm,0.121939968623955,-0.000784132841328415,1.60310900675191,0.109063114999565,0.143365223749429,-6.69088786381791,Superexpresso,FALSE
Basal,myo1a,-0.117938812769566,0.000912335266209806,-1.55516767283141,0.120058970017252,0.157396344070875,-6.76645132739624,Subexpresso,FALSE
Basal,hsd3b2,0.118178523314101,0.00131576172904586,1.55340180065542,0.120480001934073,0.157525991833588,-6.76919093186047,Superexpresso,FALSE
Basal,ahnak2,0.116031309533029,-0.00161813389562467,1.54358552216777,0.122841589910857,0.160185433243757,-6.7843634647019,Superexpresso,FALSE
Basal,agmo,0.117059231208014,-0.000210964681075381,1.53600454615307,0.124690053453342,0.162163393985863,-6.79601533006015,Superexpresso,FALSE
Basal,cdkn1a,-0.115521714756961,-0.00122551396942541,-1.52855077395367,0.126528594389538,0.164117991131257,-6.80741588127942,Subexpresso,FALSE
Basal,acvr2b,0.114705439731623,-0.00117564575645757,1.52664903551873,0.127001041068503,0.164294997572746,-6.81031573222909,Superexpresso,FALSE
Basal,pms2,-0.111743219432909,0.00241222983658408,-1.5169789755378,0.129424647714156,0.16698852963647,-6.82500532344535,Subexpresso,FALSE
Basal,cir1,-0.111851607621268,0.000177965208223511,-1.48022345803318,0.138965760113236,0.178826991303612,-6.87999007027475,Subexpresso,FALSE
Basal,ctnna3,0.111480688772664,-0.00090980495519241,1.4622753957962,0.143817518278627,0.184584688814301,-6.90635062677017,Superexpresso,FALSE
Basal,gps2,-0.110133446281111,-0.00188845545598313,-1.44921517473558,0.147428934982806,0.188724474362807,-6.92533062418235,Subexpresso,FALSE
Basal,eif5a2,0.107035137852562,-0.000389351607801792,1.44139453390763,0.149624471496335,0.191034899638924,-6.93661476222954,Superexpresso,FALSE
Basal,inhba,-0.1087308726483,0.00161375856615709,-1.43020459442896,0.152809188985803,0.194592951599109,-6.95265437520744,Subexpresso,FALSE
Basal,wwox,-0.105585368163483,-0.00144554559831313,-1.40070607483453,0.161451830366146,0.205064792335182,-6.99433947552408,Subexpresso,FALSE
Basal,e2f1,0.105266119929882,-0.00014412229836584,1.38712835599994,0.165551921669424,0.209727693513855,-7.01323508843871,Superexpresso,FALSE
Basal,pbrm1,-0.104441395119587,0.00176989984185556,-1.37730487723216,0.168566876336307,0.212581131678831,-7.02679152139429,Subexpresso,FALSE
Basal,dnah5,-0.101276622994726,-0.00212208750658935,-1.37695898648689,0.168673781372978,0.212581131678831,-7.02726709905811,Subexpresso,FALSE
Basal,tgfb1,-0.104026569565929,0.000892988929889299,-1.36554948607795,0.17222873759999,0.216503477342918,-7.04288759979658,Subexpresso,FALSE
Basal,mmp17,0.100851415365623,-0.00187480231945177,1.32450643030713,0.185481083027262,0.232564742564952,-7.09800594947465,Superexpresso,FALSE
Basal,gdf11,-0.0982750322304966,-0.00114127569847127,-1.31446825324941,0.188834261389729,0.236163564755953,-7.11123107027799,Subexpresso,FALSE
Basal,brca1,0.0893031860228403,0.00116578808645229,1.26353263388699,0.206539557342515,0.257647560052269,-7.17679011881137,Superexpresso,FALSE
Basal,erbb4,0.0952857507530438,-0.000410542962572483,1.26068562434636,0.207564178934586,0.258266879132348,-7.1803778714209,Superexpresso,FALSE
Basal,srd5a3,-0.090153956838632,0.000572851871375858,-1.22490797760261,0.220749226300158,0.273975562590806,-7.22477885966565,Subexpresso,FALSE
Basal,ep300,-0.0926407837953436,0.00121692145492883,-1.22244654748964,0.221677941331211,0.274431679268258,-7.22778663296906,Subexpresso,FALSE
Basal,nf1,-0.0890543013793417,0.000254348972061148,-1.18673132916524,0.235469757374647,0.290769473121723,-7.27074942930576,Subexpresso,FALSE
Basal,bbc3,-0.0889783012539401,-0.00036151818661044,-1.17294750585966,0.240951779267414,0.296789471188326,-7.28699015385034,Subexpresso,FALSE
Basal,hes5,0.0882569807156494,-0.000814232999472852,1.16470040629358,0.244274457817059,0.300126155458648,-7.29661665749045,Superexpresso,FALSE
Basal,stat5a,-0.0842522853010472,-0.00190131787032156,-1.16284223658346,0.2450275199936,0.30029688540569,-7.29877625959088,Subexpresso,FALSE
Basal,brca2,0.0874708619039472,0.000181918819188193,1.15705343212418,0.247383998543388,0.302426938219292,-7.30548204907113,Superexpresso,FALSE
Basal,cyp11b2,-0.0876053524058201,0.0000000527148128642228,-1.15103189004526,0.249852020799167,0.304682389453348,-7.31242197817168,Subexpresso,FALSE
Basal,hdac9,0.0853898545405573,-0.00259583552978387,1.12789304874476,0.25949576938217,0.315655301561893,-7.33875338535116,Superexpresso,FALSE
Basal,rad50,-0.0838188623990063,-0.00114027411702688,-1.10241163312077,0.270410878335636,0.328116425573514,-7.36713268574118,Subexpresso,FALSE
Basal,casp10,-0.0806288473555208,-0.000844438587243016,-1.08319926371825,0.27884610993891,0.337514227129027,-7.38810170327861,Subexpresso,FALSE
Basal,ugt2b17,-0.0809446280950493,0.000271481286241435,-1.06247211228516,0.288145315282451,0.347908788081774,-7.4103110717113,Subexpresso,FALSE
Basal,spaca1,0.0801762327929688,0.00184364786505008,1.05338951766148,0.292285417210925,0.3520383473304,-7.41990811068593,Superexpresso,FALSE
Basal,prkacg,-0.0789983576237124,0.000257828149710069,-1.04129972399315,0.297858036160575,0.356562541900421,-7.43255498579845,Subexpresso,FALSE
Basal,ctcf,-0.0788361561325946,0.00166905640484976,-1.04101376603132,0.297990698773773,0.356562541900421,-7.43285235484802,Subexpresso,FALSE
Basal,ush2a,0.0792641131913744,-0.00291254612546126,1.04049988026482,0.298229201712213,0.356562541900421,-7.43338654205743,Superexpresso,FALSE
Basal,opcml,-0.0766367104621808,0.0014475487612019,-1.03644358893064,0.300116271590995,0.357943553190236,-7.43759383203341,Subexpresso,FALSE
Basal,akr1c1,0.0784043536087819,0.00048255139694254,1.02820608988515,0.303972992770476,0.361661297967793,-7.44608745637842,Superexpresso,FALSE
Basal,inha,-0.0752184743070174,-0.00279109119662625,-1.00990090734029,0.312660769920467,0.371094942939583,-7.46471939492997,Subexpresso,FALSE
Basal,hes7,0.075693880016029,0.00141623616236162,0.994562211601265,0.320065447870245,0.37896369009334,-7.48007442402503,Superexpresso,FALSE
Basal,cyp3a43,0.0740153166596179,-0.0016244069583553,0.971295860034497,0.331514420622533,0.391571380880238,-7.50291739637849,Superexpresso,FALSE
Basal,shank2,0.0715824942326273,-0.000877069056404849,0.965464519396941,0.334424948292041,0.394057348710381,-7.50855795941327,Superexpresso,FALSE
Basal,dtx1,-0.06898166964534,-0.00339325250395361,-0.928512032000144,0.353250257708619,0.414562848869462,-7.54351260953338,Subexpresso,FALSE
Basal,prr16,-0.0696372671631586,0.0000431734317343175,-0.927986143908823,0.353522920201566,0.414562848869462,-7.54400023007785,Subexpresso,FALSE
Basal,tulp4,-0.067101693841591,0.000264259356879282,-0.90509088055038,0.365522545456745,0.427608910833369,-7.56496185746079,Subexpresso,FALSE
Basal,tgfbr1,-0.0667386699188235,-0.00200875065893516,-0.888513885653088,0.374367597407087,0.436911110100395,-7.57981227681618,Subexpresso,FALSE
Basal,mmp26,-0.0662058818532433,0.000684132841328412,-0.86887645077552,0.385015414339495,0.447551254236836,-7.59704944421206,Subexpresso,FALSE
Basal,csf1,-0.0652307159373828,-0.000404059040590405,-0.86832862635937,0.385315088003493,0.447551254236836,-7.5975247894025,Subexpresso,FALSE
Basal,bmf,0.0652250080381579,-0.000562361623616236,0.866300732954675,0.386425637232026,0.447777574896827,-7.59928177788284,Superexpresso,FALSE
Basal,mmp19,-0.0642774219430376,0.00236215076436479,-0.856390247143907,0.391881056685767,0.453025618721845,-7.60780927504679,Subexpresso,FALSE
Basal,or6a2,0.0647675361836261,0.00169715340010543,0.851038711149961,0.394846258657569,0.455376935102716,-7.61237324844556,Superexpresso,FALSE
Basal,ncor1,-0.0612908030951353,0.000651713231418029,-0.832582942289113,0.405176003321522,0.466190742645234,-7.62789364724849,Subexpresso,FALSE
Basal,gdf2,-0.0629358984975144,0.00317364259356879,-0.826032984295527,0.408880551044442,0.469348801551015,-7.63332008692024,Subexpresso,FALSE
Basal,mmp13,-0.0620662202721751,-0.00140774907749078,-0.823251528202157,0.410459779761967,0.470058155277757,-7.63561148235973,Subexpresso,FALSE
Basal,cyp11a1,-0.0570579734177608,-0.00189773326304692,-0.800778538342305,0.42335155908361,0.483633467839974,-7.65384189266133,Subexpresso,FALSE
Basal,mlst8,-0.0578373651580257,-0.000751027938850817,-0.799155459379397,0.424291938043658,0.483633467839974,-7.65513881133685,Subexpresso,FALSE
Basal,pik3r2,0.0565067543611666,-0.000326410121244069,0.772011768998449,0.440195561164599,0.500594486998812,-7.67644161302976,Superexpresso,FALSE
Basal,mmp23b,-0.0575946325902072,-0.000454454401686873,-0.757424093048276,0.448882013553135,0.509288409808545,-7.68758634465841,Subexpresso,FALSE
Basal,akt1s1,0.0552417084711475,-0.000855192409066947,0.749111171637699,0.453875296316105,0.513761620135592,-7.69384223131392,Superexpresso,FALSE
Basal,sf3b1,-0.0558489377791465,0.00241649973642594,-0.741353553970711,0.458563172204249,0.517869263759533,-7.69961798277883,Subexpresso,FALSE
Basal,birc6,0.0557608482981497,-0.000623563521349499,0.73678454118317,0.461336858626098,0.519801207069497,-7.70299161494829,Superexpresso,FALSE
Basal,spry2,0.0489524215078586,-0.000468160253031102,0.722123676049763,0.470299306426972,0.528681289293768,-7.71367681022874,Superexpresso,FALSE
Basal,ctbp1,-0.0533627891088488,-0.00268007380073801,-0.702974254738025,0.482150824315547,0.540760901583263,-7.72730832157415,Subexpresso,FALSE
Basal,bmp3,0.0532572134861595,-0.00032377438060095,0.7010201343709,0.483369224011604,0.540886843344793,-7.7286788506254,Superexpresso,FALSE
Basal,hes1,-0.0497989655935438,-0.000456510279388507,-0.682025346173918,0.495299209189507,0.552971034917052,-7.74180222521179,Subexpresso,FALSE
Basal,map3k10,0.0506300536008561,-0.00109583552978387,0.666594242858526,0.505105616571195,0.562634730075887,-7.75219821856372,Superexpresso,FALSE
Basal,arid1b,-0.0487578516467187,-0.00110927780706378,-0.641234555002833,0.521441272534334,0.579510868793839,-7.76876659741323,Subexpresso,FALSE
Basal,abcb11,0.0480086731299195,0.000993147074327887,0.631117475447039,0.528033376058052,0.585506396581377,-7.77519721230628,Superexpresso,FALSE
Basal,akr1c4,0.0448765831820788,-0.00066483921982077,0.610152949622959,0.541827452874331,0.599442589265945,-7.78819727912917,Superexpresso,FALSE
Basal,smad6,0.0456051661392815,-0.00192156035846073,0.602312151405734,0.547032327107526,0.603834780938105,-7.79294655488945,Superexpresso,FALSE
Basal,prkg1,0.0449294824782093,-0.00356441750131787,0.592651475133052,0.55347914065917,0.609574999509761,-7.79871371870687,Superexpresso,FALSE
Basal,stat3,0.0420338329264534,0.00172308908803374,0.574861162919406,0.565447653609186,0.621357084527847,-7.80909016458528,Superexpresso,FALSE
Basal,hsd3b1,0.0435545444377947,0.000124512387981023,0.571566458333535,0.567677763287839,0.622409027461331,-7.81097715269466,Superexpresso,FALSE
Basal,smad2,-0.0429221799706618,0.000572377438060095,-0.562710682716453,0.573692829100866,0.627596853311686,-7.81599541406172,Subexpresso,FALSE
Basal,clrn2,0.0400374333329113,0.00100342646283606,0.525667226417412,0.599175729579527,0.652995724783541,-7.83613747936822,Superexpresso,FALSE
Basal,akr1c2,-0.0385288738325807,-0.000897680548234054,-0.525084108329587,0.599580941570163,0.652995724783541,-7.83644358656519,Subexpresso,FALSE
Basal,e2f6,0.0398103138619174,0.000406642066420664,0.522998655278638,0.601031149582741,0.653120515879912,-7.83753556325298,Superexpresso,FALSE
Basal,smad7,0.0381745069467738,0.000640959409594098,0.513484687621043,0.607667105873868,0.65886743851956,-7.84246211028698,Superexpresso,FALSE
Basal,pdgfa,0.037777100581447,-0.00159936742224565,0.509051251900866,0.610770541617864,0.660767245245875,-7.8447269587227,Superexpresso,FALSE
Basal,magea8,0.0377403277317082,0.000565840801265155,0.496278686138701,0.619750480311233,0.669002174110801,-7.85114213706068,Superexpresso,FALSE
Basal,mmp25,0.0373835624340938,0.00104986821296784,0.494045060358414,0.62132676298261,0.669226403300653,-7.85224726143462,Superexpresso,FALSE
Basal,cxcr2,0.0356812659704628,0.00129947285187138,0.468754037463829,0.639294804302918,0.686682108809551,-7.86441271790711,Superexpresso,FALSE
Basal,agtr2,0.0352895890330098,-0.000415129151291514,0.466238133646244,0.641094102152779,0.686682108809551,-7.8655879703207,Superexpresso,FALSE
Basal,cyp3a7,-0.0351468882415636,-0.000611860832894043,-0.463458513509141,0.643084457931296,0.686682108809551,-7.86687905989873,Subexpresso,FALSE
Basal,jag1,0.0337332515370015,-0.00351101739588824,0.463366882764936,0.643150114181543,0.686682108809551,-7.86692148951307,Superexpresso,FALSE
Basal,clk3,0.0349515640636393,-0.000661096468107539,0.459265856258198,0.646091475023113,0.688319676005016,-7.86881188114146,Superexpresso,FALSE
Basal,fanca,0.032547617714671,-0.000121244069583552,0.428030629801172,0.668673337325711,0.710828830331028,-7.88265860640592,Superexpresso,FALSE
Basal,gh1,-0.0322694119057312,0.000215972588297312,-0.425288012734501,0.670670926821099,0.711405820424116,-7.88382787212836,Subexpresso,FALSE
Basal,bmp15,0.0320624726246074,-0.00082182393252504,0.422395739917463,0.672780044719494,0.712098359021283,-7.88505279975123,Superexpresso,FALSE
Basal,tg,-0.0316664317380347,0.00105867158671587,-0.415619807037739,0.677731299066385,0.715789644154346,-7.8878897997663,Subexpresso,FALSE
Basal,izumo1r,-0.0304967904399139,0.00164217185028993,-0.400803984624319,0.688605799195696,0.725707404755809,-7.89393320127945,Subexpresso,FALSE
Basal,lipi,0.0301446554947963,-0.000106167633104902,0.395763530627254,0.692320257770715,0.7280529162363,-7.89593921533436,Superexpresso,FALSE
Basal,nbn,-0.0284913024973734,0.00149119662625198,-0.374106412311534,0.708363454008646,0.743325598734395,-7.90426954004166,Subexpresso,FALSE
Basal,inhbc,-0.0233028367472272,0.00114243542435424,-0.305518408999067,0.76000206272949,0.795805157761715,-7.92755945663351,Subexpresso,FALSE
Basal,ptpn22,0.0210500405418979,0.00146895097522404,0.296434269774438,0.766928098225597,0.801341538530592,-7.93029165242201,Superexpresso,FALSE
Basal,stk11,-0.0210378507297707,-0.00352783342119136,-0.278207007174422,0.780881234865467,0.814181074305359,-7.93552489542223,Subexpresso,FALSE
Basal,thsd7a,-0.019640870536489,-0.00246399578281497,-0.259813009220766,0.795033846867884,0.827173513017862,-7.94046953213767,Subexpresso,FALSE
Basal,stat2,0.0181241750236084,-0.00148181338956247,0.245278932674145,0.806264770541661,0.837077436931788,-7.94413744926778,Superexpresso,FALSE
Basal,dll4,0.0155882421894034,0.000306167633104902,0.20500825572259,0.837585826017746,0.867610437622761,-7.95319775446831,Superexpresso,FALSE
Basal,mmp21,0.015352535419093,0.00136541908276226,0.201444986253792,0.840370429851305,0.867610437622761,-7.95392139956071,Superexpresso,FALSE
Basal,rbpjl,0.01526127398078,0.00129235635213495,0.200644046254487,0.840996620517768,0.867610437622761,-7.9540823116814,Superexpresso,FALSE
Basal,nt5e,0.0134062669668519,-0.000529994728518714,0.190310046852037,0.849084779265951,0.874110435918001,-7.95610098926808,Superexpresso,FALSE
Basal,cdh1,-0.0135941186510961,0.000776489193463362,-0.183855488601929,0.854144827593485,0.877472312380702,-7.95730765883016,Subexpresso,FALSE
Basal,mmp24,-0.0133331175003354,0.0000135477069056416,-0.175235757349717,0.860911522965414,0.882569674486556,-7.95885421894666,Subexpresso,FALSE
Basal,cyp17a1,-0.0119215096669155,-0.00383025830258302,-0.156828158416896,0.87539557035283,0.895540656699862,-7.96190835273561,Subexpresso,FALSE
Basal,gpr32,0.0111918731761735,-0.00137453874538745,0.146970961572682,0.883169249307453,0.901607020691743,-7.96340462328066,Superexpresso,FALSE
Basal,rictor,-0.00992597030273567,0.0018566684238271,-0.131049824269046,0.895748624617534,0.912543911329113,-7.96561630342591,Subexpresso,FALSE
Basal,jak2,-0.00500708222050057,0.00145872430152873,-0.0705379651353808,0.943772275505461,0.959469111688504,-7.97171135921825,Subexpresso,FALSE
Basal,mmp3,0.00337283831794193,-0.000170005271481287,0.0456033420110569,0.963630803079691,0.977625441298691,-7.97315833990385,Superexpresso,FALSE
Basal,hey1,0.00168566263484173,0.000899420137058514,0.0222532836432525,0.982248058154719,0.994449897386454,-7.97395002960585,Superexpresso,FALSE
Basal,dnah2,0.00134176022454251,-0.0014702688455456,0.0178430938080844,0.985765745491127,0.994685802125688,-7.9740383858755,Superexpresso,FALSE
Basal,mmp16,-0.000870607219300287,-0.0014904586188719,-0.0114603899118392,0.990857236076948,0.994685802125688,-7.97413184010058,Subexpresso,FALSE
Basal,smad9,-0.000662078424084375,-0.000617606747496046,-0.00880060920300785,0.992979068254858,0.994685802125688,-7.97415876671202,Subexpresso,FALSE
Basal,bmp10,0.00051565511957999,-0.00157680548234054,0.0067811393419555,0.994590128344039,0.994685802125688,-7.97417448946504,Superexpresso,FALSE
Basal,apc,-0.000505580378190176,-0.00371729045861887,-0.00667970515271638,0.994671049512348,0.994685802125688,-7.97417517169643,Subexpresso,FALSE
Basal,kmt2d,-0.000506668501112681,-0.00133700579862941,-0.00666121284962217,0.994685802125688,0.994685802125688,-7.97417529496475,Subexpresso,FALSE
claudin.low,erbb3,-1.50813504013231,0.00135687928307855,-24.8115527247412,2.57812187978387e-119,1.26070159921431e-116,261.571018085541,Subexpresso,TRUE
claudin.low,klrg1,1.55655310917734,-0.000292936215076435,23.5661611796407,4.43524052691834e-109,9.83094557678085e-107,238.07559549356,Superexpresso,TRUE
claudin.low,folr2,1.57099522149893,-0.00136831839746969,23.5496752130874,6.03125495508027e-109,9.83094557678085e-107,237.769195021838,Superexpresso,TRUE
claudin.low,rab25,-1.42141337010968,0.00161918819188192,-20.8277069424413,1.08952085947404e-87,1.33193925070701e-85,188.987631001764,Subexpresso,TRUE
claudin.low,csf1r,1.37010480305668,-0.00278481813389563,19.8697708719176,1.31314565918784e-80,1.28425645468571e-78,172.742707484434,Superexpresso,TRUE
claudin.low,gata3,-1.00259669190648,-0.000376910911966263,-19.4794443558318,8.69101254848225e-78,7.08317522701303e-76,166.272466390628,Subexpresso,TRUE
claudin.low,tgfbr2,1.26782348576094,-0.0000255666842382718,18.8658428994058,1.97265260826774e-73,1.37803875063275e-71,156.281954067948,Superexpresso,TRUE
claudin.low,ccnd2,1.25748647818469,0.000199420137058512,18.515995103063,5.42927510575264e-71,3.3186444083913e-69,150.687192051902,Superexpresso,TRUE
claudin.low,acvrl1,1.19325014048757,-0.00234818133895625,17.8485736034123,1.98662879465814e-66,1.07940164509759e-64,140.223884636198,Superexpresso,TRUE
claudin.low,hsd17b11,1.18872526638241,0.000499420137058514,16.9116241865353,3.23117091974544e-60,1.58004257975552e-58,125.986227110094,Superexpresso,TRUE
claudin.low,rbpj,1.16890445209648,-0.000124037954665263,16.6156574777356,2.61356371759776e-58,1.16184787082301e-56,121.613891022624,Superexpresso,TRUE
claudin.low,jak2,1.16821797640596,0.00145872430152873,16.4232119969747,4.41713879253344e-57,1.79998405795738e-55,118.800159308229,Superexpresso,TRUE
claudin.low,foxo1,1.0901415176816,-0.000643384290985763,16.1147620534684,3.70719149092394e-55,1.39447433773985e-53,114.391501306808,Superexpresso,TRUE
claudin.low,nt5e,1.1269108078531,-0.000529994728518714,15.9639150015042,3.33872344386201e-54,1.1661684028918e-52,112.204994104325,Superexpresso,TRUE
claudin.low,ptpn22,1.12548913906481,0.00146895097522404,15.8165876117481,2.71629951878683e-53,8.85513643124507e-52,110.119362164377,Superexpresso,TRUE
claudin.low,mapk1,1.04559352342558,0.000156510279388509,15.6193531946566,4.2411376729543e-52,1.29619770129666e-50,107.384978349885,Superexpresso,TRUE
claudin.low,abcb1,1.0340629180915,0.000891829204006327,15.5620783252521,9.4681678623699e-52,2.72349063805817e-50,106.58606179778,Superexpresso,TRUE
claudin.low,fas,1.07957435621698,-0.0000353716394306821,15.1452050230156,3.16148907304994e-49,8.58871198178567e-48,100.806638996945,Superexpresso,TRUE
claudin.low,ar,-0.955820379423556,-0.000469372693726938,-14.9452866316364,4.65704348911826e-48,1.1985759295678e-46,98.1310649310854,Subexpresso,TRUE
claudin.low,plagl1,0.951335782814748,-0.000521085925144968,14.4493541938652,3.54754571263488e-45,8.67374926739229e-44,91.5332366853475,Superexpresso,TRUE
claudin.low,sdc4,-0.99645341266114,-0.000555350553505536,-13.9658805683242,1.98438995109188e-42,4.62079374325682e-41,85.2448866982427,Subexpresso,TRUE
claudin.low,mapt,-0.782306567921992,0.000330680021085925,-13.4603613966031,1.14747468442174e-39,2.55052327582833e-38,78.9247556815663,Subexpresso,TRUE
claudin.low,nr3c1,0.958510691885069,0.00211344227727992,13.3729324253464,3.48949810825761e-39,7.41897641277379e-38,77.8202913042734,Superexpresso,TRUE
claudin.low,pdgfra,0.929941829015858,-0.000428518713758566,13.2364249266555,1.85814586202411e-38,3.78597219387413e-37,76.1588451690094,Superexpresso,TRUE
claudin.low,pde4dip,0.960277441581767,-0.000512598840274116,13.1859002299671,3.49604641315616e-38,6.83826678413344e-37,75.5312577908635,Superexpresso,TRUE
claudin.low,cdkn2c,0.927932459556899,-0.00141228255139694,12.9672130349077,4.96909198141191e-37,9.34571530350163e-36,72.8951822675855,Superexpresso,TRUE
claudin.low,cyp11a1,0.915906229414578,-0.00189773326304692,12.8275319657045,2.65051950625482e-36,4.80038532799483e-35,71.2327301986808,Superexpresso,TRUE
claudin.low,erbb2,-0.832669946562704,0.00156700052714813,-12.5600479705004,6.19971862075171e-35,1.08273657340985e-33,68.1027068200642,Subexpresso,TRUE
claudin.low,prkcz,-0.893379823723033,-0.000956352134949922,-12.2313157262501,2.88663306811805e-33,4.86746058727492e-32,64.2910394154229,Subexpresso,TRUE
claudin.low,dab2,0.852861434622467,-0.00313479177648919,12.2064801691375,3.76663066060802e-33,6.13960797679108e-32,64.0266178684044,Superexpresso,TRUE
claudin.low,npnt,-0.789229333728431,-0.000692040063257776,-12.0691838511341,1.80176304995476e-32,2.84213590783186e-31,62.473512803854,Subexpresso,TRUE
claudin.low,mmp2,0.86879907031034,-0.000575645756457564,12.0256500010246,3.01035437614853e-32,4.60019778105198e-31,61.9646303953372,Superexpresso,TRUE
claudin.low,mmp9,0.840919504779441,-0.00125313653136531,11.9908418368265,4.41253793877174e-32,6.53857894563448e-31,61.5850242758465,Superexpresso,TRUE
claudin.low,cdk6,0.744872959162115,0.0000848708487084863,11.8487059946047,2.16156834323301e-31,3.02485322839394e-30,60.0085499476737,Superexpresso,TRUE
claudin.low,e2f4,0.784717389107546,-0.000731365313653133,11.8485629550758,2.1650278730836e-31,3.02485322839394e-30,60.0069636254498,Superexpresso,TRUE
claudin.low,igf1,0.837295081348407,-0.000701897733263046,11.6946933940935,1.21907877011869e-30,1.65591532941122e-29,58.2931519946248,Superexpresso,TRUE
claudin.low,cbfb,0.802852570223341,0.00143368476541908,11.6115964917781,2.99303916465864e-30,3.95566527437318e-29,57.4020198033393,Superexpresso,TRUE
claudin.low,acvr1b,-0.797579256444969,0.00175060622034792,-11.5759054368037,4.4278029835846e-30,5.6978833130865e-29,57.0136743545879,Subexpresso,TRUE
claudin.low,bmp6,0.829215362174098,0.00126531365313653,11.5704170665599,4.77717439738497e-30,5.98984174441346e-29,56.9387062188519,Superexpresso,TRUE
claudin.low,hes1,-0.840885443437303,-0.000456510279388507,-11.492460964884,1.11997152003001e-29,1.36916518323668e-28,56.0938644542544,Subexpresso,TRUE
claudin.low,pik3r2,-0.842553407051956,-0.000326410121244069,-11.487274712718,1.18499508634926e-29,1.41332340786534e-28,56.0379071487428,Subexpresso,TRUE
claudin.low,arrdc1,-0.801319010023412,0.000835424354243542,-11.3182701112449,7.31529067558471e-29,8.51708842943077e-28,54.2331447132558,Subexpresso,TRUE
claudin.low,hla-g,0.806319953837672,0.000753294675803902,11.2287659086433,1.91879820954185e-28,2.18207517317667e-27,53.2774043258063,Superexpresso,TRUE
claudin.low,tubb4b,-0.809707209017406,-0.00226837111228255,-11.1885430627954,2.94627291561639e-28,3.27438058121912e-27,52.8523612755439,Subexpresso,TRUE
claudin.low,ccnd1,-0.756651948379937,-0.00148086452293094,-11.1506689512756,4.34054419991164e-28,4.71672469723731e-27,52.4680033453854,Subexpresso,TRUE
claudin.low,stat5a,0.791938267462768,-0.00190131787032156,10.9075307791485,5.65959872864838e-27,6.01639951806317e-26,49.9237215671633,Superexpresso,TRUE
claudin.low,adgra2,0.734023309189313,-0.0026934106483922,10.7843261384145,1.99937861424797e-26,2.08020455822821e-25,48.6731219878442,Superexpresso,TRUE
claudin.low,igf1r,-0.680443387274009,-0.0000760147601476026,-10.7479358220955,2.90711326201639e-26,2.9616216356792e-25,48.3023410240812,Subexpresso,TRUE
claudin.low,mlst8,-0.774773311556682,-0.000751027938850817,-10.6830050308119,5.72456230994185e-26,5.71287952971748e-25,47.6315183809255,Subexpresso,TRUE
claudin.low,akt1,-0.763114717262478,0.000387822878228783,-10.6265679079781,1.01653104677822e-25,9.94167363749099e-25,47.062814420573,Subexpresso,TRUE
claudin.low,rdh5,0.752989827083024,-0.00391913547706906,10.4529216357687,5.86114808412773e-25,5.61980669242835e-24,45.328047612185,Superexpresso,TRUE
claudin.low,twist1,0.762569847110393,0.000371217712177123,10.3999344926172,9.96590983508159e-25,9.37178828722096e-24,44.8025616381857,Superexpresso,TRUE
claudin.low,mmp7,0.669724764729885,0.0015913020558777,10.3806306906426,1.19456511779161e-24,1.10215536339641e-23,44.6228869177121,Superexpresso,TRUE
claudin.low,spry2,0.693988148628305,-0.000468160253031102,10.2161078381393,6.08063935211586e-24,5.50635674663825e-23,43.012187725604,Superexpresso,TRUE
claudin.low,cyp21a2,-0.699631536344173,-0.00240817079599367,-10.1605079528248,1.04839887222373e-23,9.3212190639528e-23,42.473119100256,Subexpresso,TRUE
claudin.low,map2k1,0.733089044006841,0.00199852398523985,10.1181479545754,1.60101645435635e-23,1.3980304396076e-22,42.0544755299279,Superexpresso,TRUE
claudin.low,stab2,0.73244664013084,-0.0011575118608329,10.0809082460149,2.29912622456609e-23,1.97240828739091e-22,41.6964087610755,Superexpresso,TRUE
claudin.low,tsc2,-0.718258347873667,-0.000988929889298891,-9.85348243281487,2.04272037561251e-22,1.72222459254227e-21,39.5356862198891,Subexpresso,TRUE
claudin.low,mmp12,0.664676902816454,0.00015282024248814,9.71427524555134,7.54390674540844e-22,6.25249220085547e-21,38.2435507272877,Superexpresso,TRUE
claudin.low,bmp2,0.669073269521049,-0.000930996309963099,9.66832826185005,1.16124090487007e-21,9.4641133746911e-21,37.8171394900606,Superexpresso,TRUE
claudin.low,nras,0.663020034698824,0.000972535582498683,9.59004594330907,2.40626595787635e-21,1.92895746459268e-20,37.0968971061279,Superexpresso,TRUE
claudin.low,shank2,-0.708792629872744,-0.000877069056404849,-9.53991915352193,3.85896416974932e-21,3.04360238549583e-20,36.6303206970838,Subexpresso,TRUE
claudin.low,jak1,0.697368648583039,0.000967316816025303,9.52898473639276,4.26884118407995e-21,3.31343387145253e-20,36.5305564196711,Superexpresso,TRUE
claudin.low,tbx3,-0.662741730423402,-0.00037464417501318,-9.47904311053341,6.73000637707228e-21,5.14214549748179e-20,36.0805261164036,Subexpresso,TRUE
claudin.low,dnah5,-0.695308878210193,-0.00212208750658935,-9.43377639010686,1.02358659283429e-20,7.70052067532261e-20,35.6663191311046,Subexpresso,TRUE
claudin.low,hras,-0.67816685850671,-0.00134312071692145,-9.32650441399386,2.71622976786322e-20,2.01247932800775e-19,34.7021204702937,Subexpresso,TRUE
claudin.low,cdh1,-0.68539887577002,0.000776489193463362,-9.25049432091039,5.39082434644932e-20,3.93449717225928e-19,34.0250515510051,Subexpresso,TRUE
claudin.low,hsd17b7,-0.65853239432163,0.00170548234053769,-9.08654473316362,2.32430165810815e-19,1.67144633943366e-18,32.582034676211,Subexpresso,TRUE
claudin.low,hes6,-0.633992225416333,0.00107337901950448,-9.00764458216043,4.64177257667057e-19,3.28960404346654e-18,31.8991071140085,Subexpresso,TRUE
claudin.low,atr,0.663639491092928,0.000367738534528202,8.99737517795703,5.09530232049784e-19,3.55943262103349e-18,31.8072028250291,Superexpresso,TRUE
claudin.low,lama2,0.601163343282126,-0.00122503953610965,8.93820316770851,8.49122574645753e-19,5.8481822394616e-18,31.3029072874531,Superexpresso,TRUE
claudin.low,maml2,0.621034914030115,0.000188033737480231,8.8960765072055,1.22593897422802e-18,8.32616886663196e-18,30.9405124448512,Superexpresso,TRUE
claudin.low,hif1a,0.649281658872154,0.000824459673168162,8.8724302002026,1.51254333748386e-18,1.01319683839672e-17,30.733397242038,Superexpresso,TRUE
claudin.low,hes4,-0.65826203469746,0.0000697944122298378,-8.86446364085216,1.62044695478571e-18,1.07080886606785e-17,30.6654024699689,Subexpresso,TRUE
claudin.low,ptk2,-0.652904666172518,0.00087011070110701,-8.8372743888147,2.04922905287764e-18,1.33609734247622e-17,30.433767920258,Subexpresso,TRUE
claudin.low,psen2,-0.632730766005344,0.00168181338956247,-8.79396432721834,2.97448981953054e-18,1.91384937072426e-17,30.0661575043187,Subexpresso,TRUE
claudin.low,casp10,0.650844364156581,-0.000844438587243016,8.72551487735542,5.34193577887267e-18,3.39247609853083e-17,29.4885855540529,Superexpresso,TRUE
claudin.low,notch1,0.546928843199532,-0.00146784396415393,8.53900716540631,2.56534704163615e-17,1.60827526071805e-16,27.9411339428932,Superexpresso,TRUE
claudin.low,bcl2l1,-0.600748098123621,-0.000354981549815498,-8.5280906877525,2.81869412290269e-17,1.74473598240432e-16,27.8484103529091,Subexpresso,TRUE
claudin.low,syne1,0.636196121317016,-0.00220595677385345,8.52057729703017,3.00795780614005e-17,1.83861420900311e-16,27.7844386769724,Superexpresso,TRUE
claudin.low,col6a3,0.608784764233747,-0.00161707959936742,8.37160853539537,1.03206272809648e-16,6.23060091406394e-16,26.5694012167513,Superexpresso,TRUE
claudin.low,prkd1,0.599498164474245,-0.000488191881918821,8.26545454591457,2.45481234256225e-16,1.46390638477188e-15,25.7157968755846,Superexpresso,TRUE
claudin.low,stat1,0.580457737486691,-0.000198365840801266,8.18308196945381,4.7678272071325e-16,2.80899699311782e-15,25.061962351549,Superexpresso,TRUE
claudin.low,afdn,-0.592550728355557,-0.000179704797047972,-7.94411363161844,3.1805697895528e-15,1.85154598463252e-14,23.1941121760232,Subexpresso,TRUE
claudin.low,psenen,-0.572749902235081,0.000698523985239852,-7.92467850291796,3.70254722506407e-15,2.1300536388898e-14,23.04461037494,Subexpresso,TRUE
claudin.low,dtx3,-0.55801788674004,-0.00122498682129679,-7.86314598677463,5.9686482869119e-15,3.39380117709293e-14,22.574844037267,Subexpresso,TRUE
claudin.low,arid5b,0.561334237319705,0.00152409066947812,7.85218120639049,6.50421911861518e-15,3.6558197114975e-14,22.4903726182103,Superexpresso,TRUE
claudin.low,map3k3,0.583837076223611,-0.00138481813389562,7.84600840173544,6.82548741881005e-15,3.79279925886149e-14,22.4429749527382,Superexpresso,TRUE
claudin.low,mmp15,-0.55031402638145,-0.000574380600948866,-7.83138335606548,7.62946192788683e-15,4.19191784577153e-14,22.333381023528,Subexpresso,TRUE
claudin.low,slc19a1,-0.544334709547819,0.00075719557195572,-7.80367935913049,9.43616393540277e-15,5.12698240490217e-14,22.1243241132808,Subexpresso,TRUE
claudin.low,mmp19,0.586141186249437,0.00236215076436479,7.79312266289562,1.02646838767765e-14,5.51585759971836e-14,22.0417063555645,Superexpresso,TRUE
claudin.low,casp8,0.574544820191865,0.00094190827622562,7.64240313165935,3.23875426391708e-14,1.72146829897332e-13,20.9121788155312,Superexpresso,TRUE
claudin.low,map3k5,0.534639760795077,0.000280917237743806,7.56544491755297,5.76882812258307e-14,3.03328704510013e-13,20.3449012392264,Superexpresso,TRUE
claudin.low,ctnna1,-0.527354547626288,0.00212377438060095,-7.53412054156307,7.28375542593469e-14,3.78910255668305e-13,20.1158019026511,Subexpresso,TRUE
claudin.low,akt1s1,-0.554586142906953,-0.000855192409066947,-7.5048876673221,9.07650689382007e-14,4.67201249587159e-13,19.8998006342943,Subexpresso,TRUE
claudin.low,map3k13,-0.555031440090364,0.00046178176067475,-7.47213549159899,1.15721533077612e-13,5.89456559114088e-13,19.6612475714107,Subexpresso,TRUE
claudin.low,rb1,0.545386113044765,0.00199636267791249,7.43243117267049,1.55144597904294e-13,7.81425890286744e-13,19.3733837138641,Superexpresso,TRUE
claudin.low,ctbp2,-0.554072696093583,-0.0000110701107011072,-7.43115929589182,1.56604779648468e-13,7.81425890286744e-13,19.3641863943589,Subexpresso,TRUE
claudin.low,ptprm,0.539569499759637,-0.000991723774380601,7.38143396305513,2.25611991432816e-13,1.11438650313785e-12,19.0057776474449,Superexpresso,TRUE
claudin.low,stat5b,0.524373241025068,-0.000358882445967318,7.33605970260032,3.14163812032066e-13,1.5362610408368e-12,18.6808057589159,Superexpresso,TRUE
claudin.low,pdgfrb,0.502288968360638,-0.00241507643647865,7.08024715521398,1.96069095941332e-12,9.49285028864471e-12,16.8847987006892,Superexpresso,TRUE
claudin.low,opcml,-0.521491252871193,0.0014475487612019,-7.03804197829624,2.64046937389268e-12,1.26587208218973e-11,16.5931403401984,Subexpresso,TRUE
claudin.low,ncstn,-0.520535855237664,0.000556510279388507,-6.9933291868765,3.60872003191385e-12,1.71326611223871e-11,16.2870454347065,Subexpresso,TRUE
claudin.low,kmt2c,-0.517844397101481,0.00008539799683711,-6.95208396720788,4.80618678712056e-12,2.25983205663649e-11,16.0063388472294,Subexpresso,TRUE
claudin.low,bmpr1b,-0.469566031055376,-0.00129114391143911,-6.9265054523991,5.72292968748714e-12,2.66525011160115e-11,15.8352132022843,Subexpresso,FALSE
claudin.low,ccnd3,0.495493967465416,-0.000908803373748024,6.91724578916333,6.11491661897288e-12,2.82093794969598e-11,15.7704718748589,Superexpresso,FALSE
claudin.low,pik3r3,-0.513826175934779,-0.00211175540326832,-6.90390312761296,6.70378054801108e-12,3.06369036259572e-11,15.680436874242,Subexpresso,TRUE
claudin.low,cyb5a,-0.459741163331677,0.000373748023194519,-6.90198023448778,6.77738522951647e-12,3.0686494233644e-11,15.6696048698817,Subexpresso,FALSE
claudin.low,nfkb1,0.50305102337558,-0.0000645756457564579,6.87461107795673,8.19843964706566e-12,3.6780155847845e-11,15.4833592676462,Superexpresso,TRUE
claudin.low,mmp28,0.497408888709183,-0.00159683711122826,6.85469528866548,9.39653952542445e-12,4.17718893448414e-11,15.3498225273851,Superexpresso,FALSE
claudin.low,tulp4,-0.504306088542364,0.000264259356879282,-6.78811087571143,1.47866358746692e-11,6.5141125610029e-11,14.9060582619857,Subexpresso,TRUE
claudin.low,lifr,0.489907740533434,0.00106136004217185,6.63555120191338,4.11492979763102e-11,0.00000000017966077420014,13.9049279192955,Superexpresso,FALSE
claudin.low,akr1c4,0.488300843879503,-0.00066483921982077,6.6252522271812,4.40590492900968e-11,0.000000000190662611529711,13.8381291789696,Superexpresso,FALSE
claudin.low,fam20c,0.469794759418701,-0.00339293621507644,6.61687552873002,4.65311955244412e-11,0.000000000199594338696945,13.7846996104028,Superexpresso,FALSE
claudin.low,tp53bp1,-0.467535261385553,-0.00110511333684765,-6.60933265645869,4.89205172389209e-11,0.000000000208018547215933,13.7357585792675,Subexpresso,FALSE
claudin.low,csf1,0.494039169855214,-0.000404059040590405,6.56280298383292,6.65355474630489e-11,0.000000000280481747495094,13.435216301523,Superexpresso,FALSE
claudin.low,casp6,-0.489253293963205,0.00131497100685293,-6.55670607136023,6.92544916181858e-11,0.00000000028944825984011,13.3960760410068,Subexpresso,FALSE
claudin.low,smarcc2,-0.471472606580483,-0.000145282024248815,-6.46405975950213,0.000000000126746994921835,0.00000000052524813997269,12.8056123209135,Subexpresso,FALSE
claudin.low,itgav,0.48057503965437,0.0019598840274117,6.42765190258764,0.000000000160380548225127,0.000000000659042756992328,12.5757823038889,Superexpresso,FALSE
claudin.low,folr3,0.481211364054686,0.000657406431207168,6.4261428443696,0.000000000161948488128784,0.000000000659940089124795,12.5662830666901,Superexpresso,FALSE
claudin.low,mapk3,-0.456230721993133,0.000612809699525568,-6.39985936281278,0.000000000191709595407416,0.000000000774760265737409,12.4015489975552,Subexpresso,FALSE
claudin.low,rbl2,0.473899818274068,0.00179615181866104,6.36371674445679,0.000000000241749473650126,0.000000000968979447663211,12.1752012827135,Superexpresso,FALSE
claudin.low,hsd17b10,-0.461238543612129,0.000939957828149711,-6.35233671285742,0.00000000025996508381665,0.00000000103351972346619,12.1043041669609,Subexpresso,FALSE
claudin.low,hsd17b8,-0.429621516914659,0.000843015287295729,-6.33872656327048,0.000000000283044460199872,0.00000000111619952449788,12.0211836733935,Subexpresso,FALSE
claudin.low,braf,-0.461501402853665,0.00126557722720084,-6.33303954241149,0.000000000293964711010872,0.00000000114998994947453,11.984362558209,Subexpresso,FALSE
claudin.low,brca1,-0.443474207002892,0.00116578808645229,-6.26157930846684,0.000000000461712763565202,0.00000000179188524907447,11.5438828446169,Subexpresso,FALSE
claudin.low,gsk3b,-0.436306469252878,-0.000355772272008434,-6.24308165483636,0.00000000051853890256845,0.00000000199657892406277,11.4306737916541,Subexpresso,FALSE
claudin.low,kit,0.420723059152001,0.000919504480759093,6.23673247554689,0.000000000539253057572659,0.00000000206011519650805,11.3924297467576,Superexpresso,FALSE
claudin.low,vegfa,-0.445334267800031,0.000643226146547181,-6.22290855371262,0.000000000588872991597835,0.00000000223223947977784,11.3067041992273,Subexpresso,FALSE
claudin.low,stmn2,0.461637683590623,-0.00139167105956774,6.16937842647075,0.000000000822285918010183,0.00000000309306010697677,10.9812526000399,Superexpresso,FALSE
claudin.low,eif5a2,0.454372308554555,-0.000389351607801792,6.10610634439421,0.00000000121577255417767,0.00000000453826548849527,10.6002298873471,Superexpresso,FALSE
claudin.low,cacna2d3,0.451575157615409,-0.00293932525039536,6.10434229336827,0.00000000122903496714311,0.00000000455301590100742,10.5896610991016,Superexpresso,FALSE
claudin.low,acvr2b,-0.457506693662619,-0.00117564575645757,-6.07643219376859,0.00000000145863929738214,0.00000000536296704075088,10.4228380624176,Subexpresso,FALSE
claudin.low,men1,-0.457846921340854,-0.00000943595150237092,-6.07184048120722,0.00000000150022159867998,0.00000000547468926682469,10.3954633355848,Subexpresso,FALSE
claudin.low,myc,0.422139269155871,0.00202298365840801,6.02656872295808,0.00000000197529531085933,0.00000000715495857044603,10.1275187702289,Superexpresso,FALSE
claudin.low,smad4,0.419546816436098,0.00131855561412757,5.88060486777102,0.00000000475255970426877,0.0000000170882477602017,9.27337227510691,Superexpresso,FALSE
claudin.low,frmd3,0.398874326148951,0.0000823932525039538,5.86454708495881,0.00000000522284426314563,0.0000000186421229538556,9.18155303844423,Superexpresso,FALSE
claudin.low,cxcl8,0.410467876177197,0.00112208750658935,5.83203708131018,0.00000000633382836061641,0.0000000224437831039234,8.99413168415574,Superexpresso,FALSE
claudin.low,sik1,0.432785648534605,0.00135229309435952,5.8285999320033,0.00000000646734378944214,0.0000000227520223959511,8.97390652187175,Superexpresso,FALSE
claudin.low,apaf1,0.437151847635938,0.00157859778597786,5.80390919789934,0.00000000747841781984898,0.0000000261210450993297,8.83274990120073,Superexpresso,FALSE
claudin.low,stat2,0.419020173196287,-0.00148181338956247,5.65891202383078,0.0000000173507771766024,0.0000000601739719103446,8.01551591178771,Superexpresso,FALSE
claudin.low,ackr3,0.414052078581246,-0.000173537163943068,5.5939417277589,0.0000000251390314579376,0.0000000865703266403627,7.65583253167509,Superexpresso,FALSE
claudin.low,ubr5,-0.415802317819106,0.00135271481286241,-5.59114555264708,0.0000000255411651310908,0.0000000873400681755483,7.64044299784987,Subexpresso,FALSE
claudin.low,ptprd,0.41323986041943,0.000121613073273589,5.47159620581493,0.000000049999228625394,0.000000169789047207067,6.98945674284942,Superexpresso,FALSE
claudin.low,mmp27,0.411669707993359,-0.000661570901423298,5.46930681831672,0.0000000506399859054553,0.000000170778986950122,6.97712359893927,Superexpresso,FALSE
claudin.low,prr16,0.40989930661482,0.0000431734317343175,5.45095963375836,0.0000000560708146387834,0.000000187067322788474,6.87846673034085,Superexpresso,FALSE
claudin.low,map2,0.357728115529986,-0.0011566684238271,5.45026405140966,0.0000000562349620652469,0.000000187067322788474,6.87554821585838,Superexpresso,FALSE
claudin.low,ldlrap1,-0.397524891551907,-0.0010248286768582,-5.4146511160683,0.0000000685318656890726,0.000000226432988661868,6.68417741291957,Subexpresso,FALSE
claudin.low,mmp11,-0.397395001133973,-0.0015074327886136,-5.3970426001043,0.0000000755037958348469,0.000000247794336666041,6.59040754109516,Subexpresso,FALSE
claudin.low,smad9,0.40353501004858,-0.000617606747496046,5.35279400408485,0.0000000961944510076482,0.000000313593910284933,6.35608332085248,Superexpresso,FALSE
claudin.low,ccna1,0.376704384490574,-0.000221613073273589,5.33763757126817,0.000000104431994402118,0.000000338193677235999,6.27657667985655,Superexpresso,FALSE
claudin.low,map4,-0.398107472916645,-0.00232904586188719,-5.3138498863428,0.000000118868863351359,0.000000382413645913253,6.15140219369957,Subexpresso,FALSE
claudin.low,zfp36l1,0.397773372247714,0.0000929362150764346,5.29942506469903,0.000000128516510179279,0.000000410748846259265,6.0759578117008,Superexpresso,FALSE
claudin.low,ugt2b7,-0.391775023395965,0.00195940959409594,-5.29515179989009,0.000000131517254000849,0.00000041760998185984,6.05364619624335,Subexpresso,FALSE
claudin.low,utrn,0.399022818193341,0.000909330521876647,5.27843092930082,0.000000143924265697802,0.000000454057844685324,5.96651139182961,Superexpresso,FALSE
claudin.low,setd1a,-0.392914849462882,-0.000964470216130734,-5.22728516105072,0.000000189316627210744,0.000000593434812218294,5.70164918764413,Subexpresso,FALSE
claudin.low,large1,-0.382019996232852,-0.00171291512915129,-5.19978299878933,0.000000219164402432556,0.000000682620336238979,5.56026556709612,Subexpresso,FALSE
claudin.low,akr1c2,0.38125724159303,-0.000897680548234054,5.18509443896905,0.000000236920556224045,0.000000733254126541507,5.48505200052229,Superexpresso,FALSE
claudin.low,bard1,-0.373353017380048,-0.000398892988929888,-5.18142958658472,0.000000241563073905799,0.000000742920397106515,5.46631823883345,Subexpresso,FALSE
claudin.low,akr1c3,0.380005156090226,0.000444965735371642,5.1602842437568,0.000000270116420832273,0.000000825543311168633,5.3584808886959,Superexpresso,FALSE
claudin.low,runx1,-0.362390479375035,-0.00191539272535583,-5.1213922721254,0.000000331263890686303,0.00000100480956512766,5.16155218324996,Subexpresso,FALSE
claudin.low,smad7,0.381473666380303,0.000640959409594098,5.1205266894325,0.000000332881696422659,0.00000100480956512766,5.15688853347454,Superexpresso,FALSE
claudin.low,epcam,-0.375040384502263,0.00133763837638376,-5.0699011518377,0.000000433419014465114,0.00000130025704339534,4.90239016934835,Subexpresso,FALSE
claudin.low,mecom,0.369116738441678,-0.00169051133368476,4.99671858605672,0.000000632068244127773,0.00000188464250840537,4.53885688573221,Superexpresso,FALSE
claudin.low,hsd3b7,-0.372549756514726,-0.00127316816025303,-4.9653494339473,0.000000741884611612695,0.00000219867621259762,4.38461083832911,Subexpresso,FALSE
claudin.low,ccnb1,-0.326713574478755,-0.000489035318924617,-4.90741051589326,0.0000009943038292964,0.00000292900344895144,4.10274106532743,Subexpresso,FALSE
claudin.low,prkcq,0.352323402287189,-0.00057011070110701,4.87453693651854,0.00000117354968944304,0.0000034363221445368,3.94342388137189,Superexpresso,FALSE
claudin.low,rheb,0.344232617924726,0.00349478123352662,4.84621295461727,0.00000135150730985885,0.00000393385163405345,3.80767920295014,Superexpresso,FALSE
claudin.low,wwox,-0.36495427024967,-0.00144554559831313,-4.83145271146242,0.00000145487098019804,0.000004209656268147,3.73689477223276,Subexpresso,FALSE
claudin.low,fancd2,-0.312632644270171,0.000508170795993674,-4.79963379840909,0.00000170221689980471,0.0000048963768470853,3.5860002759457,Subexpresso,FALSE
claudin.low,e2f3,0.295807762039662,0.000299261992619929,4.72552402737567,0.00000244818307129829,0.00000700094457230914,3.23719028616269,Superexpresso,FALSE
claudin.low,inha,-0.35253323599424,-0.00279109119662625,-4.72335208544632,0.00000247554113600198,0.00000703802102037773,3.22659671386635,Subexpresso,FALSE
claudin.low,rptor,-0.353055753416479,-0.00131507643647865,-4.70416725104607,0.00000271734428676272,0.00000768081708801718,3.13721360092829,Subexpresso,FALSE
claudin.low,casp3,0.337166671589865,0.00135292567211386,4.67749167063934,0.00000309154067699799,0.00000868829535087366,3.0135225413082,Superexpresso,FALSE
claudin.low,nf1,-0.350219015860837,0.000254348972061148,-4.65728955564678,0.0000034073483400982,0.00000952110479033154,2.92030634330873,Subexpresso,FALSE
claudin.low,bap1,-0.345962213540024,-0.00268144438587243,-4.59728624573736,0.00000453843833510888,0.0000126096383287968,2.64577024687773,Subexpresso,FALSE
claudin.low,rps6ka2,0.326222137822419,-0.0000288877174486031,4.58923794955853,0.0000047143101902545,0.0000130242806951099,2.6093553769363,Superexpresso,FALSE
claudin.low,st7,-0.336477335952618,0.00129567738534528,-4.56741648307288,0.00000522798715757866,0.0000143622793261571,2.51040596742656,Subexpresso,FALSE
claudin.low,setdb1,-0.339642439383808,-0.000955350553505537,-4.55906839773413,0.00000543798544145581,0.0000148557255914631,2.47272858473324,Subexpresso,FALSE
claudin.low,palb2,-0.338332727109232,0.00280964681075382,-4.53926318138877,0.00000596900672632504,0.0000162158016065164,2.38361204402594,Subexpresso,FALSE
claudin.low,akt2,-0.339837196312795,-0.000782076963626779,-4.51334301323686,0.00000673937647690197,0.0000181230872332681,2.26755498691082,Subexpresso,FALSE
claudin.low,hist1h2bc,-0.337629281773998,0.00130311017395888,-4.51315815737266,0.00000674519811135951,0.0000181230872332681,2.26672963841599,Subexpresso,FALSE
claudin.low,hsd17b1,-0.338380335671536,-0.00263410648392198,-4.48706188245562,0.00000761717447967297,0.0000203540891833884,2.15054707938525,Subexpresso,FALSE
claudin.low,rps6kb1,-0.322737607635628,0.00115672113863996,-4.44358272771969,0.00000931431339263675,0.0000247538002663009,1.95844236831282,Subexpresso,FALSE
claudin.low,egfr,0.273699532918999,0.000139377965208223,4.42115612458576,0.0000103211579225313,0.0000272813309411774,1.86041396671258,Superexpresso,FALSE
claudin.low,dll1,0.321621215668331,-0.00073120716921455,4.40366332649173,0.0000111861862278094,0.0000294088444376279,1.78368182686978,Superexpresso,FALSE
claudin.low,dtx1,0.327204168636978,-0.00339325250395361,4.39509910042133,0.0000116321634901155,0.000030367667375436,1.74639069538792,Superexpresso,FALSE
claudin.low,bad,-0.318971439240541,-0.000105851344227728,-4.39429129718541,0.000011675095023685,0.000030367667375436,1.74287696228639,Subexpresso,FALSE
claudin.low,bcas3,-0.324691300218302,0.000837585661570902,-4.39262201683296,0.0000117642906628786,0.0000304377679055432,1.73561803718322,Subexpresso,FALSE
claudin.low,acvr1,0.32878741999648,0.00133352662098049,4.38107907458534,0.0000123991220723148,0.0000319114247019048,1.68549722333924,Superexpresso,FALSE
claudin.low,slc29a1,-0.328185988762344,0.000888402741170268,-4.37139691289791,0.0000129567182667127,0.0000331719122116361,1.64355597294271,Subexpresso,FALSE
claudin.low,srd5a3,-0.322299262153082,0.000572851871375858,-4.36992508535892,0.0000130435494415602,0.0000332202899839736,1.6371882770218,Subexpresso,FALSE
claudin.low,sgcd,0.322302001270252,-0.00130047443331576,4.36862844439309,0.0000131205054718478,0.0000332431459882568,1.63158025021705,Superexpresso,FALSE
claudin.low,dnah2,-0.327104330836823,-0.0014702688455456,-4.34087769333966,0.0000148752729134557,0.0000374948889416486,1.51194879199912,Subexpresso,FALSE
claudin.low,rps6kb2,-0.307134474077316,-0.00102883500263574,-4.30866422179647,0.0000171924957627382,0.0000431134893742511,1.37404815870483,Subexpresso,FALSE
claudin.low,taf4b,0.310893160247068,-0.00121502372166579,4.29613589463607,0.0000181844827024853,0.0000453684287832413,1.3206467754298,Superexpresso,FALSE
claudin.low,mapk14,0.324015517244662,0.000262414338429099,4.27385100345272,0.0000200839510539512,0.0000498530561694525,1.22608986142369,Superexpresso,FALSE
claudin.low,lfng,-0.296166933935725,-0.00049973642593569,-4.27252728024946,0.0000201962803602505,0.0000498786924048611,1.22073717197508,Subexpresso,FALSE
claudin.low,tnk2,-0.317392689388557,-0.0027983131259884,-4.23437902904602,0.0000239211564346497,0.0000587811331484607,1.05979243128328,Subexpresso,FALSE
claudin.low,cyp3a7,0.31812943884843,-0.000611860832894043,4.1862373993318,0.0000295488322843047,0.000072246894935125,0.859022199155469,Superexpresso,FALSE
claudin.low,cdkn1a,0.315048463406583,-0.00122551396942541,4.1599644404284,0.0000331300004133848,0.0000805998517519661,0.750405256664513,Superexpresso,FALSE
claudin.low,bmp4,-0.294012488528613,-0.00084934106483922,-4.11369671953748,0.0000404603115163168,0.0000979460016409848,0.560769339098975,Subexpresso,FALSE
claudin.low,smarcd1,-0.309855793728353,-0.000465946230890883,-4.09399474412645,0.0000440288726953072,0.000106059698266036,0.480639967869882,Subexpresso,FALSE
claudin.low,gdf11,0.305504654079841,-0.00114127569847127,4.07775141739206,0.0000471933001646147,0.000113125116571062,0.414868176786596,Superexpresso,FALSE
claudin.low,cdkn2a,0.261770613823403,0.000902055877701633,4.06223605891301,0.00005040114705419,0.000120225175168287,0.35252343741135,Superexpresso,FALSE
claudin.low,notch3,-0.29873337609681,-0.00155313653136532,-4.04943741286529,0.0000532313926577391,0.000126359956357449,0.300835511328323,Subexpresso,FALSE
claudin.low,map2k2,-0.300439285045294,-0.00166752767527675,-4.0376225988271,0.0000559616449543951,0.0001321992482256,0.253483424941841,Subexpresso,FALSE
claudin.low,wfdc2,-0.299577889656989,-0.000420769636267791,-4.02198710660082,0.0000597793373849509,0.000140538922986735,0.191027992250518,Subexpresso,FALSE
claudin.low,sox9,-0.287911455236717,0.000939377965208224,-4.01279799235327,0.000062136281650358,0.000145381060894857,0.154440634391367,Subexpresso,FALSE
claudin.low,adam10,0.302424884433705,0.00247933579335793,4.01057102712889,0.0000627212865115813,0.000146050995734111,0.145577540665048,Superexpresso,FALSE
claudin.low,ttyh1,0.250792264182111,-0.000492830785450711,3.97500921069491,0.0000727692617470445,0.000168645350683909,0.0050298131112676,Superexpresso,FALSE
claudin.low,pdpk1,-0.294262219873761,0.00203010015814444,-3.97245902693084,0.0000735676205131134,0.00016969135108921,-0.00523522919090347,Subexpresso,FALSE
claudin.low,maml1,-0.301512322677884,-0.00121660516605166,-3.96821166206453,0.0000748807736853608,0.00017190938184104,-0.0219546255467078,Subexpresso,FALSE
claudin.low,folr1,0.272027249639967,-0.000906694781233526,3.95460355290529,0.0000792171499818951,0.000181014889444611,-0.0751899181714046,Superexpresso,FALSE
claudin.low,rasgef1b,0.297095227543286,0.000483605693199789,3.93524790307432,0.0000858529356867655,0.000195265514189899,-0.151114756735195,Superexpresso,FALSE
claudin.low,src,-0.283856331509305,-0.000882920400632577,-3.91264057808518,0.000094238656585332,0.000213345847547349,-0.239082240168068,Subexpresso,FALSE
claudin.low,cdk2,-0.27398758719011,0.00104022140221402,-3.9000335302418,0.0000992308006539917,0.000223612265068212,-0.287808389171184,Subexpresso,FALSE
claudin.low,fgf2,0.286683374635717,-0.00401560358460727,3.88677231135529,0.00010478232663762,0.000235039255622918,-0.339125755300622,Superexpresso,FALSE
claudin.low,smarcc1,-0.289741706450588,0.00161897733263047,-3.8705866009612,0.000111935971482672,0.000249939223995556,-0.401390108384542,Subexpresso,FALSE
claudin.low,acvr1c,0.291662482115728,-0.00238350026357406,3.8483428681428,0.000122521947828721,0.000272332874946567,-0.486541072348513,Superexpresso,FALSE
claudin.low,jag2,-0.282309876285214,-0.00131560358460728,-3.80983408795161,0.000143114095814554,0.000316664221055733,-0.632812212531168,Subexpresso,FALSE
claudin.low,mtor,-0.285821333295767,0.0000563521349499213,-3.78316541241275,0.000159241497406238,0.000350761676719145,-0.733259955845468,Subexpresso,FALSE
claudin.low,acvr2a,0.276528243389207,0.00100637849235635,3.72448785191051,0.000200946597581069,0.000440640745368353,-0.951818957965011,Superexpresso,FALSE
claudin.low,hsd17b3,-0.279881858743046,-0.00299694254085398,-3.70666770195799,0.000215519582790248,0.000470486946359067,-1.01752721127305,Subexpresso,FALSE
claudin.low,cul1,0.266991141067367,0.0010520295202952,3.70488431950277,0.000217031432766274,0.000471681647212036,-1.02408596105672,Superexpresso,FALSE
claudin.low,bmpr2,0.272893503872581,0.000494254085397997,3.66475772090484,0.000253800564621077,0.000549152549113747,-1.17083605538651,Superexpresso,FALSE
claudin.low,pdgfb,-0.2713946392948,-0.001431418028466,-3.65205847705252,0.000266605200871733,0.000574316930512235,-1.21695084270462,Subexpresso,FALSE
claudin.low,cyp2c8,-0.271382929974468,0.000873906167633106,-3.59931708464101,0.000326551087412168,0.000700366148002414,-1.40677951190112,Subexpresso,FALSE
claudin.low,map3k1,-0.259885323532006,0.000743753294675805,-3.58563442298495,0.00034404835190946,0.000734670934863432,-1.45558115223546,Subexpresso,FALSE
claudin.low,kdr,0.271267095331845,0.00148365840801265,3.5808065213904,0.000350428962750219,0.000745042446890682,-1.47275690577212,Superexpresso,FALSE
claudin.low,hsd17b13,0.266639082771565,-0.00110079072219294,3.53125610500812,0.000422634560336269,0.000894667965387166,-1.64771625072224,Superexpresso,FALSE
claudin.low,fbxw7,0.260827613401524,-0.0011462836056932,3.51912706795197,0.000442314641852729,0.000932292499422346,-1.69017615631879,Superexpresso,FALSE
claudin.low,dtwd2,-0.258082868126168,0.00186705324196099,-3.47608774246424,0.000519271098532283,0.00108980071752054,-1.83967810589567,Subexpresso,FALSE
claudin.low,aph1a,-0.259111974956814,0.00119362150764365,-3.45723244430624,0.000556773692416546,0.00116351425466535,-1.90460133207382,Subexpresso,FALSE
claudin.low,mapk12,0.25706460978381,0.00169504480759094,3.42214156342812,0.000633373930702655,0.00131795681750467,-2.02449810254437,Superexpresso,FALSE
claudin.low,rfng,-0.256144116242421,0.000346441750131788,-3.41805988070545,0.000642894522306764,0.00133209924325427,-2.03836567857002,Subexpresso,FALSE
claudin.low,stk11,-0.255006524401157,-0.00352783342119136,-3.36522415148203,0.000778774343230578,0.0016068382018555,-2.21639866582022,Subexpresso,FALSE
claudin.low,vegfb,0.250854265403085,-0.000914971006852923,3.35376114980196,0.000811577817724663,0.00166748551624941,-2.25466177869577,Superexpresso,FALSE
claudin.low,smad1,-0.247999966913649,0.000501739588824459,-3.34519648860496,0.00083691962216091,0.00171235855747567,-2.28316603472323,Subexpresso,FALSE
claudin.low,fgf1,0.248392122203281,0.00135851344227728,3.3332048155906,0.000873637292699698,0.00178003598387563,-2.32295466061079,Superexpresso,FALSE
claudin.low,arid2,-0.239098451879213,0.00103679493937797,-3.31800311798731,0.000922332379384327,0.00187145449592919,-2.37319102417478,Subexpresso,FALSE
claudin.low,rassf1,0.249536415478549,-0.000412335266209806,3.30348238057689,0.000971185317121205,0.00196243644657962,-2.42096487983593,Superexpresso,FALSE
claudin.low,aff2,0.247647452017869,0.00114338429098577,3.27397480971916,0.00107793061144013,0.00216916900820668,-2.5174072781968,Superexpresso,FALSE
claudin.low,maml3,-0.247032509512149,0.00063974696889826,-3.27022823939209,0.00109223519670375,0.00218894676716449,-2.52959128153235,Subexpresso,FALSE
claudin.low,tsc1,-0.240539030747477,0.0000076963626779124,-3.26567928538732,0.00110983942965015,0.00221514890244458,-2.54436611067061,Subexpresso,FALSE
claudin.low,cir1,0.245704396642474,0.000177965208223511,3.24484525072144,0.00119387135196338,0.00237318329719549,-2.61177414542209,Superexpresso,FALSE
claudin.low,ugt2b15,-0.241928753101597,0.00202967843964154,-3.200875776145,0.00139086166819723,0.00275356824189654,-2.75263453221602,Subexpresso,FALSE
claudin.low,kdm5a,0.235951742891438,-0.0000913020558777013,3.18864676306257,0.00145075348021527,0.00286055827348897,-2.79147314387802,Superexpresso,FALSE
claudin.low,mmp1,0.225647011943064,0.0011309963099631,3.18123747776727,0.00148812001258405,0.00292245255483374,-2.81490195610507,Superexpresso,FALSE
claudin.low,sik2,0.23831817335676,-0.00155519240906695,3.17495181259238,0.00152064287740219,0.00297437746819869,-2.83479273992716,Superexpresso,FALSE
claudin.low,shbg,0.237506214461639,0.00152688455455983,3.13286691243103,0.00175530047872304,0.00341586044679286,-2.96675918525709,Superexpresso,FALSE
claudin.low,ncor2,-0.234235305199988,-0.0012078545071165,-3.13202449679962,0.00176032072104663,0.00341586044679286,-2.96938295837596,Subexpresso,FALSE
claudin.low,met,0.21939336168342,0.000148339483394834,3.10852918650114,0.00190566683006961,0.00368328490080648,-3.04224288104959,Superexpresso,FALSE
claudin.low,palld,0.230494673843133,-0.000357564575645757,3.0993192969114,0.00196574150885401,0.0037844393615339,-3.07070564362089,Superexpresso,FALSE
claudin.low,adam17,0.220449909322825,0.00256436478650501,3.09384351592456,0.00200213367367839,0.00383938575070091,-3.08754083852282,Superexpresso,FALSE
claudin.low,mmp23b,0.2340354724806,-0.000454454401686873,3.07138883564954,0.00215836658430565,0.00412281742080258,-3.15640165486993,Superexpresso,FALSE
claudin.low,tgfbr3,0.216743930936156,-0.00316062203479178,3.05186816973188,0.00230300114152913,0.00438197493466048,-3.21580689105023,Superexpresso,FALSE
claudin.low,myh9,0.223326113529289,0.0000313653136531369,3.01859594997558,0.00257048009001833,0.00487195644968591,-3.3162804034325,Superexpresso,FALSE
claudin.low,flt3,0.224607963783204,0.00130237216657881,3.00256734710964,0.00270916559987588,0.00511498833335638,-3.36427793644024,Superexpresso,FALSE
claudin.low,eif4ebp1,-0.210331747128929,-0.00087053241960991,-2.95632046526745,0.00314850544521236,0.00592161216426478,-3.50133797878762,Subexpresso,FALSE
claudin.low,mmp25,0.223592714253796,0.00104986821296784,2.94876073316353,0.00322624581973209,0.00604457550133713,-3.52354866929551,Superexpresso,FALSE
claudin.low,nrip1,-0.197843883947161,0.00261987348444913,-2.93619850137526,0.00335894984170583,0.00626918500990134,-3.56026507982676,Subexpresso,FALSE
claudin.low,msh6,-0.198285278933665,0.000937005798629415,-2.91889210589341,0.00355037101801292,0.00660126018178068,-3.61067307965922,Subexpresso,FALSE
claudin.low,fn1,0.212896126176337,-0.000311386399578283,2.82012059613219,0.00484627454615597,0.00897662217072072,-3.89275202725573,Superexpresso,FALSE
claudin.low,foxp1,-0.205148941485989,-0.00315898787559304,-2.80598901131787,0.00506314679253748,0.00934293879830502,-3.93231442038777,Subexpresso,FALSE
claudin.low,mmp10,-0.210362089208901,-0.000686030574591461,-2.79702440542914,0.00520523631309848,0.00956902465077127,-3.95730923582382,Subexpresso,FALSE
claudin.low,hes2,-0.209742321759949,0.000095835529783869,-2.79500920432357,0.00523766958812292,0.0095925858748768,-3.96291702490783,Subexpresso,FALSE
claudin.low,bcl2,-0.172898317000853,0.000537216657880864,-2.79176384658837,0.00528988214752146,0.00965206108260446,-3.97189420790494,Subexpresso,FALSE
claudin.low,rad51c,-0.200975627772419,0.000779810226673698,-2.78553347117458,0.00539263772398949,0.00980297340903665,-3.98923178851223,Subexpresso,FALSE
claudin.low,rps6,0.205045273149799,0.000451713231418029,2.75195993847199,0.0059756123802211,0.0108224979775115,-4.08175388578974,Superexpresso,FALSE
claudin.low,col22a1,0.196895026734673,0.000398207696362678,2.72541099808549,0.00647620467139935,0.011685845329573,-4.15412899351772,Superexpresso,FALSE
claudin.low,hsd17b14,0.206075573589326,0.00107754348972061,2.71192780931075,0.00674462444171539,0.0121254461470545,-4.19061881838783,Superexpresso,FALSE
claudin.low,map2k4,-0.19086818244063,0.000395624670532419,-2.65742061332572,0.00793460887258729,0.0142125411673816,-4.33629874218236,Subexpresso,FALSE
claudin.low,cdk8,0.190416740270322,0.00210585134422773,2.64925035079052,0.00812836053857511,0.0145064536619096,-4.35788292728064,Superexpresso,FALSE
claudin.low,aph1b,-0.165622964081589,0.00023911439114391,-2.63541117048377,0.00846571894592433,0.01505358750748,-4.39425887413229,Subexpresso,FALSE
claudin.low,numb,0.193382375824484,-0.0000413284132841339,2.60957107604771,0.00913088308759733,0.0161775428617214,-4.46176771817282,Superexpresso,FALSE
claudin.low,nfkb2,0.190178962117246,-0.00125150237216658,2.60005946482205,0.0093870316490985,0.0165713302397443,-4.48643837275037,Superexpresso,FALSE
claudin.low,cyp3a4,-0.196998508831374,0.000708012651555089,-2.59459242784013,0.00953714530389585,0.0167757699769967,-4.50057794524469,Subexpresso,FALSE
claudin.low,ncoa3,0.184884848239509,-0.000854454401686875,2.59326037521434,0.00957400765238397,0.0167802499713827,-4.50401653815909,Superexpresso,FALSE
claudin.low,mapk6,0.189466103888003,0.00257000527148129,2.53656922750567,0.0112673516031549,0.0196776247640812,-4.64882270060704,Superexpresso,FALSE
claudin.low,siah1,0.186004730641999,0.00144876120189773,2.50075907058786,0.0124694739525489,0.0216995471985637,-4.73865210109996,Superexpresso,FALSE
claudin.low,map2k3,0.177563347735272,-0.00124781233526621,2.49942606735656,0.01251610664614,0.0217034615246896,-4.74196183256061,Superexpresso,FALSE
claudin.low,cdkn1b,0.184991497055035,0.00248265682656827,2.49589511204021,0.0126412293403367,0.0218429722523839,-4.75075536806086,Superexpresso,FALSE
claudin.low,taf1,-0.187314949213586,0.000904006325777544,-2.47735855871572,0.0133151561265049,0.0229264484009186,-4.79666620920651,Subexpresso,FALSE
claudin.low,gh1,0.186664621899659,0.000215972588297312,2.45499219667032,0.0141704861643925,0.0243135709978524,-4.85160968918716,Superexpresso,FALSE
claudin.low,col12a1,0.183050445726394,-0.00102567211386399,2.446249360092,0.0145177972475895,0.0248223876016478,-4.87295199642853,Superexpresso,FALSE
claudin.low,atm,0.185801628438177,-0.000784132841328415,2.43760033652682,0.0148687507353496,0.025299215449686,-4.89399080691088,Superexpresso,FALSE
claudin.low,erbb4,-0.184565840536738,-0.000410542962572483,-2.43683528930465,0.0149001514304899,0.025299215449686,-4.89584822301892,Subexpresso,FALSE
claudin.low,hsd17b4,-0.15869207734732,-0.000123668950975223,-2.42171488242174,0.0155321514630762,0.0262810452091497,-4.9324164614079,Subexpresso,FALSE
claudin.low,raf1,-0.179167555684513,-0.000700000000000001,-2.4123171913947,0.0159379308828863,0.0268746489714875,-4.95506736132443,Subexpresso,FALSE
claudin.low,stat3,0.176014971954929,0.00172308908803374,2.40220239806633,0.0163842625808894,0.0274455147449302,-4.97932435595185,Superexpresso,FALSE
claudin.low,itgb3,0.182608254390668,0.00129077490774908,2.40210232698804,0.0163887327311239,0.0274455147449302,-4.97956383708047,Superexpresso,FALSE
claudin.low,mmp3,0.177038286772334,-0.000170005271481287,2.38871510533177,0.0169964877992771,0.0283661519926502,-5.01151149419048,Superexpresso,FALSE
claudin.low,hsd17b12,0.17827330295705,0.00238402741170269,2.37850722604348,0.0174731188108753,0.0290624323078844,-5.03575255865299,Superexpresso,FALSE
claudin.low,ros1,0.179025420175942,-0.00071987348444913,2.37713545394895,0.0175380559161704,0.02907155709494,-5.03900229190552,Superexpresso,FALSE
claudin.low,hdac1,-0.179033546503255,0.00078845545598313,-2.36403470194278,0.0181689638551936,0.030015619341857,-5.06994408597358,Subexpresso,FALSE
claudin.low,clk3,-0.179696013216701,-0.000661096468107539,-2.35630766622172,0.0185503347300977,0.0305109691842178,-5.08811431785633,Subexpresso,FALSE
claudin.low,ddc,-0.172564496969668,-0.000641170268845545,-2.35543993346596,0.0185935967625704,0.0305109691842178,-5.09015110811471,Subexpresso,FALSE
claudin.low,chd1,-0.170073964138894,0.000139694254085399,-2.34475262881114,0.0191337157529916,0.0312922642247923,-5.11517574762724,Subexpresso,FALSE
claudin.low,cxcr2,0.178546723561447,0.00129947285187138,2.34073722435794,0.019340167038772,0.0315244722731983,-5.1245486807913,Superexpresso,FALSE
claudin.low,chek2,0.161299418970663,0.00156715867158672,2.33844340537626,0.0194581825219771,0.0316114659576305,-5.12987674695239,Superexpresso,FALSE
claudin.low,fgfr1,0.176341585515934,0.000138850817079599,2.32742618432075,0.0200385478146936,0.0324465227860436,-5.15550560059118,Superexpresso,FALSE
claudin.low,chek1,0.139121087323809,0.0015516078017923,2.31181492645158,0.0208847733994918,0.0337051293476947,-5.19157027031169,Superexpresso,FALSE
claudin.low,gldc,0.171984399928107,0.00111797575118608,2.28913073202,0.0221720071484657,0.0356648404460517,-5.24358820145882,Superexpresso,FALSE
claudin.low,birc6,-0.171865690456227,-0.000623563521349499,-2.2661900592157,0.0235425615330441,0.0377385325108738,-5.29565721122662,Subexpresso,FALSE
claudin.low,prkci,-0.167181847157557,0.00129188191881919,-2.26500164718013,0.0236155234117124,0.0377385325108738,-5.29834036271165,Subexpresso,FALSE
claudin.low,eif4e,0.168236710846345,0.0020454401686874,2.25554485228716,0.0242031480835191,0.0385515941786347,-5.31964164110102,Superexpresso,FALSE
claudin.low,bmpr1a,-0.169863062891177,0.00227796520822351,-2.25125326263534,0.0244739759155298,0.0388564098139418,-5.32927912258015,Subexpresso,FALSE
claudin.low,pten,0.160190321172721,-0.00142820242488139,2.24971064860825,0.0245717344282899,0.0388853661340898,-5.33273474636096,Superexpresso,FALSE
claudin.low,srd5a2,-0.169596476626336,-0.00413463363205061,-2.24554180618383,0.0248384802341999,0.0391806994662056,-5.34207682319592,Subexpresso,FALSE
claudin.low,itch,-0.165428789435053,0.000795202952029521,-2.18169784895407,0.0292439473746365,0.0459816407273223,-5.48293015284519,Subexpresso,FALSE
claudin.low,sf3b1,0.164089731323944,0.00241649973642594,2.17364126529588,0.0298450633509137,0.0467763973672974,-5.50041736097222,Superexpresso,FALSE
claudin.low,dtx2,-0.153754743506064,-0.00198608328940433,-2.17074849121832,0.0300630641203032,0.0469675346799625,-5.50667494691375,Subexpresso,FALSE
claudin.low,bmp5,0.162901831432033,0.000747654190827622,2.15981058271515,0.0309017951305887,0.048124133181076,-5.53028735455498,Superexpresso,FALSE
claudin.low,cdc25a,-0.126735002345019,-0.000103321033210332,-2.05665985107837,0.0398429601610921,0.0618514524405524,-5.74706361921479,Subexpresso,FALSE
claudin.low,rad51d,-0.154711967708214,0.000113705851344226,-2.05207103850034,0.0402882568251613,0.0623448024921009,-5.75647176560236,Subexpresso,FALSE
claudin.low,bmf,0.153576681557267,-0.000562361623616236,2.03552213670164,0.0419254573649337,0.0645877935134201,-5.79019295417584,Superexpresso,FALSE
claudin.low,kdm6a,0.152558559205156,0.00355492883500264,2.03476313950819,0.0420018779903223,0.0645877935134201,-5.79173301709004,Superexpresso,FALSE
claudin.low,mapk9,-0.148189445393872,0.000887875593041647,-2.01952888544742,0.043560884477292,0.0666960321092632,-5.8225234973615,Subexpresso,FALSE
claudin.low,asxl2,0.153174272163141,0.00125134422772799,2.01871372516043,0.0436456651839759,0.0666960321092632,-5.82416454988705,Superexpresso,FALSE
claudin.low,pik3r1,0.141958004928715,-0.00150479704797048,2.00967846623518,0.0445942533379361,0.0679333018138652,-5.84230599895813,Superexpresso,FALSE
claudin.low,smad6,0.152051056195623,-0.00192156035846073,2.00397839010659,0.0452024221973869,0.0686459144550379,-5.85371543064855,Superexpresso,FALSE
claudin.low,rpgr,-0.141223604438612,0.000180811808118079,-1.99016661866471,0.0467034076480697,0.0706440572721233,-5.88121495313664,Subexpresso,FALSE
claudin.low,cyp3a5,0.149745683499882,-0.000755824986821299,1.98923091436844,0.0468071054318363,0.0706440572721233,-5.88307473571091,Superexpresso,FALSE
claudin.low,hsd3b1,-0.151049990357393,0.000124512387981023,-1.97810787151961,0.0480489124895883,0.0722951329458729,-5.90507559809576,Subexpresso,FALSE
claudin.low,arid1b,-0.149691733175574,-0.00110927780706378,-1.96456400623111,0.0495982765575251,0.0743974148362876,-5.93169880031549,Subexpresso,FALSE
claudin.low,aurka,-0.119252002516717,0.0000494992092778091,-1.94511166677911,0.0518956143889092,0.0776053683063504,-5.9696106718847,Subexpresso,FALSE
claudin.low,bmp10,-0.146830490761339,-0.00157680548234054,-1.92688410840284,0.0541307741292679,0.0807010626500366,-6.00480748346498,Subexpresso,FALSE
claudin.low,ncor1,-0.14009158579652,0.000651713231418029,-1.89906687428519,0.0576945612212366,0.0857527064960021,-6.05787489182765,Subexpresso,FALSE
claudin.low,e2f7,-0.127725781225308,-0.000637374802319452,-1.89357243864617,0.0584199116573496,0.0865676872740726,-6.06826004058671,Subexpresso,FALSE
claudin.low,izumo1r,0.14324853010219,0.00164217185028993,1.87872874072231,0.0604219282888897,0.0892638155083597,-6.09618763945638,Superexpresso,FALSE
claudin.low,ryr2,0.142024368606276,-0.00159620453347391,1.8764758864089,0.0607305125131945,0.0894494596956389,-6.10040624970962,Superexpresso,FALSE
claudin.low,ppp2cb,0.14117129287017,0.00114554559831313,1.86863356202348,0.0618149222706427,0.0907732642352681,-6.11505214657733,Superexpresso,FALSE
claudin.low,cdk1,-0.117577764720542,0.00170500790722193,-1.86697835745926,0.0620446546701766,0.0908378327356776,-6.11813027885957,Subexpresso,FALSE
claudin.low,ncoa2,-0.140201699031306,0.00213347390616763,-1.86531200831295,0.0622790257673336,0.0909087868663466,-6.121236870209,Subexpresso,FALSE
claudin.low,casp9,-0.137723983505487,0.000120137058513443,-1.84595731077571,0.0650410680320481,0.0946579829394985,-6.15705712969696,Subexpresso,FALSE
claudin.low,akap9,-0.140270458098271,0.00146636794939378,-1.84331873183649,0.0654253263759765,0.0949346723971884,-6.16191157557265,Subexpresso,FALSE
claudin.low,e2f6,-0.140397379148589,0.000406642066420664,-1.84060238904747,0.0658228644496753,0.0952289370292639,-6.16690186101231,Subexpresso,FALSE
claudin.low,inhba,0.13969630262199,0.00161375856615709,1.83369126815951,0.0668433002410532,0.0964199817636431,-6.17956544266006,Superexpresso,FALSE
claudin.low,heyl,-0.133085341903727,-0.00338687401159726,-1.8189779768019,0.069059177075728,0.0993233458530324,-6.20636716374749,Subexpresso,FALSE
claudin.low,ccne1,0.104798390004951,-0.000208065366367947,1.78924427618715,0.0737203806879346,0.105716323039296,-6.25986917576436,Superexpresso,FALSE
claudin.low,hsd3b2,-0.133749842758687,0.00131576172904586,-1.75442390150352,0.0795058130459093,0.113679364267397,-6.32141484029065,Subexpresso,FALSE
claudin.low,sptbn1,0.128602616358133,-0.0023409594095941,1.74415392848987,0.081280646466136,0.115878239422567,-6.33933579440168,Superexpresso,FALSE
claudin.low,hdac2,0.123076826441556,0.0008554032683184,1.73343551553651,0.0831667123628039,0.118222448678521,-6.35792629889634,Superexpresso,FALSE
claudin.low,thada,-0.127452247649612,-0.00116389035318925,-1.70771291905393,0.0878395308186945,0.12450298716041,-6.40207827426363,Subexpresso,FALSE
claudin.low,nrarp,-0.126409659379184,0.0021719557195572,-1.69997777415771,0.0892852956506894,0.126186443853142,-6.41522633874612,Subexpresso,FALSE
claudin.low,ugt2b17,-0.128735153449091,0.000271481286241435,-1.68625275614738,0.0918977828658213,0.129504368361345,-6.43840937354013,Subexpresso,FALSE
claudin.low,prps2,0.12369830008216,0.00187037427517132,1.68289511492482,0.0925461614292643,0.130043313042846,-6.44405225938744,Superexpresso,FALSE
claudin.low,tbl1xr1,-0.125707947384677,0.00162583025830259,-1.66962815231854,0.0951441198743876,0.133310815526004,-6.46623913055336,Subexpresso,FALSE
claudin.low,l1cam,0.123136671859673,0.00303584607274644,1.65520573275049,0.0980343221294214,0.136967952917963,-6.49015964570424,Superexpresso,FALSE
claudin.low,brca2,0.124854449539092,0.000181918819188193,1.64812460574499,0.0994788248309479,0.138590157670466,-6.50182839539682,Superexpresso,FALSE
claudin.low,slco1b3,-0.124607429444032,-0.00081180811808118,-1.64389054323859,0.100350631449919,0.139407553349462,-6.50878172697534,Subexpresso,FALSE
claudin.low,alk,0.121799556222999,0.00052509225092251,1.6399246215812,0.101172744967924,0.14015147957313,-6.51527852720375,Superexpresso,FALSE
claudin.low,nf2,0.123517533983311,0.00063468634686347,1.63006157644047,0.103240586631433,0.142611996787489,-6.53136787231288,Superexpresso,FALSE
claudin.low,kdm3a,-0.122872111336096,0.00160643120716921,-1.62609358833874,0.104081924284141,0.143369185844916,-6.53781344660451,Subexpresso,FALSE
claudin.low,foxo3,-0.11921932987777,-0.00131418028465999,-1.62406624352041,0.104513883904344,0.143559801205686,-6.5411006043953,Subexpresso,FALSE
claudin.low,mapk8,-0.12314133587109,0.0000473379019504473,-1.62025233105045,0.105330361651929,0.144276041590458,-6.5472734358001,Subexpresso,FALSE
claudin.low,tgfb2,0.120188095362468,-0.00180242488139167,1.60682207832853,0.108245881226464,0.147855407597042,-6.56889510454657,Superexpresso,FALSE
claudin.low,tgfbr1,-0.120668272477069,-0.00200875065893516,-1.60315597339276,0.109052747403185,0.148542600223279,-6.57476605993701,Subexpresso,FALSE
claudin.low,hes5,-0.121495874469366,-0.000814232999472852,-1.60001001881189,0.109748922974774,0.149075620374068,-6.57979337392595,Subexpresso,FALSE
claudin.low,herc2,-0.120796471931404,-0.00156794939377965,-1.59256256495622,0.111410998446744,0.150914067148082,-6.59165532885298,Subexpresso,FALSE
claudin.low,bche,0.119304264954495,0.000508803373748023,1.56923895723466,0.116745069435661,0.157702593795686,-6.62844689128869,Superexpresso,FALSE
claudin.low,hes7,0.118600245175158,0.00141623616236162,1.55508017058847,0.120079805742958,0.161760399471918,-6.65051736734293,Superexpresso,FALSE
claudin.low,bmp3,-0.116610302883567,-0.00032377438060095,-1.5317397594272,0.125739433169028,0.16891918357048,-6.68646433596913,Subexpresso,FALSE
claudin.low,peg3,-0.114517367517904,0.000453452820242487,-1.52122952623204,0.128354941399097,0.17196045573742,-6.70247422002384,Subexpresso,FALSE
claudin.low,map2k5,-0.111289823264078,0.00142503953610965,-1.50762144331481,0.131803997737376,0.176098783862232,-6.72303956230055,Subexpresso,FALSE
claudin.low,dnah11,-0.11210951819239,-0.000943911439114392,-1.49619162454642,0.134756131574927,0.179552447793294,-6.74017050502363,Subexpresso,FALSE
claudin.low,serpini1,-0.10656127218341,0.000374960463890352,-1.4810061152451,0.138757057602615,0.18438098143391,-6.76272920924278,Subexpresso,FALSE
claudin.low,abcb11,0.112644123107077,0.000993147074327887,1.47772986767309,0.139632187008479,0.185041028312049,-6.76756611065525,Superexpresso,FALSE
claudin.low,nr2f1,0.104180164363385,0.00111133368476542,1.47501419246054,0.140360178468847,0.185503046679097,-6.77156711554783,Superexpresso,FALSE
claudin.low,mapk7,0.109769406333906,-0.000935898787559304,1.47278700473583,0.140960468915491,0.18579425687244,-6.77484327762834,Superexpresso,FALSE
claudin.low,pms2,-0.107581806306671,0.00241222983658408,-1.45744852126927,0.14514425634136,0.190690551501854,-6.79727057116344,Subexpresso,FALSE
claudin.low,prkacg,-0.110714319250025,0.000257828149710069,-1.45632228387307,0.145455165051517,0.190690551501854,-6.79890807492676,Subexpresso,FALSE
claudin.low,tp53,0.109404980913672,0.000108381655245125,1.4419898090347,0.149456483411004,0.19499054906598,-6.81963658157038,Superexpresso,FALSE
claudin.low,cdk4,-0.103519087462895,0.00258086452293094,-1.44171947359113,0.149532629651825,0.19499054906598,-6.8200255746337,Subexpresso,FALSE
claudin.low,cxcr1,0.104271672896164,-0.00340300474433316,1.37856263589962,0.168178567673333,0.218721594660266,-6.90891250347186,Superexpresso,FALSE
claudin.low,pbrm1,-0.10425468581549,0.00176989984185556,-1.37198389907577,0.170217077628623,0.220785546314049,-6.91794290350227,Subexpresso,FALSE
claudin.low,ahnak,-0.0904244723639835,-0.00137179757511861,-1.35864043501026,0.174407310658039,0.225622155851273,-6.93612686474883,Subexpresso,FALSE
claudin.low,mtap,0.0936242789778032,0.000935582498682131,1.33889891554731,0.180749679567814,0.233205912802703,-6.96270403191758,Superexpresso,FALSE
claudin.low,dtx4,0.100645832953273,0.000265471797575121,1.33744779472638,0.181223408721937,0.233205912802703,-6.96464202940146,Superexpresso,FALSE
claudin.low,bmp7,0.0967855445590449,0.000598207696362677,1.33323364624727,0.182601806628868,0.234362948665398,-6.97025897372618,Superexpresso,FALSE
claudin.low,psen1,0.0997383440926258,-0.00106910911966263,1.32979133637173,0.183733505135981,0.234762270947544,-6.97483402055781,Superexpresso,FALSE
claudin.low,hsd17b2,0.0904145726186255,-0.00060200316288877,1.32854174700203,0.184144380865801,0.234762270947544,-6.97649229672729,Superexpresso,FALSE
claudin.low,tubb4a,0.0993082627060113,0.000296415392725357,1.32791307066114,0.184353194363716,0.234762270947544,-6.97732537508342,Superexpresso,FALSE
claudin.low,ctbp1,-0.100652543943628,-0.00268007380073801,-1.32318833997318,0.18591885093203,0.236141085988994,-6.98357677185297,Subexpresso,FALSE
claudin.low,pik3ca,0.0988942001852747,0.00237738534528203,1.31931329265243,0.187210268824411,0.237165340557349,-6.98868732993345,Superexpresso,FALSE
claudin.low,nrg3,-0.100278591903885,0.000247021613073273,-1.31581394825954,0.188382163240817,0.23803327603297,-6.9932895393094,Subexpresso,FALSE
claudin.low,e2f8,0.0926745605446707,0.00156188719030047,1.30606647446499,0.191674562937591,0.241569230094026,-7.00604491563121,Superexpresso,FALSE
claudin.low,bmp15,0.0991596585542554,-0.00082182393252504,1.30362761144499,0.192505507259305,0.241992784189717,-7.00922131945239,Superexpresso,FALSE
claudin.low,dlec1,-0.0933706920182585,-0.00213995782814971,-1.24338536748063,0.213866626440866,0.268155846998932,-7.08580463507437,Subexpresso,FALSE
claudin.low,mmp21,-0.0946875985842567,0.00136541908276226,-1.23983949622719,0.215175263317879,0.269106659238984,-7.09019962520696,Subexpresso,FALSE
claudin.low,smarcb1,0.0904440450695364,-0.000230943595150237,1.23774053285765,0.215952620767618,0.269389876416747,-7.09279531574843,Superexpresso,FALSE
claudin.low,or6a2,0.0931674082713369,0.00169715340010543,1.22166452612154,0.221973589097983,0.27619614521352,-7.11253014168815,Superexpresso,FALSE
claudin.low,rad51,-0.0834702123453588,0.0014248286768582,-1.21480707069609,0.224577042318571,0.278726329172034,-7.12087071238749,Subexpresso,FALSE
claudin.low,tgfb1,0.0916325868220716,0.000892988929889299,1.20035338897661,0.230139438504487,0.284906798553656,-7.13829445672074,Superexpresso,FALSE
claudin.low,spen,0.0885238597873462,0.000110753821823932,1.18809920774283,0.234930589855867,0.290103682928078,-7.15290424897384,Superexpresso,FALSE
claudin.low,prkg1,-0.08952329961407,-0.00356441750131787,-1.17841983637068,0.238764685051621,0.294095544056027,-7.16433844801361,Subexpresso,FALSE
claudin.low,pdgfa,-0.0875039501266388,-0.00159936742224565,-1.1766750798367,0.239460474126939,0.29421148705546,-7.16638958504337,Subexpresso,FALSE
claudin.low,akr1c1,-0.0892630835771473,0.00048255139694254,-1.16817494823576,0.242870693705958,0.297653556947903,-7.17633893417689,Subexpresso,FALSE
claudin.low,nek1,0.0845594187007832,0.00000537691091196668,1.14362223696671,0.252912537961658,0.309185577658126,-7.20467314931552,Superexpresso,FALSE
claudin.low,setd2,-0.0842341729294012,-0.000711597258829731,-1.12820670444535,0.259363343412494,0.316280984859625,-7.22215574014257,Subexpresso,FALSE
claudin.low,mmp13,0.0850497687639142,-0.00140774907749078,1.12576150578139,0.260396951664514,0.316751515830715,-7.22490703935859,Superexpresso,FALSE
claudin.low,rps6ka1,0.0821423365897046,-0.00171845018450185,1.1091663808611,0.267487223301473,0.324568864006006,-7.24342206850808,Superexpresso,FALSE
claudin.low,mapk4,0.080782740500862,-0.00221043753294676,1.10230382227499,0.270457719141953,0.32736095212974,-7.25099829593485,Superexpresso,FALSE
claudin.low,clrn2,-0.0836386196593224,0.00100342646283606,-1.09584098517379,0.273275814044855,0.329955242143047,-7.25809029122679,Subexpresso,FALSE
claudin.low,kras,-0.0812142086788654,0.00315292567211386,-1.08570159570948,0.277737421541326,0.334516254023913,-7.2691328124462,Subexpresso,FALSE
claudin.low,rbl1,0.0751496818807272,0.00041375856615709,1.07307274615575,0.283362771532193,0.340453059654158,-7.28274386029862,Superexpresso,FALSE
claudin.low,notch2,0.080190268741674,0.00296225619399051,1.06991369803659,0.284782864642203,0.341320639240287,-7.28612284443451,Superexpresso,FALSE
claudin.low,jag1,0.07423453979648,-0.00351101739588824,1.01758059613501,0.308996199150254,0.369435553507272,-7.34066288441905,Superexpresso,FALSE
claudin.low,mmp26,-0.076588068544274,0.000684132841328412,-1.00304075471694,0.315958403623156,0.37683819358957,-7.35533094981189,Subexpresso,FALSE
claudin.low,nr1i2,0.075486706510452,-0.00249335793357934,0.996141686555822,0.319297707049939,0.379624894934576,-7.36221708630135,Superexpresso,FALSE
claudin.low,magea8,-0.0758248527159845,0.000565840801265155,-0.995010221075316,0.319847559740379,0.379624894934576,-7.36334189884164,Subexpresso,FALSE
claudin.low,lamb3,0.0676497504281359,-0.000418028465998946,0.987585144058663,0.323470291309698,0.382995090679037,-7.37069263319694,Superexpresso,FALSE
claudin.low,dll4,0.0749853976637444,0.000306167633104902,0.984117409681472,0.325172768577549,0.384080878827105,-7.37410532987268,Superexpresso,FALSE
claudin.low,dll3,0.0700977353465547,-0.000706431207169216,0.979071771398546,0.327658899106494,0.386084823284519,-7.37905092448416,Superexpresso,FALSE
claudin.low,e2f5,0.0692731962397732,0.0020284659989457,0.958484629880908,0.337930343430789,0.397230620042442,-7.39896663844974,Superexpresso,FALSE
claudin.low,mdc1,0.0694412711608799,0.00164343700579863,0.944680047893541,0.344932467955974,0.404489153070674,-7.41208416801684,Superexpresso,FALSE
claudin.low,ctcf,0.0709249280763283,0.00166905640484976,0.9346003635627,0.350103273206868,0.409021993465049,-7.42154208914103,Superexpresso,FALSE
claudin.low,e2f2,-0.0585988147377264,-0.000510648392198207,-0.933885798363906,0.350470787856555,0.409021993465049,-7.42220971923935,Subexpresso,FALSE
claudin.low,map3k4,0.0688560736441348,-0.00202329994728519,0.919399193482084,0.357993905990055,0.416807190545564,-7.4356138602168,Superexpresso,FALSE
claudin.low,myo3a,-0.0685394788162709,0.00114765419082762,-0.905357783433795,0.365381209400883,0.424397651774423,-7.44840718781,Subexpresso,FALSE
claudin.low,hey2,-0.066519782650264,-0.000544491302055876,-0.900067935825515,0.368188768017607,0.426645278579645,-7.45317582459303,Subexpresso,FALSE
claudin.low,akt3,-0.0650642705300668,-0.00439135477069056,-0.857343169970673,0.391354478753805,0.452416879694115,-7.49066737516559,Subexpresso,FALSE
claudin.low,smad5,-0.0631756749848886,-0.000584290985767,-0.835660534045248,0.403442323715335,0.465290793152827,-7.50899735839963,Subexpresso,FALSE
claudin.low,srd5a1,-0.0540050711281932,0.00115487612018977,-0.822632127709113,0.410811157877695,0.47267448518163,-7.51978650255983,Subexpresso,FALSE
claudin.low,cyp3a43,-0.059715525429616,-0.0016244069583553,-0.782011615915245,0.434297163783162,0.498524209131376,-7.5523341270397,Subexpresso,FALSE
claudin.low,apc,-0.0582788132090105,-0.00371729045861887,-0.768376000412694,0.44235146090744,0.505529563398245,-7.56289090573966,Subexpresso,FALSE
claudin.low,agmo,0.0586651791294388,-0.000210964681075381,0.768180440007144,0.442467593321981,0.505529563398245,-7.5630409599127,Superexpresso,FALSE
claudin.low,usp9x,0.0558180083122866,0.00228824459673168,0.737820248666479,0.460707296259754,0.52514188314923,-7.58587344269524,Superexpresso,FALSE
claudin.low,fanca,0.055251686543664,-0.000121244069583552,0.725098807790649,0.468473352332025,0.531587317898583,-7.59516710355093,Superexpresso,FALSE
claudin.low,smad2,0.0554161754427686,0.000572377438060095,0.724996564163739,0.468536061378915,0.531587317898583,-7.59524114331082,Superexpresso,FALSE
claudin.low,cyp17a1,0.0547432169967053,-0.00383025830258302,0.718652784513287,0.472435971040674,0.534771272775207,-7.59981458319409,Superexpresso,FALSE
claudin.low,mmp14,0.0540647580389118,0.000311544544016869,0.715024605923006,0.474674451658186,0.536064219078182,-7.60241219809207,Superexpresso,FALSE
claudin.low,gpr32,0.054064460354489,-0.00137453874538745,0.708494752278404,0.47871782487944,0.539384830336512,-7.60705417548437,Superexpresso,FALSE
claudin.low,ctnna3,-0.0538916943550954,-0.00090980495519241,-0.705419364533132,0.480628647868545,0.540292893810848,-7.60922567900973,Subexpresso,FALSE
claudin.low,sbno1,-0.0517558908443481,0.00365993674222457,-0.6970548058585,0.485846749858439,0.544906102478846,-7.61508405472225,Subexpresso,FALSE
claudin.low,bbc3,-0.0527208777728982,-0.00036151818661044,-0.69354254602812,0.488046928715954,0.546121162796571,-7.61752315186018,Subexpresso,FALSE
claudin.low,ppp2r2a,-0.0495011614647117,-0.00049630996309963,-0.682506579714442,0.494995031838382,0.55263143965518,-7.62510696238916,Subexpresso,FALSE
claudin.low,mmp17,-0.0493052893701767,-0.00187480231945177,-0.646192027469018,0.518226615720016,0.577250148262159,-7.64920363094917,Subexpresso,FALSE
claudin.low,smad3,-0.0470617885140205,-0.000168107538218239,-0.636963351979194,0.524219132295559,0.582598081119383,-7.65511754168412,Subexpresso,FALSE
claudin.low,ush2a,0.048030788994633,-0.00291254612546126,0.629189056406205,0.529294703778541,0.584961507377156,-7.66003346898413,Superexpresso,FALSE
claudin.low,tert,-0.0477819721725208,0.000994570374275171,-0.628467975764934,0.529766737116324,0.584961507377156,-7.66048637241105,Subexpresso,FALSE
claudin.low,lipi,0.0478832088677212,-0.000106167633104902,0.627342490213332,0.530503929408841,0.584961507377156,-7.66119224092943,Superexpresso,FALSE
claudin.low,diras3,-0.046089007215909,0.000892461781760675,-0.626386221892607,0.531130693814841,0.584961507377156,-7.66179098800535,Subexpresso,FALSE
claudin.low,tubb1,-0.0459161053193373,-0.00253510806536637,-0.612068425705537,0.540559691645675,0.594008290370192,-7.67064659502981,Subexpresso,FALSE
claudin.low,cyp19a1,0.0450244251192985,-0.00207480231945177,0.594081621352257,0.552522423462027,0.605792522585048,-7.6814814110685,Superexpresso,FALSE
claudin.low,star,0.0446214736427637,-0.00333879810226674,0.586770563380134,0.557421777941184,0.609796978553107,-7.68579307738313,Superexpresso,FALSE
claudin.low,terc,0.0431666139169325,0.00120948866631523,0.573889549621667,0.56610487814221,0.617913583507903,-7.69325974739852,Superexpresso,FALSE
claudin.low,casp7,0.0422779881736698,0.000251133368476542,0.558905846093362,0.57628642058405,0.627625968074834,-7.70173681903882,Superexpresso,FALSE
claudin.low,abcc10,0.038772498201858,-0.00186404849762783,0.551122893444317,0.581608614337859,0.631104143181981,-7.70605187206193,Superexpresso,FALSE
claudin.low,myo1a,0.0418322851442449,0.000912335266209806,0.550462917394761,0.582061285429598,0.631104143181981,-7.70641467696891,Superexpresso,FALSE
claudin.low,prkce,0.040204858911643,-0.000406431207169215,0.540450892617314,0.588944247180339,0.637154285113243,-7.71186964812863,Superexpresso,FALSE
claudin.low,mmp24,-0.0402752158709762,0.0000135477069056416,-0.528232247323417,0.597394758828412,0.644869839000207,-7.71839125532251,Subexpresso,FALSE
claudin.low,msh2,0.0366830187675196,0.00155513969425409,0.499168949619309,0.617713398292904,0.665334475253811,-7.73330449805797,Superexpresso,FALSE
claudin.low,cdkn2b,-0.0363837517446711,0.000840221402214023,-0.482100474926053,0.62978552868986,0.676846425339212,-7.74166967251954,Subexpresso,FALSE
claudin.low,mlh1,-0.033975182647713,0.000213178703215604,-0.4676480463102,0.640085514723716,0.686407492762933,-7.74852526009294,Subexpresso,FALSE
claudin.low,cyp11b2,-0.0354389963832832,0.0000000527148128642228,-0.464658771175861,0.642224694064313,0.687194475705578,-7.74991720391457,Subexpresso,FALSE
claudin.low,spaca1,-0.0343666147782202,0.00184364786505008,-0.450584357642537,0.652336320184661,0.696490088581439,-7.75635097179109,Subexpresso,FALSE
claudin.low,mdm2,0.0328916292879097,0.00177227200843437,0.438635760252493,0.660971244624277,0.70417197956704,-7.76165770530839,Superexpresso,FALSE
claudin.low,snw1,0.0325385416501088,0.000367633104902479,0.43639746819363,0.662593875198787,0.704366097765668,-7.76263594142467,Superexpresso,FALSE
claudin.low,ep300,0.0322405410105036,0.00121692145492883,0.424547207261282,0.671210894241942,0.711978584130824,-7.76773167635239,Superexpresso,FALSE
claudin.low,hey1,-0.0320439521055269,0.000899420137058514,-0.422148769123266,0.672960261748592,0.712289108214419,-7.76874596361779,Subexpresso,FALSE
claudin.low,thsd7a,0.031750446655532,-0.00246399578281497,0.419127357490117,0.675166534613823,0.712808263882883,-7.77001552556765,Superexpresso,FALSE
claudin.low,mmp16,-0.0317811021180361,-0.0014904586188719,-0.417486170083753,0.676366123602572,0.712808263882883,-7.77070131202636,Subexpresso,FALSE
claudin.low,rbpjl,-0.0294730339223721,0.00129235635213495,-0.386684124382223,0.699029806002045,0.735108763731183,-7.7830732057291,Subexpresso,FALSE
claudin.low,arid1a,0.0266024490562027,0.00187648919346336,0.358800343727924,0.719781037193597,0.755306710703153,-7.79345574623937,Superexpresso,FALSE
claudin.low,map3k10,0.0269350665443612,-0.00109583552978387,0.353889138979152,0.723457998948172,0.7575395320892,-7.79520399938355,Superexpresso,FALSE
claudin.low,dph1,-0.0264165572180031,-0.000105376910911969,-0.346993585223654,0.728631401354699,0.761326400133436,-7.79761796626069,Subexpresso,FALSE
claudin.low,kmt2d,0.025326835381939,-0.00133700579862941,0.332281638299321,0.73971023823853,0.77125438485851,-7.80260950313265,Superexpresso,FALSE
claudin.low,nbn,0.0249201791533041,0.00149119662625198,0.326535210700182,0.744052456404582,0.77413117272732,-7.80450046357595,Superexpresso,FALSE
claudin.low,hdac9,-0.0210138945077146,-0.00259583552978387,-0.27699007255933,0.781815378159496,0.811693672866229,-7.8194359667147,Subexpresso,FALSE
claudin.low,arl11,-0.0205563652437814,-0.0000923036373220864,-0.269722832009917,0.787400371695047,0.81576013084508,-7.8214204880113,Subexpresso,FALSE
claudin.low,ran,0.0195091798276456,0.00129478123352662,0.265889050891052,0.790351129971044,0.817086051915096,-7.82244615187273,Superexpresso,FALSE
claudin.low,numbl,0.0195518397488526,-0.00175260938323669,0.257607789665999,0.796735216569281,0.821948356334132,-7.82461155498219,Superexpresso,FALSE
claudin.low,zfyve9,-0.0189212531925985,0.0000653136531365327,-0.248204020522333,0.804001168992031,0.827698045551797,-7.8269874108262,Subexpresso,FALSE
claudin.low,e2f1,-0.0177466621623978,-0.00014412229836584,-0.233367689446866,0.815498969164882,0.837770999835352,-7.83055617535896,Subexpresso,FALSE
claudin.low,asxl1,0.0169601020821629,-0.000919820769636268,0.224936785382628,0.822050648380813,0.842731167836934,-7.83248618648696,Superexpresso,FALSE
claudin.low,abcc1,0.0164558807818064,0.00334280442804428,0.219565615598053,0.826231115751135,0.845244802515282,-7.83367873269688,Superexpresso,FALSE
claudin.low,agtr2,0.0131937857742921,-0.000415129151291514,0.17395087955615,0.861921071047103,0.87956928367599,-7.84264480977691,Superexpresso,FALSE
claudin.low,inhbc,0.0131534507508692,0.00114243542435424,0.17209343536896,0.863380891951892,0.87956928367599,-7.84296586800519,Superexpresso,FALSE
claudin.low,hsd17b6,-0.0121109191199549,-0.0000945703742751726,-0.161055542288614,0.872065367461056,0.886569573156874,-7.84480266616151,Subexpresso,FALSE
claudin.low,rictor,-0.011957190037774,0.0018566684238271,-0.157539191754687,0.874835284023922,0.887540360762858,-7.84536225368927,Subexpresso,FALSE
claudin.low,tgfb3,0.00998467586494463,-0.00108096995255667,0.151639661304193,0.87948579933864,0.889503431353133,-7.84627339693895,Superexpresso,FALSE
claudin.low,ahnak2,0.0113344129287958,-0.00161813389562467,0.150470215629823,0.880408304243182,0.889503431353133,-7.84644982592749,Superexpresso,FALSE
claudin.low,muc16,0.0101980546406288,0.000691196626251977,0.14247041260722,0.88672229858251,0.894035472179067,-7.84762039887405,Superexpresso,FALSE
claudin.low,gps2,-0.00767412543445349,-0.00188845545598313,-0.10077169117681,0.919741456153457,0.925418872549466,-7.85268681140626,Subexpresso,FALSE
claudin.low,gdf2,0.00649090521803343,0.00317364259356879,0.0850159143838347,0.932256957950869,0.936039968540865,-7.8541489796032,Superexpresso,FALSE
claudin.low,tg,-0.0063114538181321,0.00105867158671587,-0.0826651630188181,0.93412577637616,0.936039968540865,-7.85434587332917,Subexpresso,FALSE
claudin.low,rad50,0.00322471914507747,-0.00114027411702688,0.0423243143408332,0.966244243489721,0.966244243489721,-7.85686447901012,Superexpresso,FALSE
Her2,erbb2,1.57364641707366,0.00156700052714813,24.7835350347344,4.41336640164773e-119,2.15813617040574e-116,260.960905287066,Superexpresso,TRUE
Her2,arrdc1,1.1239665051281,0.000835424354243542,16.5754628681864,4.731309466981e-58,1.15680516467686e-55,121.159312393271,Superexpresso,TRUE
Her2,smad4,-1.1148771835639,0.00131855561412757,-16.3157215147068,2.12755187608952e-56,3.46790955802592e-54,117.377162761629,Subexpresso,TRUE
Her2,bcl2,-0.955128013970553,0.000537216657880864,-16.1022729246871,4.43665831047144e-55,5.42381478455133e-53,114.358403580599,Subexpresso,TRUE
Her2,gsk3b,1.03718825801985,-0.000355772272008434,15.4953946449109,2.45777302449619e-51,2.40370201795728e-49,105.794933263644,Superexpresso,TRUE
Her2,mmp15,1.01733276149734,-0.000574380600948866,15.1157123680009,4.68470558460448e-49,3.81803505145265e-47,100.580108278455,Superexpresso,TRUE
Her2,myc,-0.977062609632006,0.00202298365840801,-14.5637910934292,7.88473294486425e-46,5.50804915719803e-44,93.2034255307827,Subexpresso,TRUE
Her2,akt1,0.989081282737518,0.000387822878228783,14.3804628089156,9.11288371451788e-45,5.57025017049905e-43,90.7739900681319,Superexpresso,TRUE
Her2,kit,-0.840013971151026,0.000919504480759093,-13.0012466173256,3.21711867754675e-37,1.7479678148004e-35,73.5280711967001,Subexpresso,TRUE
Her2,ncoa3,0.862859211875874,-0.000854454401686875,12.6363728068916,2.57905606947421e-35,1.26115841797289e-33,69.1811541094689,Superexpresso,TRUE
Her2,frmd3,-0.812782037487411,0.0000823932525039538,-12.4770000950332,1.6405990970855e-34,7.29320871340738e-33,67.3465407507019,Subexpresso,TRUE
Her2,tgfbr3,-0.832256978154753,-0.00316062203479178,-12.2352812428872,2.73167995727499e-33,1.11315958258956e-31,64.5591340484016,Subexpresso,TRUE
Her2,rps6kb2,0.789043101680259,-0.00102883500263574,11.5571965379611,5.51754971410136e-30,2.07544754630428e-28,57.0193404879447,Superexpresso,TRUE
Her2,srd5a3,0.786811404513584,0.000572851871375858,11.1384052305664,5.01605608268225e-28,1.75203673173687e-26,52.5544046947033,Superexpresso,TRUE
Her2,igf1r,-0.669345629698256,-0.0000760147601476026,-11.0387827465507,1.41484292705925e-27,4.61238794221317e-26,51.5278072098739,Subexpresso,TRUE
Her2,lama2,-0.70857956580878,-0.00122503953610965,-10.9997810898012,2.13071640544844e-27,6.51200201415178e-26,51.1226247217924,Subexpresso,TRUE
Her2,mmp7,-0.671280326179201,0.0015913020558777,-10.8634804863987,8.82313441614941e-27,2.53794866441004e-25,49.7166558194251,Subexpresso,TRUE
Her2,ldlrap1,0.763097653902637,-0.0010248286768582,10.852354121294,1.00334237745334e-26,2.72574679208156e-25,49.5897853176715,Superexpresso,TRUE
Her2,stat3,-0.743034785620829,0.00172308908803374,-10.5878265657013,1.507332394863e-25,3.87939758467372e-24,46.9095390258538,Subexpresso,TRUE
Her2,hes6,0.701048017007907,0.00107337901950448,10.3995072502579,9.95327625036938e-25,2.43357604321531e-23,45.0429445981911,Superexpresso,TRUE
Her2,bcl2l1,0.699124932179406,-0.000354981549815498,10.3621979153083,1.44413447083768e-24,3.36277026780773e-23,44.6749982813314,Superexpresso,TRUE
Her2,dtx2,0.701691074675754,-0.00198608328940433,10.3434310670316,1.74013382878796e-24,3.86784291944234e-23,44.4906747300279,Superexpresso,TRUE
Her2,pdgfb,0.727717300099139,-0.001431418028466,10.2243767650158,5.6655688505271e-24,1.20454920343815e-22,43.3239634041137,Superexpresso,TRUE
Her2,plagl1,-0.638385792942822,-0.000521085925144968,-10.1236123134721,1.50274382412504e-23,3.06184054165478e-22,42.3596522922332,Subexpresso,TRUE
Her2,akt1s1,0.71601137224456,-0.000855192409066947,10.1165583241105,1.62598000764507e-23,3.18041689495377e-22,42.2820389157522,Superexpresso,TRUE
Her2,jak1,-0.690234442326048,0.000967316816025303,-9.84733077237442,2.16571485479253e-22,4.07320986151364e-21,39.724066500061,Subexpresso,TRUE
Her2,stat5b,-0.668184152914324,-0.000358882445967318,-9.76014330752306,4.94139800169848e-22,8.94942082529836e-21,38.9093987648778,Subexpresso,TRUE
Her2,slc19a1,0.648936078330967,0.00075719557195572,9.71343852249477,7.61780009031494e-22,1.33039437291572e-20,38.4817977962136,Superexpresso,TRUE
Her2,aurka,0.55007563384692,0.0000494992092778091,9.36782897432712,1.85325017361092e-20,3.12496322377842e-19,35.3314645244444,Superexpresso,TRUE
Her2,rps6,-0.667290423819897,0.000451713231418029,-9.35071725364568,2.18111841798258e-20,3.5552230213116e-19,35.1709802713127,Subexpresso,TRUE
Her2,aph1b,-0.562128236808864,0.00023911439114391,-9.3390116738342,2.40736322772162e-20,3.79742134953507e-19,35.0733692568261,Subexpresso,TRUE
Her2,spry2,-0.605749002886842,-0.000468160253031102,-9.31030288553968,3.12182657986147e-20,4.77054124235081e-19,34.816973045934,Subexpresso,TRUE
Her2,tgfbr2,-0.589291726360269,-0.0000255666842382718,-9.15557136156169,1.25125449345656e-19,1.85413165848563e-18,33.4475979811247,Subexpresso,TRUE
Her2,abcc10,0.615835528504889,-0.00186404849762783,9.13959802287729,1.44663530195056e-19,2.08060194898183e-18,33.3046118325041,Superexpresso,TRUE
Her2,e2f2,0.545493548898638,-0.000510648392198207,9.0767891187879,2.51673714148281e-19,3.51624132052884e-18,32.7585089023903,Superexpresso,TRUE
Her2,smad7,-0.639381969983332,0.000640959409594098,-8.96082804398031,7.01466211813656e-19,9.5282493771355e-18,31.7482062119247,Subexpresso,TRUE
Her2,ncor1,-0.62855855549349,0.000651713231418029,-8.89634540691239,1.22948361627439e-18,1.62491213069777e-17,31.1951032694787,Subexpresso,TRUE
Her2,ddc,0.617325442424271,-0.000641170268845545,8.79776682947577,2.87894743428658e-18,3.70475077727931e-17,30.3566957715196,Superexpresso,TRUE
Her2,mmp1,0.593377133155187,0.0011309963099631,8.73443860706512,4.93980883845252e-18,6.19376031282893e-17,29.8247152624857,Superexpresso,TRUE
Her2,map2k3,0.588974438644365,-0.00124781233526621,8.65607687218125,9.61511263686223e-18,1.17544751985641e-16,29.1687097333901,Superexpresso,TRUE
Her2,ar,0.517436953909772,-0.000469372693726938,8.44740062653283,5.49748310171954e-17,6.55675423595331e-16,27.4519387298473,Superexpresso,TRUE
Her2,hsd17b2,0.546497421103476,-0.00060200316288877,8.38421827622668,9.25939628987928e-17,1.07805828232166e-15,26.9388458419101,Superexpresso,TRUE
Her2,nr3c1,-0.571412823266441,0.00211344227727992,-8.32371799518431,1.52690192483858e-16,1.73640707266527e-15,26.4468491578958,Subexpresso,TRUE
Her2,vegfa,0.566721429169664,0.000643226146547181,8.26826954850233,2.39825570504778e-16,2.66533418129174e-15,26.0026658131925,Superexpresso,TRUE
Her2,fancd2,0.514939840578313,0.000508170795993674,8.25406644327989,2.67992011456778e-16,2.91217985783032e-15,25.8932616287309,Superexpresso,TRUE
Her2,tubb4b,0.568586548558347,-0.00226837111228255,8.20313389219255,4.06358283914674e-16,4.31976523552773e-15,25.4840101396374,Superexpresso,TRUE
Her2,nrarp,-0.570935719985245,0.0021719557195572,-8.0165569951866,1.79974989961062e-15,1.87250574661615e-14,24.0208762642988,Subexpresso,TRUE
Her2,fgf2,-0.562379776879433,-0.00401560358460727,-7.96074980013431,2.79187923069242e-15,2.8442269662679e-14,23.5893801770271,Subexpresso,TRUE
Her2,pik3r3,0.565973278610672,-0.00211175540326832,7.93984599379363,3.28858544708336e-15,3.28187404821177e-14,23.4284836180327,Superexpresso,TRUE
Her2,mapt,-0.440346628528058,0.000330680021085925,-7.91064885059232,4.11476858390442e-15,4.02424367505852e-14,23.2080987745147,Subexpresso,FALSE
Her2,abcb1,-0.500687566756975,0.000891829204006327,-7.86728941092729,5.76564226177801e-15,5.52823346276362e-14,22.8767047247599,Subexpresso,TRUE
Her2,casp3,0.541739641286837,0.00135292567211386,7.84687414783902,6.77990478041646e-15,6.37571814927625e-14,22.717703763611,Superexpresso,TRUE
Her2,tgfbr1,0.564558272977476,-0.00200875065893516,7.83121496600489,7.65269361714617e-15,7.06069279015939e-14,22.5987635063336,Superexpresso,TRUE
Her2,map3k5,0.529544851704172,0.000280917237743806,7.82372644891631,8.09420457693115e-15,7.32975192244321e-14,22.5435935811919,Superexpresso,TRUE
Her2,lfng,0.518915308488516,-0.00049973642593569,7.81596210962909,8.5818691864825e-15,7.63006187670899e-14,22.4860706114077,Superexpresso,TRUE
Her2,csf1r,-0.512612348458469,-0.00278481813389563,-7.76186029054392,1.30017859596106e-14,1.13533452397314e-13,22.0780796189375,Subexpresso,TRUE
Her2,tubb1,0.549813349226117,-0.00253510806536637,7.65222798348989,3.00690100528883e-14,2.57960454664253e-13,21.2551821694781,Superexpresso,TRUE
Her2,rheb,-0.520235260863151,0.00349478123352662,-7.64694464747043,3.12451153307292e-14,2.63428644771148e-13,21.2174491058225,Subexpresso,TRUE
Her2,maml2,-0.508192843545639,0.000188033737480231,-7.6006148347111,4.42514275096077e-14,3.66761831393189e-13,20.8758468305377,Subexpresso,TRUE
Her2,ugt2b7,0.534923885694944,0.00195940959409594,7.5486857749745,6.54915089584482e-14,5.33755798011353e-13,20.4913351174849,Superexpresso,TRUE
Her2,lifr,-0.530362986739291,0.00106136004217185,-7.50021301929525,9.39726969227352e-14,7.53322111397008e-13,20.1371278768042,Subexpresso,TRUE
Her2,hras,0.518341626341772,-0.00134312071692145,7.44279594111295,1.43733867735689e-13,1.13364292456051e-12,19.7203576518751,Superexpresso,TRUE
Her2,mmp11,0.521664332199358,-0.0015074327886136,7.39711341119463,2.0112723958403e-13,1.56113047867604e-12,19.3909328850303,Superexpresso,TRUE
Her2,kmt2c,0.522120815019729,0.00008539799683711,7.31853950993047,3.56874482683813e-13,2.72674409425601e-12,18.8288237378674,Superexpresso,TRUE
Her2,cdc25a,0.431668209776194,-0.000103321033210332,7.31397794498854,3.67824062166947e-13,2.76716871384057e-12,18.7990546012557,Superexpresso,FALSE
Her2,ccne1,0.40764608697465,-0.000208065366367947,7.26667925135591,5.17997958183555e-13,3.83789396290543e-12,18.4635632132735,Superexpresso,FALSE
Her2,map2k4,-0.492218727895177,0.000395624670532419,-7.15521326266779,1.15429812788561e-12,8.42465350053827e-12,17.6788128856489,Subexpresso,FALSE
Her2,rdh5,-0.49220896079576,-0.00391913547706906,-7.13404408664169,1.34149299939671e-12,9.64691289272045e-12,17.5316380246544,Subexpresso,FALSE
Her2,map2,-0.448209702651829,-0.0011566684238271,-7.12989952103741,1.37826254424854e-12,9.76768672663096e-12,17.5050310739075,Subexpresso,FALSE
Her2,srd5a1,0.440836928871808,0.00115487612018977,7.01110998187427,3.17999733088935e-12,2.2214552782927e-11,16.6866497243219,Superexpresso,FALSE
Her2,cdkn2c,-0.479264994988549,-0.00141228255139694,-6.99268034738228,3.62419349610759e-12,2.49609946422058e-11,16.5588339789043,Subexpresso,FALSE
Her2,ppp2r2a,-0.481832555404106,-0.00049630996309963,-6.9362586737053,5.36253906718287e-12,3.64205778312837e-11,16.1755372557767,Subexpresso,FALSE
Her2,lamb3,-0.452529885935499,-0.000418028465998946,-6.89752531421978,6.98839313835918e-12,4.68126608857211e-11,15.9163966296736,Subexpresso,FALSE
Her2,igf1,-0.471608312590982,-0.000701897733263046,-6.87748162751583,8.03859522407219e-12,5.31199062779905e-11,15.7796217381538,Subexpresso,FALSE
Her2,pik3r2,0.481245986887435,-0.000326410121244069,6.85053321399046,9.66779752530794e-12,6.30340398650078e-11,15.5991762904577,Superexpresso,FALSE
Her2,ccnb1,0.436214243703062,-0.000489035318924617,6.84104960982869,1.02918097680356e-11,6.6219670744334e-11,15.5378906708313,Superexpresso,FALSE
Her2,map3k13,0.485647408394483,0.00046178176067475,6.82630857979578,1.14058540893177e-11,7.24345798659268e-11,15.4375469680678,Superexpresso,FALSE
Her2,cdkn1b,-0.47909098779345,0.00248265682656827,-6.7488574070917,1.92806829063273e-11,0.000000000120875050528129,14.924458228826,Subexpresso,FALSE
Her2,sik1,-0.479069442374483,0.00135229309435952,-6.73639513397945,2.09693491617539e-11,0.000000000129797616963261,14.8424228571791,Subexpresso,FALSE
Her2,prkce,-0.477282656239872,-0.000406431207169215,-6.69870783482161,2.7006948212123e-11,0.000000000165079970946602,14.5952218579016,Subexpresso,FALSE
Her2,inha,0.467663430672425,-0.00279109119662625,6.5421628529104,7.61867040924173e-11,0.000000000459941954335704,13.5826275852459,Superexpresso,FALSE
Her2,ttyh1,-0.39381216006031,-0.000492830785450711,-6.51704638927295,8.96245021085991e-11,0.000000000532298466068238,13.4239916822993,Subexpresso,FALSE
Her2,jag1,-0.455288914748974,-0.00351101739588824,-6.51609729130214,9.03492283919504e-11,0.000000000532298466068238,13.416255395858,Subexpresso,FALSE
Her2,cdh1,0.458863790896642,0.000776489193463362,6.46610911688211,0.000000000125074395575394,0.000000000728111659956758,13.0989729287822,Superexpresso,FALSE
Her2,hsd17b10,0.441129395781808,0.000939957828149711,6.34324673382684,0.000000000275472624095783,0.00000000158477780215103,12.3291236918085,Superexpresso,FALSE
Her2,rb1,-0.440698493015839,0.00199636267791249,-6.27055632761541,0.000000000436631217983143,0.00000000248270541388089,11.8803374777667,Subexpresso,FALSE
Her2,bmp2,-0.414907700175916,-0.000930996309963099,-6.25989271238097,0.000000000466288314105891,0.00000000262086190342277,11.8162241869032,Subexpresso,FALSE
Her2,bmpr1b,-0.403666152267501,-0.00129114391143911,-6.2169522353729,0.000000000610379369461992,0.00000000339176717803311,11.5539748051635,Subexpresso,FALSE
Her2,eif4ebp1,0.417691949840768,-0.00087053241960991,6.12971768813422,0.00000000105099723724054,0.00000000577458032596208,11.0251168963073,Superexpresso,FALSE
Her2,fas,-0.4173161286315,-0.0000353716394306821,-6.11259263807232,0.00000000116779635617747,0.00000000634502686856427,10.9225670561523,Subexpresso,FALSE
Her2,src,0.423355910914936,-0.000882920400632577,6.09276859813729,0.00000000131961554337348,0.00000000709112088691903,10.803686366873,Superexpresso,FALSE
Her2,nras,-0.400354510755718,0.000972535582498683,-6.04611563847444,0.0000000017530205088151,0.00000000931768509576722,10.527356959229,Subexpresso,FALSE
Her2,prkcz,0.420440236883022,-0.000956352134949922,6.01006260719284,0.00000000218562054371154,0.0000000114373482764785,10.3130132176509,Superexpresso,FALSE
Her2,rps6kb1,0.418010392364371,0.00115672113863996,6.00908657440018,0.00000000219859046623513,0.0000000114373482764785,10.3072613201719,Superexpresso,FALSE
Her2,arid1a,-0.424555187307434,0.00187648919346336,-5.97864916362452,0.00000000264292048475251,0.0000000136040854425682,10.1283421821065,Subexpresso,FALSE
Her2,bmp6,-0.403259062068322,0.00126531365313653,-5.8749408371824,0.0000000049162048635684,0.0000000250419185238015,9.52538163520773,Subexpresso,FALSE
Her2,serpini1,-0.403844908547048,0.000374960463890352,-5.86016378599046,0.00000000536670951376241,0.000000027054855177627,9.44025027512969,Subexpresso,FALSE
Her2,itgav,-0.414965808830477,0.0019598840274117,-5.7948358769949,0.00000000788733045243249,0.0000000393561692983621,9.06651116212418,Subexpresso,FALSE
Her2,hes2,0.412625496421868,0.000095835529783869,5.74104456889906,0.0000000107973843675597,0.000000053332534906431,8.76184486909412,Superexpresso,FALSE
Her2,map4,0.411573557386384,-0.00232904586188719,5.7358013745903,0.0000000111314166507125,0.0000000544326274219844,8.73229534319446,Superexpresso,FALSE
Her2,hsd17b4,-0.357906804620049,-0.000123668950975223,-5.70263280557711,0.0000000134746333637536,0.0000000652385714344109,8.5469521960719,Subexpresso,FALSE
Her2,hes4,0.404600207726779,0.0000697944122298378,5.6887577986246,0.0000000146142213426685,0.0000000700622964369106,8.46833805211382,Superexpresso,FALSE
Her2,rps6ka1,0.402236215377584,-0.00171845018450185,5.67085446882665,0.000000016200722147235,0.000000076914108058232,8.36843749530163,Superexpresso,FALSE
Her2,jak2,-0.384575417533429,0.00145872430152873,-5.64486320194944,0.0000000187982220291152,0.0000000883877939638203,8.22428767732971,Subexpresso,FALSE
Her2,cyp3a5,0.406122047136246,-0.000755824986821299,5.63281050721761,0.0000000201472731685655,0.0000000938287293278909,8.15716585843722,Superexpresso,FALSE
Her2,csf1,-0.404707193781147,-0.000404059040590405,-5.61314931561556,0.0000000225382117566664,0.000000103973448575565,8.0485207971982,Subexpresso,FALSE
Her2,cxcl8,0.377846603449927,0.00112208750658935,5.6052412874724,0.0000000235636627192129,0.000000107688140838272,8.00537589234216,Superexpresso,FALSE
Her2,cacna2d3,-0.392617630263378,-0.00293932525039536,-5.54135942918611,0.000000033839854329269,0.000000153219340435301,7.6549496906044,Subexpresso,FALSE
Her2,bmpr2,-0.388234980975903,0.000494254085397997,-5.44357764735033,0.0000000584116969218961,0.000000262048805456947,7.12679722020756,Subexpresso,FALSE
Her2,adgra2,-0.354718630204622,-0.0026934106483922,-5.44132727633708,0.0000000590891601239541,0.000000262678175460123,7.11555977449489,Subexpresso,FALSE
Her2,bmp7,0.376952332437834,0.000598207696362677,5.42150533540581,0.0000000659903287167701,0.000000290325411859154,7.00884099252767,Superexpresso,FALSE
Her2,rbl2,-0.386586848392596,0.00179615181866104,-5.42012198667486,0.0000000664957998532215,0.000000290325411859154,7.00146377526809,Subexpresso,FALSE
Her2,stat1,0.367912404153362,-0.000198365840801266,5.41537348734414,0.0000000682372955944294,0.000000295292367660849,6.9764397923158,Superexpresso,FALSE
Her2,rpgr,-0.367670392317402,0.000180811808118079,-5.40976614292616,0.0000000703731584571518,0.00000030186381127673,6.94663883319148,Subexpresso,FALSE
Her2,folr2,-0.343662111834402,-0.00136831839746969,-5.3787257330923,0.0000000834103054915386,0.000000354675125090108,6.78232224305433,Subexpresso,FALSE
Her2,bard1,0.370799043226011,-0.000398892988929888,5.37286869582324,0.0000000862043915211793,0.000000363396098740144,6.75056720257027,Superexpresso,FALSE
Her2,map2k5,-0.379382247506504,0.00142503953610965,-5.36601083813808,0.000000089498490457359,0.000000374057793449988,6.7143321550029,Subexpresso,FALSE
Her2,map2k2,0.381115321015311,-0.00166752767527675,5.34765151103259,0.0000000989287949654058,0.000000409967633373588,6.6175480245877,Superexpresso,FALSE
Her2,cdk6,-0.32071316205,0.0000848708487084863,-5.32651538570465,0.000000110884419267567,0.00000045565110102387,6.50726715951295,Subexpresso,FALSE
Her2,sf3b1,-0.382880511100297,0.00241649973642594,-5.29550539357158,0.000000131266403614203,0.000000534910594727877,6.34441144884901,Subexpresso,FALSE
Her2,erbb4,0.38170700794811,-0.000410542962572483,5.26190098086868,0.000000157299468959552,0.000000635697853894389,6.16977481225954,Superexpresso,FALSE
Her2,large1,0.365023215888358,-0.00171291512915129,5.18749030441128,0.00000023393230796413,0.000000937646709790653,5.78692752680623,Superexpresso,FALSE
Her2,nfkb1,-0.355506249351691,-0.0000645756457564579,-5.07248794414751,0.000000427638199198638,0.0000017001225968141,5.20568718386396,Subexpresso,FALSE
Her2,cdkn2a,-0.311677871025079,0.000902055877701633,-5.04995980667337,0.000000480251739977444,0.00000189389597458847,5.0939103029952,Subexpresso,FALSE
Her2,brca1,0.339059550572863,0.00116578808645229,4.99837906860317,0.000000626532991471644,0.00000245099706263707,4.8381112053108,Superexpresso,FALSE
Her2,hsd17b1,0.360454088570886,-0.00263410648392198,4.99050603925705,0.000000652490419723195,0.00000253228424797335,4.79909781923447,Superexpresso,FALSE
Her2,wfdc2,-0.350084010869113,-0.000420769636267791,-4.90728046932396,0.000000995576730503982,0.00000383336237178305,4.39295668145573,Subexpresso,FALSE
Her2,mmp28,-0.339924929472633,-0.00159683711122826,-4.89097356417312,0.00000108068928100162,0.00000412857076882652,4.31416060562957,Subexpresso,FALSE
Her2,ccnd2,-0.31762497636076,0.000199420137058512,-4.8831050409378,0.00000112353586010443,0.00000425898477202376,4.27674911838203,Subexpresso,FALSE
Her2,opcml,0.343278686522744,0.0014475487612019,4.83714773474498,0.00000141426828188887,0.00000531982453725889,4.05588992306169,Superexpresso,FALSE
Her2,acvr1b,0.31668213749442,0.00175060622034792,4.79890745759107,0.00000170833307318629,0.00000637690742586334,3.87458251457892,Superexpresso,FALSE
Her2,fn1,0.346314065570277,-0.000311386399578283,4.78969367852075,0.00000178879349810384,0.00000662666682252105,3.83051036933366,Superexpresso,FALSE
Her2,gdf11,0.342932714685904,-0.00114127569847127,4.77913745179034,0.00000188422463595238,0.00000692771313519335,3.78066980239177,Superexpresso,FALSE
Her2,dnah11,0.342434966656095,-0.000943911439114392,4.77156149546715,0.00000195571071374319,0.00000713688461955539,3.74496669431879,Superexpresso,FALSE
Her2,psenen,0.330145431098248,0.000698523985239852,4.769354534351,0.00000197702113924038,0.00000716120990435958,3.73457639931522,Superexpresso,FALSE
Her2,ptprm,-0.33297734872521,-0.000991723774380601,-4.75604247698065,0.00000211037486304646,0.0000075880390296303,3.67200342914991,Subexpresso,FALSE
Her2,ccna1,-0.320531676115484,-0.000221613073273589,-4.74195085226834,0.00000226040697056842,0.0000080681679460435,3.60615160717833,Subexpresso,FALSE
Her2,tp53,-0.344018837268146,0.000108381655245125,-4.73418262715388,0.00000234830777779638,0.00000832117756045238,3.56962299570117,Subexpresso,FALSE
Her2,hsd17b11,-0.317636976041826,0.000499420137058514,-4.71815892535356,0.00000253809455261321,0.00000892898011674719,3.49512553566595,Subexpresso,FALSE
Her2,birc6,0.341120612574075,-0.000623563521349499,4.69626714112069,0.00000282337355515702,0.00000986164048908418,3.39314072067674,Superexpresso,FALSE
Her2,prkacg,0.341061135295429,0.000257828149710069,4.68407264114521,0.00000299487589854695,0.000010386484499216,3.33667514852663,Superexpresso,FALSE
Her2,bmf,0.337568560345147,-0.000562361623616236,4.6714341298553,0.0000031831588054502,0.0000109617229286278,3.27830529394207,Superexpresso,FALSE
Her2,pms2,-0.32967465479152,0.00241222983658408,-4.66313125082544,0.00000331298012470795,0.0000113290019649104,3.24004321568651,Subexpresso,FALSE
Her2,foxp1,0.324963240332191,-0.00315898787559304,4.6407546593008,0.00000368864803560138,0.0000125260339542297,3.13725725809702,Superexpresso,FALSE
Her2,diras3,-0.325205189034091,0.000892461781760675,-4.61466306595636,0.00000417834544695208,0.0000140911098176522,3.01801809902926,Subexpresso,FALSE
Her2,fbxw7,0.325686522492436,-0.0011462836056932,4.58795189161379,0.00000474396647220969,0.0000158890383897982,2.89662968527531,Superexpresso,FALSE
Her2,srd5a2,0.330184008222148,-0.00413463363205061,4.5645507702297,0.00000529918344402093,0.000017627895946437,2.79085118068836,Superexpresso,FALSE
Her2,setd2,-0.323964718383947,-0.000711597258829731,-4.53039180619988,0.00000622265453747978,0.0000205599869515379,2.63739648293537,Subexpresso,FALSE
Her2,notch1,-0.276874065891372,-0.00146784396415393,-4.51332405103212,0.00000673691618741504,0.0000221097450714494,2.56151821343426,Subexpresso,FALSE
Her2,cdk1,0.271556174673397,0.00170500790722193,4.50206181332601,0.00000710041690381672,0.0000231473591064425,2.51135408588745,Superexpresso,FALSE
Her2,gata3,-0.220460631300427,-0.000376910911966263,-4.47217748996888,0.00000815821169597133,0.0000261931945300781,2.37883955189588,Subexpresso,FALSE
Her2,cyp11a1,-0.305750134221781,-0.00189773326304692,-4.47091523859995,0.00000820879690723069,0.0000261931945300781,2.37298782400627,Subexpresso,FALSE
Her2,ahnak,-0.284931442060954,-0.00137179757511861,-4.46988773668441,0.00000824519879888118,0.0000261931945300781,2.36872192219754,Subexpresso,FALSE
Her2,mmp27,-0.322236776855123,-0.000661570901423298,-4.46988312872617,0.00000824898150844995,0.0000261931945300781,2.36834336064611,Subexpresso,FALSE
Her2,sptbn1,-0.314852171520654,-0.0023409594095941,-4.4584036600153,0.00000869879384322887,0.000027443291544122,2.31770007049183,Subexpresso,FALSE
Her2,myo1a,0.322040345750306,0.000912335266209806,4.42450255187167,0.000010168212641322,0.0000318734357795284,2.16888633841868,Superexpresso,FALSE
Her2,slc29a1,-0.316479746338104,0.000888402741170268,-4.40132880971726,0.0000113061080782681,0.0000352145659253065,2.06780324808888,Subexpresso,FALSE
Her2,smarcb1,0.30542925719075,-0.000230943595150237,4.36413281107286,0.0000133906934231418,0.0000414433486323819,1.90664482432939,Superexpresso,FALSE
Her2,bad,-0.303207681664786,-0.000105851344227728,-4.36128966210824,0.000013564299952281,0.0000417166206079586,1.89438160116221,Subexpresso,FALSE
Her2,akr1c3,-0.306755813606741,0.000444965735371642,-4.34925252863201,0.0000143233960132221,0.00004377587906541,1.84254931926354,Subexpresso,FALSE
Her2,fgf1,-0.308771029311869,0.00135851344227728,-4.32611854076481,0.0000158975915104112,0.0000482852313577087,1.74332857763355,Subexpresso,FALSE
Her2,ran,-0.299946214111748,0.00129478123352662,-4.26817791105766,0.0000205968767031687,0.0000621720537521575,1.49710464421057,Subexpresso,FALSE
Her2,hdac1,-0.307165061654771,0.00078845545598313,-4.23476129857029,0.0000238808517952376,0.0000716425553857128,1.35658088902804,Subexpresso,FALSE
Her2,mdc1,-0.295059940960332,0.00164343700579863,-4.19097450781182,0.0000289436264065055,0.0000863014226389098,1.17409163590305,Subexpresso,FALSE
Her2,klrg1,-0.26316016354992,-0.000292936215076435,-4.15989851168475,0.0000331284481869441,0.0000981806737176707,1.04597280257003,Subexpresso,FALSE
Her2,rab25,0.271721175344861,0.00161918819188192,4.1570211478876,0.0000335448164095811,0.0000983403102984379,1.03413238193092,Superexpresso,FALSE
Her2,asxl1,-0.300187110039049,-0.000919820769636268,-4.15682507762299,0.0000335845231489553,0.0000983403102984379,1.03306212065114,Subexpresso,FALSE
Her2,stat5a,-0.286525732537228,-0.00190131787032156,-4.12037209115496,0.0000393153269536203,0.000114435683811431,0.883771627969079,Subexpresso,FALSE
Her2,adam10,-0.293982085263263,0.00247933579335793,-4.07049515485552,0.0000486756052033582,0.000140842431623918,0.681600339271418,Subexpresso,FALSE
Her2,mlh1,-0.28135875840529,0.000213178703215604,-4.04348140596896,0.0000545915662219527,0.000157031034603146,0.573114284277798,Subexpresso,FALSE
Her2,nrip1,-0.259316490007769,0.00261987348444913,-4.0181912656668,0.0000607249580604245,0.000173652073049986,0.472422922834113,Subexpresso,FALSE
Her2,spen,-0.285141897788411,0.000110753821823932,-3.99568356884448,0.0000667642504150302,0.000189812316586917,0.38290248235684,Subexpresso,FALSE
Her2,palld,-0.282488356459896,-0.000357564575645757,-3.96591740328516,0.0000755992831794502,0.000213688147252897,0.265573203038962,Subexpresso,FALSE
Her2,folr1,-0.260550871572152,-0.000906694781233526,-3.95476570355632,0.0000791638458270956,0.00022247770465201,0.222052375586303,Subexpresso,FALSE
Her2,hsd3b7,0.27831715257618,-0.00127316816025303,3.87296161879105,0.000110858162770345,0.000309769380541136,-0.0952664691142004,Superexpresso,FALSE
Her2,bap1,0.27853336221755,-0.00268144438587243,3.86445084302901,0.000114766415381128,0.000318868051825974,-0.127882546967498,Superexpresso,FALSE
Her2,dll1,-0.269286178271061,-0.00073120716921455,-3.84964931756383,0.000121874953927675,0.000336705381190017,-0.184438377651751,Subexpresso,FALSE
Her2,stat2,0.272879627741745,-0.00148181338956247,3.84774968643192,0.000122816778053398,0.000337401148697256,-0.19168127552762,Superexpresso,FALSE
Her2,mmp14,0.278209121675276,0.000311544544016869,3.84163213941415,0.000125896692185298,0.00034393006971291,-0.214982259725804,Superexpresso,FALSE
Her2,ncoa2,-0.275620547516156,0.00213347390616763,-3.82866605510328,0.000132667019684486,0.000360412070142854,-0.264247647852075,Subexpresso,FALSE
Her2,notch2,-0.273354700955295,0.00296225619399051,-3.8079506652488,0.00014420053882982,0.000389580461258464,-0.34261620101231,Subexpresso,FALSE
Her2,tsc2,0.264210440005116,-0.000988929889298891,3.78439731815162,0.000158460281582217,0.000425753174141232,-0.431211699589221,Superexpresso,FALSE
Her2,akr1c4,-0.265792853090192,-0.00066483921982077,-3.76526830252136,0.000171008048620075,0.000456955933197905,-0.502766210433692,Subexpresso,FALSE
Her2,e2f3,0.224956792342695,0.000299261992619929,3.75212422084148,0.000180125079201774,0.000478701976791672,-0.551555783467247,Superexpresso,FALSE
Her2,ep300,-0.271474549898587,0.00121692145492883,-3.73241973070965,0.000194762591106142,0.000514804902977857,-0.624805970519667,Subexpresso,FALSE
Her2,utrn,-0.269485545443021,0.000909330521876647,-3.72203347138301,0.000202897222661264,0.000533423343448161,-0.663173713753634,Subexpresso,FALSE
Her2,ncor2,-0.264800941563627,-0.0012078545071165,-3.69683449272209,0.000223980460090781,0.000585702914355037,-0.755822449749602,Subexpresso,FALSE
Her2,e2f5,-0.25418716739659,0.0020284659989457,-3.67207240129421,0.000246689497924817,0.000641655130240614,-0.8462598155005,Subexpresso,FALSE
Her2,pten,-0.250054709130308,-0.00142820242488139,-3.66659647800259,0.000251981343179642,0.000651951729179074,-0.866137668171803,Subexpresso,FALSE
Her2,rptor,0.25774727688655,-0.00131507643647865,3.58567756522646,0.000343991828051717,0.000885326336406787,-1.15709622534659,Superexpresso,FALSE
Her2,acvr2b,0.258083851791925,-0.00117564575645757,3.57890130932896,0.000352977258050166,0.000903695702547285,-1.18116717152511,Superexpresso,FALSE
Her2,smad3,-0.25132360669584,-0.000168107538218239,-3.5515422759946,0.000391537288446064,0.000997196531511069,-1.27789589489162,Subexpresso,FALSE
Her2,smad9,-0.256246868739297,-0.000617606747496046,-3.54891473668275,0.000395440902350804,0.0010019202137282,-1.28714705131508,Subexpresso,FALSE
Her2,usp9x,0.256792674978953,0.00228824459673168,3.54402316876833,0.000402805187376216,0.00101531823003593,-1.30435148262314,Superexpresso,FALSE
Her2,atr,-0.249028387694947,0.000367738534528202,-3.52508953950571,0.000432535594693738,0.0010846661836166,-1.3707231103245,Subexpresso,FALSE
Her2,col22a1,-0.242814245992598,0.000398207696362678,-3.5092079787562,0.000459041765264698,0.00114526236333897,-1.4261248338746,Subexpresso,FALSE
Her2,chd1,-0.241553297472228,0.000139694254085399,-3.47704134390843,0.000517438484098079,0.00128440314073076,-1.53757847066009,Subexpresso,FALSE
Her2,thada,0.248341691744326,-0.00116389035318925,3.47419897447622,0.000522918783044222,0.00129145093388194,-1.54737817383973,Superexpresso,FALSE
Her2,dtx3,-0.23536352310368,-0.00122498682129679,-3.46278129064328,0.000545450165093721,0.00134032729010467,-1.58662024435028,Subexpresso,FALSE
Her2,casp9,-0.247151741081246,0.000120137058513443,-3.45870434325053,0.000553757655929889,0.00135393746874858,-1.60066008327125,Subexpresso,FALSE
Her2,fgfr1,-0.249088475090126,0.000138850817079599,-3.43251541209766,0.000609764228877745,0.00148345625831451,-1.69018158671571,Subexpresso,FALSE
Her2,ppp2cb,-0.246131616220739,0.00114554559831313,-3.40159687262935,0.000682663022530831,0.00164818799318428,-1.79500433475086,Subexpresso,FALSE
Her2,bmp4,0.232808420562294,-0.00084934106483922,3.40097049447992,0.000684217101465049,0.00164818799318428,-1.79711485285841,Superexpresso,FALSE
Her2,snw1,-0.24228824622868,0.000367633104902479,-3.39276806548543,0.000704921341342798,0.00168973792115994,-1.82476438979298,Subexpresso,FALSE
Her2,sox9,-0.232530000691263,0.000939377965208224,-3.38380270366253,0.000728209644288635,0.00173704641979094,-1.854903155529,Subexpresso,FALSE
Her2,bche,-0.246134886560656,0.000508803373748023,-3.38021226363127,0.000737739977591049,0.00175123713127196,-1.86695562737039,Subexpresso,FALSE
Her2,notch3,0.238705957236522,-0.00155313653136532,3.37840638215786,0.000742575387947039,0.00175419982949808,-1.87301120187409,Superexpresso,FALSE
Her2,hsd17b12,-0.240224454618706,0.00238402741170269,-3.34636313800599,0.000833424953725104,0.00195935001140181,-1.97992798020683,Subexpresso,FALSE
Her2,nr2f1,0.225729073454295,0.00111133368476542,3.3368474077461,0.000862270770527052,0.0020174660611853,-2.01143742940441,Superexpresso,FALSE
Her2,nek1,-0.236203490390126,0.00000537691091196668,-3.33537447439166,0.000866885120470767,0.00201860392338193,-2.01636111112675,Subexpresso,FALSE
Her2,prkcq,0.230117159862949,-0.00057011070110701,3.32413434110086,0.000902397234208268,0.00209133766600874,-2.05350534177765,Superexpresso,FALSE
Her2,herc2,-0.240835623446556,-0.00156794939377965,-3.31513078586275,0.000931811303580278,0.00214931946910734,-2.0831690769898,Subexpresso,FALSE
Her2,tp53bp1,-0.223551200779495,-0.00110511333684765,-3.29957446884575,0.000984683482358341,0.00226061137499168,-2.13419708545564,Subexpresso,FALSE
Her2,tbl1xr1,-0.231966917081647,0.00162583025830259,-3.21677556953698,0.00131640302968124,0.00300804243698191,-2.40203095810095,Subexpresso,FALSE
Her2,epcam,0.227631615497735,0.00133763837638376,3.2128594300317,0.00133439263853179,0.00303496744298625,-2.41453008221165,Superexpresso,FALSE
Her2,mapk1,0.204029947668008,0.000156510279388509,3.18223147192015,0.00148293330195819,0.00335719622526645,-2.51168256638884,Superexpresso,FALSE
Her2,brca2,0.22794814650879,0.000181918819188193,3.1416642602907,0.00170365551032788,0.00383911310852687,-2.63913466780588,Superexpresso,FALSE
Her2,chek1,0.180790299445023,0.0015516078017923,3.13669947732253,0.00173242511332941,0.0038860361487068,-2.65453408303031,Superexpresso,FALSE
Her2,psen1,-0.225127171058889,-0.00106910911966263,-3.13391307978148,0.00174908434827275,0.00390548970915696,-2.66328699925544,Subexpresso,FALSE
Her2,sgcd,-0.220872119941868,-0.00130047443331576,-3.12579645182536,0.00179784758777786,0.0039961248655608,-2.68851470476496,Subexpresso,FALSE
Her2,tgfb2,-0.2201208743345,-0.00180242488139167,-3.07259453704552,0.00214970596974759,0.00475658922717906,-2.8522694895656,Subexpresso,FALSE
Her2,rassf1,0.22175041547855,-0.000412335266209806,3.0650685508912,0.00220429150374232,0.00483765964342143,-2.8752094984865,Superexpresso,FALSE
Her2,sdc4,0.209437981278248,-0.000555350553505536,3.06481634680793,0.00220613108483227,0.00483765964342143,-2.87597388959332,Superexpresso,FALSE
Her2,eif5a2,0.217287884312133,-0.000389351607801792,3.04877733131487,0.00232683092955337,0.00507955502031963,-2.92467591717065,Superexpresso,FALSE
Her2,bmp15,0.221711840372438,-0.00082182393252504,3.04330235482295,0.00236939413011707,0.00514948324278777,-2.94124140151058,Superexpresso,FALSE
Her2,sik2,-0.21847491755233,-0.00155519240906695,-3.03891986584306,0.00240397693334805,0.00520152531153627,-2.9544801125468,Subexpresso,FALSE
Her2,cir1,-0.218898997296919,0.000177965208223511,-3.01830081836154,0.00257297385181239,0.0055426617336399,-3.01651277887216,Subexpresso,FALSE
Her2,bmp5,-0.216607441295239,0.000747654190827622,-2.99847724529868,0.00274563380753187,0.00588866198194335,-3.07575753904819,Subexpresso,FALSE
Her2,arid5b,-0.204269399043928,0.00152409066947812,-2.9833882849585,0.00288405452169955,0.00614572365722471,-3.12058620335141,Subexpresso,FALSE
Her2,foxo1,-0.193252603530512,-0.000643384290985763,-2.98266211610924,0.0028906266690423,0.00614572365722471,-3.12268348369168,Subexpresso,FALSE
Her2,st7,-0.210125578376863,0.00129567738534528,-2.97804603730048,0.00293461329929373,0.00621223334785556,-3.13641328564205,Subexpresso,FALSE
Her2,mtor,0.214711636401201,0.0000563521349499213,2.96724877273213,0.00303921185393268,0.0064059249852288,-3.16830192123594,Superexpresso,FALSE
Her2,rbpjl,0.216383329713991,0.00129235635213495,2.96410091161859,0.00307034118078087,0.00644376325065169,-3.17757719139461,Superexpresso,FALSE
Her2,maml3,0.214298884427244,0.00063974696889826,2.96197611293613,0.00309151759912442,0.00644718346018261,-3.1838324580908,Superexpresso,FALSE
Her2,pbrm1,0.215521435396631,0.00176989984185556,2.96129442531998,0.00309833969967876,0.00644718346018261,-3.18583835895375,Superexpresso,FALSE
Her2,arid2,-0.203985906424669,0.00103679493937797,-2.95554703811073,0.00315640606537765,0.0065337861653017,-3.20273214017846,Subexpresso,FALSE
Her2,pdpk1,-0.209617371388915,0.00203010015814444,-2.9545400233587,0.00316668163839776,0.0065337861653017,-3.20568879327131,Subexpresso,FALSE
Her2,stmn2,-0.210850680045738,-0.00139167105956774,-2.94206897768644,0.00329648954282358,0.00677303943882659,-3.24222169636981,Subexpresso,FALSE
Her2,muc16,-0.201590733238158,0.000691196626251977,-2.94046218942498,0.00331353216656559,0.00677956999770115,-3.2469117905828,Subexpresso,FALSE
Her2,foxo3,0.205587033758593,-0.00131418028465999,2.92408821889764,0.0034921949545085,0.00711534721981106,-3.29462509365328,Superexpresso,FALSE
Her2,mmp9,0.196192110840053,-0.00125313653136531,2.92088511659868,0.00352796772978917,0.00715840755131497,-3.30389487470169,Superexpresso,FALSE
Her2,mapk6,0.204215437221338,0.00257000527148129,2.8545749528066,0.00435233213309018,0.0087945884838062,-3.49421837816986,Superexpresso,FALSE
Her2,hsd17b6,0.204764474819439,-0.0000945703742751726,2.84309171526673,0.00451163718818432,0.00904845239860331,-3.52673168655955,Superexpresso,FALSE
Her2,mmp13,0.205704496036642,-0.00140774907749078,2.84285512770488,0.00451497420298406,0.00904845239860331,-3.52740018665746,Superexpresso,FALSE
Her2,mapk14,-0.205466300937154,0.000262414338429099,-2.82964437728109,0.00470489802951566,0.00939059239360472,-3.56464079071241,Subexpresso,FALSE
Her2,smad1,-0.200708694186379,0.000501739588824459,-2.82666201004035,0.0047487629449784,0.00943961414672536,-3.57302415668685,Subexpresso,FALSE
Her2,hey2,-0.199551297801779,-0.000544491302055876,-2.81914044978996,0.00486104055883364,0.00962367948692166,-3.59412812919012,Subexpresso,FALSE
Her2,rfng,-0.20221175260606,0.000346441750131788,-2.81734066000504,0.00488826069911731,0.00963854629785632,-3.59916970085218,Subexpresso,FALSE
Her2,mmp19,-0.201740571326318,0.00236215076436479,-2.8005298550961,0.00514925092794694,0.0101123843524741,-3.64610583278595,Subexpresso,FALSE
Her2,erbb3,0.162875990170707,0.00135687928307855,2.79774719714166,0.00519324867401074,0.010157994406365,-3.65380232129898,Superexpresso,FALSE
Her2,dnah5,0.196119727850408,-0.00212208750658935,2.77822088858223,0.00551504848035178,0.0107444569995698,-3.70796248403794,Superexpresso,FALSE
Her2,arid1b,0.20263778197594,-0.00110927780706378,2.77668411970367,0.00554109053862695,0.0107523542594785,-3.71220544584404,Superexpresso,FALSE
Her2,setd1a,0.19879757477954,-0.000964470216130734,2.76138218930866,0.00580651957152031,0.0112228777489068,-3.7543263878615,Superexpresso,FALSE
Her2,mmp25,0.199924593041677,0.00104986821296784,2.75287058092863,0.00595907818980748,0.0114723985622672,-3.77765590778368,Superexpresso,FALSE
Her2,cbfb,-0.179096884322108,0.00143368476541908,-2.70446802679608,0.00689692421986876,0.0132258664451601,-3.90892423383695,Subexpresso,FALSE
Her2,ptk2,0.191085394433539,0.00087011070110701,2.70043512091841,0.00698127270186723,0.0133353216844261,-3.9197995060002,Superexpresso,FALSE
Her2,hif1a,0.187671295235794,0.000824459673168162,2.67759565815543,0.00747383507172167,0.0142206433854938,-3.98086478998038,Superexpresso,FALSE
Her2,ros1,-0.190451064672542,-0.00071987348444913,-2.64034282525046,0.00834443189638543,0.0158156092919863,-4.07936144036222,Subexpresso,FALSE
Her2,cyp21a2,0.173355312140672,-0.00240817079599367,2.62857809475427,0.00863712061246453,0.0163071504999813,-4.11014852532121,Superexpresso,FALSE
Her2,terc,-0.189075507295188,0.00120948866631523,-2.62454059773285,0.00874038488896396,0.0164386469642438,-4.12072857119603,Subexpresso,FALSE
Her2,itgb3,-0.189668957730543,0.00129077490774908,-2.60498390287987,0.0092536261031727,0.0173372535036454,-4.1715826077735,Subexpresso,FALSE
Her2,taf4b,-0.179953688237778,-0.00121502372166579,-2.59636222804657,0.00948831736352024,0.0177091114151198,-4.19388187462304,Subexpresso,FALSE
Her2,apaf1,0.185975544605637,0.00157859778597786,2.57799349674091,0.0100061293634278,0.0186045523145103,-4.24114618185928,Superexpresso,FALSE
Her2,mtap,-0.17247123617371,0.000935582498682131,-2.5752160305329,0.0100861684247625,0.018682334695867,-4.24824173512716,Subexpresso,FALSE
Her2,ahnak2,-0.183972253737871,-0.00161813389562467,-2.55000791682923,0.0108435161567325,0.0200093562288384,-4.31251447444308,Subexpresso,FALSE
Her2,peg3,-0.183216276608814,0.000453452820242487,-2.54111974335292,0.0111222150798161,0.0204315171012031,-4.33501896349825,Subexpresso,FALSE
Her2,cyp19a1,-0.184377696092823,-0.00207480231945177,-2.54006021391396,0.0111558590307183,0.0204315171012031,-4.33769643933458,Subexpresso,FALSE
Her2,prkd1,-0.174846380980298,-0.000488191881918821,-2.51694206512106,0.0119128152045089,0.0217364426679285,-4.39584071710028,Subexpresso,FALSE
Her2,mapk12,-0.18062557203437,0.00169504480759094,-2.51057154729723,0.012129259679018,0.0220491003086982,-4.41177029913779,Subexpresso,FALSE
Her2,kras,0.179583306472649,0.00315292567211386,2.5065831152806,0.0122665392210188,0.0222160654780674,-4.42172301324974,Superexpresso,FALSE
Her2,acvr1c,-0.181596548187301,-0.00238350026357406,-2.50171865807154,0.0124358344334503,0.0224395684057461,-4.43384046712269,Subexpresso,FALSE
Her2,hsd17b3,0.180008444287256,-0.00299694254085398,2.48908352471175,0.0128852809476387,0.0231650822918946,-4.46520550748476,Superexpresso,FALSE
Her2,cxcr2,-0.181066609771886,0.00129947285187138,-2.47843100852381,0.0132753161784831,0.0237788630449753,-4.49152631281768,Subexpresso,FALSE
Her2,aph1a,0.177695297770457,0.00119362150764365,2.47545318935841,0.0133861987546146,0.0238629202932282,-4.49886399825613,Superexpresso,FALSE
Her2,smarcc2,-0.172866303550183,-0.000145282024248815,-2.47455397476298,0.0134198427006907,0.0238629202932282,-4.50107804154138,Subexpresso,FALSE
Her2,fam20c,-0.167488452702508,-0.00339293621507644,-2.46301669159482,0.0138578779692339,0.0244639709477177,-4.52940270328055,Subexpresso,FALSE
Her2,eif4e,-0.175954440668806,0.0020454401686874,-2.46302385328354,0.0138579140133288,0.0244639709477177,-4.52939660413661,Subexpresso,FALSE
Her2,hes5,0.178951580076088,-0.000814232999472852,2.46056246992118,0.0139530512018397,0.0245433166823727,-4.53542485650786,Superexpresso,FALSE
Her2,nrg3,0.178866559611266,0.000247021613073273,2.45049093210813,0.0143483727079032,0.0251482231332067,-4.56002895798566,Superexpresso,FALSE
Her2,aff2,-0.176555335860917,0.00114338429098577,-2.43702511155008,0.0148923548931252,0.0260084340812079,-4.59276831695464,Subexpresso,FALSE
Her2,pdgfrb,-0.164783698306026,-0.00241507643647865,-2.42519526251591,0.0153848608707698,0.0267729429388129,-4.62137216275299,Subexpresso,FALSE
Her2,dtx4,0.173180257195698,0.000265471797575121,2.40279714982275,0.0163577172785962,0.0283649778341616,-4.67517906872941,Superexpresso,FALSE
Her2,dlec1,-0.17240572232129,-0.00213995782814971,-2.39709109351653,0.0166139589569896,0.028707512120028,-4.68880483226353,Subexpresso,FALSE
Her2,mlst8,0.164676203594829,-0.000751027938850817,2.37075848880442,0.0178427170149172,0.030722143029206,-4.75126829749911,Superexpresso,FALSE
Her2,numbl,-0.170909796614784,-0.00175260938323669,-2.35112655640821,0.0188099597972901,0.0322739310206135,-4.79739060816949,Subexpresso,FALSE
Her2,stk11,0.170426808932175,-0.00352783342119136,2.34821741544091,0.0189571264687794,0.0324127092420739,-4.80419275110972,Superexpresso,FALSE
Her2,abcc1,0.167724608054534,0.00334280442804428,2.33656394209226,0.019556797382082,0.0333215119158122,-4.8313568702704,Superexpresso,FALSE
Her2,maml1,0.169628647019084,-0.00121660516605166,2.33091613564953,0.0198533447066485,0.0337093248664969,-4.8444734825449,Superexpresso,FALSE
Her2,bmp10,0.168702721359872,-0.00157680548234054,2.31152779627777,0.0209014586538654,0.0353661359229764,-4.8892611958594,Superexpresso,FALSE
Her2,flt3,-0.163343672580432,0.00130237216657881,-2.27985701249397,0.0227174571390454,0.0383063328999766,-4.96162123736064,Subexpresso,FALSE
Her2,met,-0.153647486801426,0.000148339483394834,-2.27297476902322,0.0231293359988076,0.0388668223485117,-4.97720601500565,Subexpresso,FALSE
Her2,pdgfra,-0.152826655832623,-0.000428518713758566,-2.27118083714252,0.0232378943098466,0.0389155147860102,-4.98126330331014,Subexpresso,FALSE
Her2,mapk4,-0.155379865559743,-0.00221043753294676,-2.21368162302216,0.0269593117769593,0.0449935271635943,-5.10960965830258,Subexpresso,FALSE
Her2,prps2,-0.155184063554203,0.00187037427517132,-2.20433768592672,0.0276102512811276,0.0459231730492225,-5.13015606080886,Subexpresso,FALSE
Her2,rad51,0.144930817957671,0.0014248286768582,2.20228856239261,0.0277538826793991,0.0460055885770379,-5.13463638122217,Superexpresso,FALSE
Her2,casp7,-0.157236557280876,0.000251133368476542,-2.17027892439994,0.0300990602534327,0.0497244610267857,-5.20431561125742,Subexpresso,FALSE
Her2,adam17,-0.147817666434749,0.00256436478650501,-2.16597005604957,0.0304269334937186,0.0500968702977387,-5.21361125977387,Subexpresso,FALSE
Her2,asxl2,-0.155717000564131,0.00125134422772799,-2.14270620573024,0.0322529719185802,0.052925178752301,-5.26351045786208,Subexpresso,FALSE
Her2,tg,0.156492485575807,0.00105867158671587,2.14005183945908,0.03246713271095,0.0530984210557009,-5.26916925870249,Superexpresso,FALSE
Her2,e2f6,0.155467166305956,0.000406642066420664,2.12802806248288,0.0334525738372897,0.0545276953547822,-5.29471509063005,Superexpresso,FALSE
Her2,magea8,0.154775510920379,0.000565840801265155,2.12058605036839,0.0340752452830616,0.055358122735605,-5.31045466412599,Superexpresso,FALSE
Her2,zfyve9,-0.150449313798659,0.0000653136531365327,-2.06056734710479,0.0394690011618111,0.063744750943398,-5.43538492895626,Subexpresso,FALSE
Her2,nt5e,-0.139294464874172,-0.000529994728518714,-2.0602570514457,0.0394982812594061,0.063744750943398,-5.43601794933831,Subexpresso,FALSE
Her2,apc,-0.149387116239314,-0.00371729045861887,-2.05642996461116,0.039866162785058,0.0641268210588598,-5.44386538737912,Subexpresso,FALSE
Her2,casp8,-0.147047058596011,0.00094190827622562,-2.04220839936049,0.0412573163921134,0.0661109534213953,-5.47288609363267,Subexpresso,FALSE
Her2,hes1,0.143035829289965,-0.000456510279388507,2.04107389599237,0.0413700444722842,0.0661109534213953,-5.47519253690248,Superexpresso,FALSE
Her2,smad6,-0.147870883198316,-0.00192156035846073,-2.03481039173461,0.0419971168969814,0.0668944304971462,-5.48790325158673,Subexpresso,FALSE
Her2,ccnd1,-0.129824615046609,-0.00148086452293094,-1.99755846162549,0.0458940900329686,0.0728643182666286,-5.5626877643681,Subexpresso,FALSE
Her2,taf1,-0.144123373456012,0.000904006325777544,-1.99016248683277,0.0467043398610118,0.0739107514305333,-5.57738126436131,Subexpresso,FALSE
Her2,syne1,-0.141700605955709,-0.00220595677385345,-1.98146952991396,0.0476707196070738,0.0751967157672874,-5.59457266663571,Subexpresso,FALSE
Her2,clrn2,0.143858834886132,0.00100342646283606,1.96795384448371,0.0492066105474365,0.077369879606741,-5.62115271497906,Superexpresso,FALSE
Her2,e2f7,0.126713794532267,-0.000637374802319452,1.96139443923473,0.0499657364445478,0.0783116830813585,-5.63397999065644,Superexpresso,FALSE
Her2,gh1,0.142125894626932,0.000215972588297312,1.95163680560546,0.0511159984483413,0.0798585407068336,-5.65300043718143,Superexpresso,FALSE
Her2,col12a1,0.139703476029425,-0.00102567211386399,1.94928272408777,0.0513965269451706,0.0800410881407275,-5.65757334536237,Superexpresso,FALSE
Her2,dtwd2,0.136665556116254,0.00186705324196099,1.92188905720833,0.0547568191079789,0.0850034429961959,-5.71038243747812,Superexpresso,FALSE
Her2,cyp2c8,-0.138617293610834,0.000873906167633106,-1.91952018563754,0.0550558227126791,0.0851971433750003,-5.71491412825196,Subexpresso,FALSE
Her2,tgfb3,0.120533160713429,-0.00108096995255667,1.91127450791909,0.0561060966739299,0.086548521367671,-5.73063871496799,Superexpresso,FALSE
Her2,acvr2a,0.135810061571027,0.00100637849235635,1.90983874938973,0.0562920276377938,0.0865622689147207,-5.73337698445862,Superexpresso,FALSE
Her2,pik3r1,-0.126800116283405,-0.00150479704797048,-1.87423494503835,0.0610382177189625,0.0935664215190366,-5.80047211879421,Subexpresso,FALSE
Her2,ugt2b15,0.135436216595371,0.00202967843964154,1.87091403646712,0.0614979447758493,0.0939765468605947,-5.80666889816627,Superexpresso,FALSE
Her2,mmp23b,-0.134726891155762,-0.000454454401686873,-1.84605692665835,0.065026597464659,0.0987638341374873,-5.85268579313824,Subexpresso,FALSE
Her2,zfp36l1,-0.132703718661374,0.0000929362150764346,-1.84592405173487,0.0650458999538088,0.0987638341374873,-5.85293013042417,Subexpresso,FALSE
Her2,raf1,0.131217717042759,-0.000700000000000001,1.84461275724955,0.0652366429987902,0.0987638341374873,-5.85534046648769,Superexpresso,FALSE
Her2,arl11,0.134507392331976,-0.0000923036373220864,1.84270250360792,0.0655153374977919,0.0988796297420377,-5.85884871522331,Superexpresso,FALSE
Her2,mmp12,0.120394054331609,0.00015282024248814,1.83714123135034,0.0663310928369534,0.0998027827608314,-5.86903686992463,Superexpresso,FALSE
Her2,clk3,0.131794047389359,-0.000661096468107539,1.80437597976437,0.0713176459578845,0.106976468936827,-5.92847112095429,Superexpresso,FALSE
Her2,wwox,0.130350153992753,-0.00144554559831313,1.8017250612941,0.0717340869445338,0.107272074972101,-5.93323273759448,Superexpresso,FALSE
Her2,l1cam,0.127918853677856,0.00303584607274644,1.79529911476528,0.0727518369543752,0.108462342288687,-5.94474614995962,Superexpresso,FALSE
Her2,agtr2,0.129614816077322,-0.000415129151291514,1.78422465398306,0.0745335613844305,0.110780886069868,-5.9644920995837,Superexpresso,FALSE
Her2,prkci,0.126016092236382,0.00129188191881919,1.78255565438273,0.0748051477758573,0.110847628067861,-5.96745739225975,Superexpresso,FALSE
Her2,map2k1,-0.122779198417398,0.00199852398523985,-1.76932159267636,0.0769873997410764,0.113736672125034,-5.99087225606588,Subexpresso,FALSE
Her2,rbl1,-0.118373530240484,0.00041375856615709,-1.7647951653649,0.0777447158186628,0.114509536250982,-5.99883835447489,Subexpresso,FALSE
Her2,mdm2,-0.125494067681788,0.00177227200843437,-1.74734850229534,0.0807251517805826,0.118542340002117,-6.02936477680097,Subexpresso,FALSE
Her2,e2f4,0.110116661834824,-0.000731365313653133,1.7359736489206,0.0827160091395892,0.121102181045686,-6.04909978234594,Superexpresso,FALSE
Her2,mmp3,0.12266277162082,-0.000170005271481287,1.72801543959853,0.0841345571747599,0.122811338681963,-6.06283585492013,Superexpresso,FALSE
Her2,akt2,-0.123376711464312,-0.000782076963626779,-1.71079631631311,0.0872685104519483,0.127006850032746,-6.09233445885417,Subexpresso,FALSE
Her2,dll3,-0.116824082835263,-0.000706431207169216,-1.70365090861551,0.0885963815951594,0.128556767359148,-6.10448899032952,Subexpresso,FALSE
Her2,myo3a,-0.121888993967786,0.00114765419082762,-1.68105383512124,0.0929032800596823,0.134407408133682,-6.14259332534329,Subexpresso,FALSE
Her2,cul1,0.115846474400702,0.0010520295202952,1.67841096990229,0.0934178010425074,0.134753111238307,-6.14701671781264,Superexpresso,FALSE
Her2,tgfb1,0.122176283791769,0.000892988929889299,1.67102818211707,0.0948672342547456,0.136441404560502,-6.15933659475642,Superexpresso,FALSE
Her2,hey1,-0.121096073317648,0.000899420137058514,-1.66566324103014,0.0959317815310678,0.137567862664786,-6.16825524990234,Subexpresso,FALSE
Her2,e2f1,0.121109337837602,-0.00014412229836584,1.66279749439649,0.0965043305542423,0.137772126613373,-6.17300753492503,Superexpresso,FALSE
Her2,kdm5a,0.1177998034975,-0.0000913020558777013,1.66213186149289,0.0966377084425091,0.137772126613373,-6.17411019002232,Superexpresso,FALSE
Her2,psen2,0.114280870358288,0.00168181338956247,1.65835297415249,0.0973977117384491,0.138451979767737,-6.18036176552992,Superexpresso,FALSE
Her2,abcb11,0.120642850379805,0.000993147074327887,1.65244034389356,0.0985964346766605,0.139749729150397,-6.19011480991311,Superexpresso,FALSE
Her2,jag2,-0.114668482345822,-0.00131560358460728,-1.61570378909254,0.106310721608403,0.150248389787598,-6.24993416146216,Subexpresso,FALSE
Her2,vegfb,-0.114865552778731,-0.000914971006852923,-1.60338617192954,0.109001943775425,0.153607926530786,-6.26969105517532,Subexpresso,FALSE
Her2,atm,-0.116231401864852,-0.000784132841328415,-1.59211395259024,0.111511748248811,0.15669323245307,-6.28763901403281,Subexpresso,FALSE
Her2,map3k3,0.112973379253917,-0.00138481813389562,1.5851519692542,0.113084516654703,0.158447933077792,-6.29866098966073,Superexpresso,FALSE
Her2,nfkb2,0.110945568177854,-0.00125150237216658,1.58368372494686,0.113418427876444,0.158461746375946,-6.3009793116863,Superexpresso,FALSE
Her2,col6a3,-0.108653114554129,-0.00161707959936742,-1.56000145829395,0.118912360948587,0.165664229355724,-6.33807695639831,Subexpresso,FALSE
Her2,smarcc1,-0.110494736753619,0.00161897733263047,-1.54115050928778,0.123432967470421,0.171473639468852,-6.36720787973664,Subexpresso,FALSE
Her2,kdm6a,-0.110449319582722,0.00355492883500264,-1.53807677804217,0.124182640143403,0.171624261463482,-6.37192430281997,Subexpresso,FALSE
Her2,numb,0.109148557642666,-0.0000413284132841339,1.53782857674811,0.124243330384607,0.171624261463482,-6.37230474021716,Superexpresso,FALSE
Her2,nf2,-0.109959981168204,0.00063468634686347,-1.51512248065314,0.129894027094114,0.178462331006135,-6.40684899811337,Subexpresso,FALSE
Her2,dtx1,0.107948895909708,-0.00339325250395361,1.51392979430241,0.130196272096734,0.178462331006135,-6.40864933687608,Superexpresso,FALSE
Her2,prr16,-0.10891887520336,0.0000431734317343175,-1.51229535193454,0.130611351591756,0.178462331006135,-6.41111420087166,Subexpresso,FALSE
Her2,dnah2,-0.109134027806522,-0.0014702688455456,-1.51212998934243,0.130653403885882,0.178462331006135,-6.41136343231089,Subexpresso,FALSE
Her2,acvrl1,-0.0966842231487879,-0.00234818133895625,-1.5099595725377,0.131205047172869,0.178716624143546,-6.41463146904848,Subexpresso,FALSE
Her2,cdk4,0.102892367082559,0.00258086452293094,1.49617080281904,0.134761429579481,0.183050941845462,-6.43528881007312,Superexpresso,FALSE
Her2,msh2,-0.10411498123248,0.00155513969425409,-1.47922216944553,0.139233065340944,0.18860102202693,-6.46042029093097,Subexpresso,FALSE
Her2,casp10,-0.104085454025233,-0.000844438587243016,-1.45693992001,0.145284597496385,0.196254608220255,-6.49302567731949,Subexpresso,FALSE
Her2,cdkn1a,-0.103952445684324,-0.00122551396942541,-1.4331269111659,0.151972544652444,0.204723345275606,-6.52732507980142,Subexpresso,FALSE
Her2,hsd3b1,0.102593524794122,0.000124512387981023,1.40277141562731,0.160834938073855,0.216066716258558,-6.57023015352983,Superexpresso,FALSE
Her2,hist1h2bc,0.0995492030744845,0.00130311017395888,1.38936362097736,0.164871595259534,0.220882767347705,-6.58888911270606,Superexpresso,FALSE
Her2,hes7,-0.101219694218781,0.00141623616236162,-1.38570219539571,0.165987091954951,0.221769639251287,-6.59395344444402,Subexpresso,FALSE
Her2,bbc3,0.100697667681647,-0.00036151818661044,1.38308087194687,0.166789192074369,0.222234100611353,-6.59757095677232,Superexpresso,FALSE
Her2,dll4,0.100058185542533,0.000306167633104902,1.37107283502851,0.170500837694604,0.22656225443658,-6.61405504395816,Superexpresso,FALSE
Her2,ctnna1,-0.0910861839899276,0.00212377438060095,-1.35868901488555,0.174392231234512,0.231105151961183,-6.63090490987959,Subexpresso,FALSE
Her2,afdn,0.0922583625535306,-0.000179704797047972,1.29140760890199,0.196706521589379,0.259971592046504,-6.71978199167556,Superexpresso,FALSE
Her2,kdr,0.0917213377560886,0.00148365840801265,1.26413019878103,0.206325589103183,0.271861969182823,-6.75453124920861,Superexpresso,FALSE
Her2,hdac2,0.0858724021991332,0.0008554032683184,1.26276547772976,0.206815240359939,0.271861969182823,-6.75625057205163,Superexpresso,FALSE
Her2,cyp3a4,0.0892428245019586,0.000708012651555089,1.2272052425213,0.219884973801333,0.287776907079786,-6.80039074473465,Superexpresso,FALSE
Her2,mmp2,-0.0848766872654134,-0.000575645756457564,-1.22663490945554,0.220099311345276,0.287776907079786,-6.80108843346913,Subexpresso,FALSE
Her2,pde4dip,-0.084932619024289,-0.000512598840274116,-1.21765782039477,0.223492781521903,0.291434587104561,-6.812027445342,Subexpresso,FALSE
Her2,cdk2,0.0813482309917067,0.00104022140221402,1.20899151657885,0.226803498124966,0.29421947803824,-6.822512072913,Superexpresso,FALSE
Her2,map3k1,-0.0839219295926138,0.000743753294675805,-1.20891955446713,0.226831785726823,0.29421947803824,-6.8225983773424,Subexpresso,FALSE
Her2,map3k4,-0.0854511990831372,-0.00202329994728519,-1.19129059349278,0.233676065595006,0.302295227714174,-6.8436932319609,Subexpresso,FALSE
Her2,msh6,0.0752154483390623,0.000937005798629415,1.15603851993357,0.247797659210622,0.319717824153019,-6.88494871708762,Superexpresso,FALSE
Her2,mapk3,-0.0770532068416212,0.000612809699525568,-1.12853311980722,0.259225321080061,0.333582057916183,-6.9162774243556,Subexpresso,FALSE
Her2,gps2,-0.0821077011920294,-0.00188845545598313,-1.12572220845277,0.260413586266467,0.334231610719954,-6.91943647314967,Subexpresso,FALSE
Her2,ctcf,-0.0816117385903381,0.00166905640484976,-1.12283866376699,0.261636202192746,0.334748078908976,-6.92266919953148,Subexpresso,FALSE
Her2,cyp11b2,0.0818230642227774,0.0000000527148128642228,1.12012412747516,0.262790781635684,0.334748078908976,-6.92570488418473,Superexpresso,FALSE
Her2,palb2,-0.0798896968062034,0.00280964681075382,-1.11910236690004,0.263226279768821,0.334748078908976,-6.92684562499641,Subexpresso,FALSE
Her2,siah1,-0.0796683602670904,0.00144876120189773,-1.11833374310545,0.263554213455943,0.334748078908976,-6.92770306689805,Subexpresso,FALSE
Her2,sbno1,0.0792882303677726,0.00365993674222457,1.11494527097798,0.26500326883347,0.335716576320121,-6.93147607826694,Superexpresso,FALSE
Her2,e2f8,0.0742954090295201,0.00156188719030047,1.09321205400489,0.274427469213724,0.346757189781682,-6.95540415595581,Superexpresso,FALSE
Her2,inhbc,0.0781231477205663,0.00114243542435424,1.06719067527906,0.286010156910675,0.36046125445701,-6.98343378026005,Superexpresso,FALSE
Her2,gdf2,0.076899693096821,0.00317364259356879,1.0516161730048,0.293098400175694,0.368445032611605,-6.99988783445933,Superexpresso,FALSE
Her2,egfr,0.0619610480705167,0.000139377965208223,1.04500468555309,0.296141767710706,0.371316216437269,-7.00680063315383,Superexpresso,FALSE
Her2,heyl,-0.0724150388734247,-0.00338687401159726,-1.03338861295838,0.30154275730603,0.37712124890703,-7.01883788775137,Subexpresso,FALSE
Her2,mapk7,0.0734352851217857,-0.000935898787559304,1.02872927941569,0.303727064850629,0.37888401712234,-7.02362878810064,Superexpresso,FALSE
Her2,cyp3a7,-0.0738892884242954,-0.000611860832894043,-1.01517091224625,0.310142973463558,0.385405633847272,-7.03744696804395,Subexpresso,FALSE
Her2,casp6,0.0724937969458833,0.00131497100685293,1.01435620752741,0.310531328703119,0.385405633847272,-7.03827145150085,Superexpresso,FALSE
Her2,ctbp1,0.0735192136321287,-0.00268007380073801,1.0091028894072,0.313043202071147,0.387539559019724,-7.04357194464256,Superexpresso,FALSE
Her2,nr1i2,-0.0726124450046991,-0.00249335793357934,-1.0004592068349,0.317205234264837,0.391700402917942,-7.05223340914018,Subexpresso,FALSE
Her2,cyb5a,-0.0624758299983469,0.000373748023194519,-0.979287120212862,0.327551582149563,0.403457742244675,-7.07313557857665,Subexpresso,FALSE
Her2,mecom,-0.0691050797401376,-0.00169051133368476,-0.976717143975379,0.328823305151851,0.404006523163958,-7.07564126890105,Subexpresso,FALSE
Her2,stab2,-0.0672636022933981,-0.0011575118608329,-0.966588180502425,0.333862830322094,0.409170235657905,-7.08545673433316,Subexpresso,FALSE
Her2,akap9,0.0698525115986975,0.00146636794939378,0.958415733428528,0.337965061465766,0.412941197624719,-7.09330172278248,Superexpresso,FALSE
Her2,tubb4a,0.0685543839181336,0.000296415392725357,0.957099701670159,0.338628671262806,0.412941197624719,-7.09455880163116,Superexpresso,FALSE
Her2,runx1,-0.0644708430114009,-0.00191539272535583,-0.951288613918773,0.341568487163592,0.41549002543034,-7.10008940030027,Subexpresso,FALSE
Her2,tbx3,-0.0625848819385573,-0.00037464417501318,-0.934603290354049,0.350101244494003,0.424812676321508,-7.11578112724911,Subexpresso,FALSE
Her2,bmp3,0.0679230910558263,-0.00032377438060095,0.931543609896263,0.351681040819,0.425673339011117,-7.11862792184625,Superexpresso,FALSE
Her2,hsd17b8,-0.060279456308601,0.000843015287295729,-0.928587872593868,0.353210041566739,0.426468420558359,-7.12137067728685,Subexpresso,FALSE
Her2,ncstn,0.0652402659744544,0.000556510279388507,0.915138301121563,0.360225592837371,0.433867770683434,-7.1337356998328,Superexpresso,FALSE
Her2,mapk8,-0.0664647298104852,0.0000473379019504473,-0.913077676996617,0.361307994805824,0.434102234545573,-7.13561438475934,Subexpresso,FALSE
Her2,rps6ka2,0.0598979560042391,-0.0000288877174486031,0.8797855741787,0.379077271419544,0.453497157864892,-7.16538088195662,Superexpresso,FALSE
Her2,smad5,0.063672446227232,-0.000584290985767,0.879365097047366,0.379305393797016,0.453497157864892,-7.16574942025035,Superexpresso,FALSE
Her2,npnt,0.0546218783927749,-0.000692040063257776,0.872125535754135,0.383240169934681,0.457084007556242,-7.17207393562969,Superexpresso,FALSE
Her2,mmp26,0.0628376284254227,0.000684132841328412,0.85924088770312,0.390307095537721,0.464379974982836,-7.18319817528491,Superexpresso,FALSE
Her2,nbn,0.0606513306684557,0.00149119662625198,0.829768376591034,0.406765408896602,0.482787099394268,-7.20802393408748,Superexpresso,FALSE
Her2,dab2,0.055035980077017,-0.00313479177648919,0.822425117227774,0.410928969524693,0.485786344489783,-7.2140755084068,Superexpresso,FALSE
Her2,ccnd3,0.056381846253298,-0.000908803373748024,0.821810747372306,0.411279236439203,0.485786344489783,-7.2145784867742,Superexpresso,FALSE
Her2,tnk2,-0.0574782651461351,-0.0027983131259884,-0.800634222207947,0.423435289256824,0.498939413124306,-7.23171370508224,Subexpresso,FALSE
Her2,bcas3,0.056221487660484,0.000837585661570902,0.794132924684902,0.427209057524779,0.50217603156158,-7.23688461523355,Superexpresso,FALSE
Her2,mmp21,0.0579572499005914,0.00136541908276226,0.792351385836875,0.428246589381473,0.502188446540864,-7.23829423550124,Superexpresso,FALSE
Her2,itch,-0.0573949712532361,0.000795202952029521,-0.790305568050396,0.429439840013407,0.502382970733387,-7.23990906039134,Subexpresso,FALSE
Her2,shank2,-0.055823114721233,-0.000877069056404849,-0.784471650220242,0.432853149857789,0.505167518569114,-7.24449103240139,Subexpresso,FALSE
Her2,mmp16,-0.0550687990877333,-0.0014904586188719,-0.755294691961431,0.450158090131364,0.524112633510088,-7.26689750674535,Subexpresso,FALSE
Her2,twist1,0.0524871198376696,0.000371217712177123,0.747379883823043,0.454919151070559,0.52839777879692,-7.27282935446017,Superexpresso,FALSE
Her2,ctbp2,0.0525292433003529,-0.0000110701107011072,0.735577868029606,0.462070949982944,0.53543292545417,-7.28155851987481,Superexpresso,FALSE
Her2,braf,0.0507676880554239,0.00126557722720084,0.727384843969632,0.467072473424403,0.539949029561544,-7.28753669097294,Superexpresso,FALSE
Her2,fanca,0.0526961713921492,-0.000121244069583552,0.722051878250422,0.470344118631099,0.54244875945898,-7.29139201582995,Superexpresso,FALSE
Her2,akt3,0.0507790628032663,-0.00439135477069056,0.698609514000916,0.4848745541268,0.557890957571777,-7.30800276530675,Superexpresso,FALSE
Her2,kdm3a,0.050345706845721,0.00160643120716921,0.695652493993935,0.486724553079361,0.558704944731942,-7.31005912854569,Superexpresso,FALSE
Her2,rictor,-0.0500159173105018,0.0018566684238271,-0.688026882145257,0.491512923804832,0.562880139907641,-7.31532188025586,Subexpresso,FALSE
Her2,ryr2,-0.0494887223028145,-0.00159620453347391,-0.682690798501491,0.494878617555416,0.564181272361854,-7.31897005169842,Subexpresso,FALSE
Her2,mmp24,-0.0498449128406735,0.0000135477069056416,-0.682567430684385,0.494956576366534,0.564181272361854,-7.31905405997346,Subexpresso,FALSE
Her2,ugt2b17,0.0497575738236352,0.000271481286241435,0.680491023710839,0.496269688035261,0.564362505695913,-7.32046572825788,Superexpresso,FALSE
Her2,shbg,0.0489537296131558,0.00152688455455983,0.674202627050724,0.500257762079384,0.567577832150392,-7.32471473984097,Superexpresso,FALSE
Her2,mmp10,0.0479127592759461,-0.000686030574591461,0.665147020773321,0.506030542701485,0.571484348589858,-7.33076425489508,Superexpresso,FALSE
Her2,gldc,-0.0478619637082563,0.00111797575118608,-0.665134907329241,0.506038288219649,0.571484348589858,-7.33077229240771,Subexpresso,FALSE
Her2,men1,0.0476408362349017,-0.00000943595150237092,0.659655394534468,0.509548361877962,0.574122463037611,-7.3343930561646,Superexpresso,FALSE
Her2,rad51c,-0.0444887792875717,0.000779810226673698,-0.643803249207446,0.519774330144484,0.584298040093455,-7.34469927455637,Subexpresso,FALSE
Her2,prkg1,0.0461523367495661,-0.00356441750131787,0.63430092628518,0.525954524413341,0.589889363390192,-7.35075705498428,Superexpresso,FALSE
Her2,akr1c2,0.044054090077881,-0.000897680548234054,0.625550668012606,0.531678646200626,0.594944755130677,-7.35625575701805,Superexpresso,FALSE
Her2,ptpn22,-0.0411338306321541,0.00146895097522404,-0.603543150777867,0.54621333105047,0.609813513433058,-7.36974808672148,Subexpresso,FALSE
Her2,ush2a,0.0437444859643301,-0.00291254612546126,0.59830474114974,0.549702054145844,0.612310488558811,-7.37288820937084,Superexpresso,FALSE
Her2,mapk9,-0.0413422938787229,0.000887875593041647,-0.588254223181811,0.556425824382556,0.618391427552432,-7.37883670461442,Subexpresso,FALSE
Her2,acvr1,-0.0408638527307908,0.00133352662098049,-0.568516269128219,0.569746114909042,0.631759297484176,-7.39022561929928,Subexpresso,FALSE
Her2,star,0.0407873524306428,-0.00333879810226674,0.55999946522355,0.575540381297394,0.636740376593723,-7.39501986935438,Superexpresso,FALSE
Her2,tert,-0.0379841539907026,0.000994570374275171,-0.52162599589514,0.601986550601893,0.664495312063941,-7.41572365474575,Subexpresso,FALSE
Her2,thsd7a,0.0348979618070473,-0.00246399578281497,0.480987644402386,0.630576101763422,0.693134414742926,-7.43604816686982,Superexpresso,FALSE
Her2,myh9,-0.0340634622282852,0.0000313653136531369,-0.480719735458725,0.630766491943972,0.693134414742926,-7.43617669107009,Subexpresso,FALSE
Her2,lipi,-0.0336903668898543,-0.000106167633104902,-0.460855616434753,0.644950597922955,0.707131933597141,-7.44550668010553,Subexpresso,FALSE
Her2,alk,0.0318630713745157,0.00052509225092251,0.447923145311398,0.654255525431557,0.715729198962039,-7.45136940657277,Superexpresso,FALSE
Her2,chek2,-0.0294545204232748,0.00156715867158672,-0.445844798175067,0.65575558489618,0.715768930835339,-7.45229639255545,Subexpresso,FALSE
Her2,rad50,0.0323645373268958,-0.00114027411702688,0.443511745149067,0.657441964975751,0.716011405062678,-7.45333108437658,Superexpresso,FALSE
Her2,setdb1,-0.0305699545353247,-0.000955350553505537,-0.428436671365316,0.668377795261581,0.726303870850918,-7.45988821190819,Subexpresso,FALSE
Her2,hla-g,0.0289498326255566,0.000753294675803902,0.420928532398831,0.673850945077898,0.730627743111069,-7.46306943091109,Superexpresso,FALSE
Her2,tsc1,-0.0280997580202064,0.0000076963626779124,-0.39831644955031,0.69043800448991,0.746956159724704,-7.47231049437164,Subexpresso,FALSE
Her2,or6a2,-0.0281133190013899,0.00169715340010543,-0.384891000630633,0.700357704631709,0.756015270562706,-7.4775558717873,Subexpresso,FALSE
Her2,izumo1r,0.0274079240415844,0.00164217185028993,0.375307924315197,0.707469915311982,0.76201054754969,-7.48119004133558,Superexpresso,FALSE
Her2,smarcd1,0.0267592365746767,-0.000465946230890883,0.369146764383526,0.712056078942923,0.765264665061735,-7.48347814126344,Superexpresso,FALSE
Her2,akr1c1,-0.0262074472135114,0.00048255139694254,-0.35809512616305,0.720308628963557,0.772436227112236,-7.48748755717729,Subexpresso,FALSE
Her2,cdkn2b,-0.0232861759870956,0.000840221402214023,-0.322155790793957,0.747367197082974,0.799699254646771,-7.49968357797123,Subexpresso,FALSE
Her2,ackr3,-0.022525375964206,-0.000173537163943068,-0.317740595036288,0.750713755467909,0.801526258567265,-7.50109300133912,Subexpresso,FALSE
Her2,pdgfa,0.0221369589642703,-0.00159936742224565,0.310802529485196,0.75598203114535,0.805392621416288,-7.50326848627956,Superexpresso,FALSE
Her2,ptprd,-0.0222491092775373,0.000121613073273589,-0.307582873541239,0.758430688785365,0.806244797426182,-7.50426172116473,Subexpresso,FALSE
Her2,ubr5,0.0215586518778613,0.00135271481286241,0.302672650165141,0.762169746068952,0.808462051687023,-7.50575656823105,Superexpresso,FALSE
Her2,nf1,0.0185471659573417,0.000254348972061148,0.257518694476605,0.796803975618019,0.842230992493983,-7.5183753946581,Superexpresso,FALSE
Her2,hsd17b7,0.0178170602238204,0.00170548234053769,0.256681968199336,0.797449794529068,0.842230992493983,-7.51859003211559,Superexpresso,FALSE
Her2,hsd17b14,-0.0174915779258242,0.00107754348972061,-0.240335698389748,0.81009381492212,0.852378063763629,-7.52264307187072,Subexpresso,FALSE
Her2,gpr32,-0.0174352972212682,-0.00137453874538745,-0.238556804081293,0.811472870738962,0.852378063763629,-7.52306806264446,Subexpresso,FALSE
Her2,hsd17b13,0.0171764767109611,-0.00110079072219294,0.23750741970458,0.812286661991516,0.852378063763629,-7.52331728764201,Superexpresso,FALSE
Her2,folr3,-0.0163666359453116,0.000657406431207168,-0.22819788226093,0.819514941029505,0.857754039851088,-7.525480161813,Subexpresso,FALSE
Her2,bmpr1a,-0.0163606386487532,0.00227796520822351,-0.226393182398441,0.820917976789998,0.857754039851088,-7.52588943980468,Subexpresso,FALSE
Her2,map3k10,-0.0163248728495779,-0.00109583552978387,-0.223942579301728,0.822824077424616,0.857912524223107,-7.52643999660019,Subexpresso,FALSE
Her2,slco1b3,0.0148034796468769,-0.00081180811808118,0.203906212771324,0.838446828645635,0.87234148767599,-7.53071663970498,Superexpresso,FALSE
Her2,cdk8,-0.0136809566993735,0.00210585134422773,-0.198733934144425,0.842490381520939,0.873246026982667,-7.53175559156096,Subexpresso,FALSE
Her2,spaca1,-0.0144804935660993,0.00184364786505008,-0.198225904528567,0.842887780645847,0.873246026982667,-7.5318561953496,Subexpresso,FALSE
Her2,rbpj,-0.0130486388126087,-0.000124037954665263,-0.193660663483152,0.846460515944514,0.875093429803102,-7.53274875316105,Subexpresso,FALSE
Her2,rad51d,0.0137455474433,0.000113705851344226,0.190356718620096,0.849048271969355,0.875916888170917,-7.53338168271717,Superexpresso,FALSE
Her2,rasgef1b,0.0129971669372269,0.000483605693199789,0.179747477799188,0.857368407153452,0.882638212837974,-7.53534054762403,Superexpresso,FALSE
Her2,agmo,0.0123177245839847,-0.000210964681075381,0.168403463860633,0.866282331253551,0.888819874904432,-7.53731084293052,Superexpresso,FALSE
Her2,kmt2d,0.0122264717455754,-0.00133700579862941,0.167480501004656,0.867008344231931,0.888819874904432,-7.5374655004141,Superexpresso,FALSE
Her2,cxcr1,0.0119261577446488,-0.00340300474433316,0.16462598965777,0.869254443018391,0.88925820635145,-7.53793844114075,Superexpresso,FALSE
Her2,ctnna3,-0.00932872465812583,-0.00090980495519241,-0.127492753696126,0.898562788469074,0.917321928103084,-7.54334998320672,Subexpresso,FALSE
Her2,tulp4,-0.00765245217873149,0.000264259356879282,-0.107545694268888,0.91436649632163,0.93151086812766,-7.54568891869611,Subexpresso,FALSE
Her2,inhba,-0.00765139434770597,0.00161375856615709,-0.104862348109245,0.916495192852096,0.931738356142775,-7.54597326570378,Subexpresso,FALSE
Her2,smad2,-0.00646509728450374,0.000572377438060095,-0.0883104607231718,0.929638465186803,0.943139438747607,-7.54756839142525,Subexpresso,FALSE
Her2,pik3ca,0.00605359412466935,0.00237738534528203,0.0843195155167085,0.932810548000134,0.944398256670944,-7.54791210270535,Superexpresso,FALSE
Her2,hsd3b2,-0.00596044881929347,0.00131576172904586,-0.0816315242195972,0.934947622130861,0.944606171946262,-7.54813464356669,Subexpresso,FALSE
Her2,cyp3a43,0.0047282321461415,-0.0016244069583553,0.0646490912826064,0.948459638064444,0.956281985594872,-7.54937397916392,Superexpresso,FALSE
Her2,mmp17,-0.00443341058229813,-0.00187480231945177,-0.0606657714187164,0.951631246749332,0.957505513704575,-7.54962300838774,Subexpresso,FALSE
Her2,dph1,-0.00422528449073088,-0.000105376910911969,-0.0579480561456192,0.953795595804473,0.957712620838578,-7.54978382907434,Subexpresso,FALSE
Her2,cyp17a1,0.00276824729973578,-0.00383025830258302,0.0379429741271441,0.96973680709707,0.971723972685383,-7.55074084947056,Superexpresso,FALSE
Her2,hdac9,-0.00154092481074493,-0.00259583552978387,-0.0212068806156762,0.983082668964849,0.983082668964849,-7.55123471754711,Subexpresso,FALSE
LumA,gata3,1.12780580731251,-0.000376910911966263,34.0406648588773,2.03910532016798e-202,9.97122501562143e-200,452.457999054861,Superexpresso,TRUE
LumA,mapt,1.12142115912759,0.000330680021085925,29.9751869320786,1.69741565057808e-164,4.15018126566341e-162,365.329718708627,Superexpresso,TRUE
LumA,ccne1,-0.93780640224747,-0.000208065366367947,-24.8737708525239,7.80441696160679e-120,1.27211996474191e-117,262.732016559106,Subexpresso,TRUE
LumA,aurka,-0.956043824715138,0.0000494992092778091,-24.2253504739111,1.84433285885408e-114,2.25469691994912e-112,250.39109087486,Subexpresso,TRUE
LumA,chek1,-0.922945345487368,0.0015516078017923,-23.8259098443337,3.44039670408898e-111,3.36470797659902e-109,242.879794762925,Subexpresso,TRUE
LumA,aph1b,0.936839478012399,0.00023911439114391,23.1582865336644,8.58248285633875e-106,6.99472352791608e-104,230.486429449289,Superexpresso,TRUE
LumA,e2f2,-0.926551057340486,-0.000510648392198207,-22.939698486829,4.79896543508307e-104,3.35242013965089e-102,226.473727914228,Subexpresso,TRUE
LumA,bcl2,0.905295086846158,0.000537216657880864,22.7086588698169,3.29237600750159e-102,2.01246483458534e-100,222.257193513042,Superexpresso,TRUE
LumA,cdc25a,-0.875085617777697,-0.000103321033210332,-22.0612364345613,4.0116042491634e-97,2.17963830871211e-95,210.58025050845,Subexpresso,TRUE
LumA,erbb3,0.822080516613338,0.00135687928307855,21.0107462902557,4.56375267117711e-89,2.23167505620561e-87,192.08636313504,Superexpresso,TRUE
LumA,igf1r,0.845494386635927,-0.0000760147601476026,20.7470906860031,4.38148804384429e-87,1.94777059403624e-85,187.53621671875,Superexpresso,TRUE
LumA,e2f3,-0.773385914043703,0.000299261992619929,-19.1933188364778,9.6015798233746e-76,3.91264377802515e-74,161.50989807058,Subexpresso,TRUE
LumA,cdk1,-0.773216924804447,0.00170500790722193,-19.0734320121277,6.79571985745019e-75,2.55623616176396e-73,159.559834906965,Subexpresso,TRUE
LumA,egfr,-0.75842913401544,0.000139377965208223,-19.0322534561566,1.32830680095443e-74,4.6395858976194e-73,158.892010568559,Subexpresso,TRUE
LumA,hsd17b4,0.799778529159575,-0.000123668950975223,18.9605493573278,4.25672115403785e-74,1.38769109621634e-72,157.731557104,Superexpresso,TRUE
LumA,srd5a1,-0.789502090809542,0.00115487612018977,-18.682621651315,3.77389305044687e-72,1.15339606354282e-70,153.262936965763,Subexpresso,TRUE
LumA,fancd2,-0.775293866209746,0.000508170795993674,-18.490707856061,8.12508192859968e-71,2.33715591946191e-69,150.204763912188,Subexpresso,TRUE
LumA,e2f4,-0.786396636866476,-0.000731365313653133,-18.4462232875459,1.64975505691073e-70,4.48183457127415e-69,149.499130337169,Subexpresso,TRUE
LumA,cyp21a2,0.783621125770342,-0.00240817079599367,17.6793212915651,2.72896531333374e-65,7.02349493800106e-64,137.528887783286,Superexpresso,TRUE
LumA,cyb5a,0.753151029286699,0.000373748023194519,17.5653094319972,1.57766679605749e-64,3.85739531636056e-63,135.78124294423,Superexpresso,TRUE
LumA,ar,0.702126010543861,-0.000469372693726938,17.0551849977782,3.6538149725171e-61,8.50816915028982e-60,128.065263381915,Superexpresso,TRUE
LumA,cdk6,-0.681441081985735,0.0000848708487084863,-16.8395482683175,9.17828171484719e-60,2.04008170843649e-58,124.855192169272,Subexpresso,TRUE
LumA,npnt,0.700768341105322,-0.000692040063257776,16.6480191875436,1.56668783208516e-58,3.33091456473758e-57,122.030078562772,Superexpresso,TRUE
LumA,ttyh1,-0.671327597468263,-0.000492830785450711,-16.5299642330129,8.89555380537518e-58,1.81246908784519e-56,120.301054499194,Subexpresso,TRUE
LumA,nrip1,0.712740110340338,0.00261987348444913,16.4326419818843,3.69690793352279e-57,7.23115191797057e-56,118.882792448267,Superexpresso,TRUE
LumA,mapk1,-0.700437631124335,0.000156510279388509,-16.2548528245102,4.90687447444357e-56,9.2286985307804e-55,116.308595836559,Subexpresso,TRUE
LumA,ahnak,0.684835740962209,-0.00137179757511861,15.9852112521236,2.37677021968256e-54,4.30459495342508e-53,112.446003011324,Superexpresso,TRUE
LumA,tgfb3,0.671215562641399,-0.00108096995255667,15.8363197612707,1.98226648212761e-53,3.46188682057287e-52,110.334788703147,Superexpresso,TRUE
LumA,mmp12,-0.684307238746448,0.00015282024248814,-15.5368996678137,1.34671947951885e-51,2.27084767408523e-50,106.136268999623,Subexpresso,TRUE
LumA,runx1,0.684071344162252,-0.00191539272535583,15.0184831102002,1.76507443976353e-48,2.87707133681456e-47,98.9939804017532,Superexpresso,TRUE
LumA,cbfb,-0.666924015664994,0.00143368476541908,-14.9846257243818,2.73012759004996e-48,4.30655610172396e-47,98.5597396389995,Subexpresso,TRUE
LumA,bmpr1b,0.651726434691932,-0.00129114391143911,14.9346914724706,5.37640416660192e-48,8.21581761708855e-47,97.8855529112269,Superexpresso,TRUE
LumA,tp53bp1,0.677233517121162,-0.00110511333684765,14.8728806865126,1.27456721179327e-47,1.88867686838457e-46,97.027204557869,Superexpresso,TRUE
LumA,chek2,-0.652691896243332,0.00156715867158672,-14.6999443702364,1.26921827119893e-46,1.82543451357728e-45,94.7405171126792,Subexpresso,TRUE
LumA,hsd17b8,0.634836767550015,0.000843015287295729,14.5509542504126,9.24518367934771e-46,1.29168423405744e-44,92.7654148114456,Superexpresso,TRUE
LumA,e2f7,-0.623871732044251,-0.000637374802319452,-14.368521229403,1.02849681646416e-44,1.39704150903048e-43,90.3693547277381,Subexpresso,TRUE
LumA,rad51,-0.629398404428191,0.0014248286768582,-14.2303257027871,6.27556498822371e-44,8.29392237632809e-43,88.5708128549587,Subexpresso,TRUE
LumA,hsd17b2,-0.619288984305549,-0.00060200316288877,-14.1365533691279,2.12373550284433e-43,2.73291226550231e-42,87.3585639350688,Subexpresso,TRUE
LumA,notch1,-0.579015390298924,-0.00146784396415393,-14.0436522937088,7.06011985256594e-43,8.85230412283268e-42,86.1641029122983,Subexpresso,TRUE
LumA,mmp9,-0.629551545338821,-0.00125313653136531,-13.9456882645941,2.52520049763766e-42,3.08705760836204e-41,84.8972061999698,Subexpresso,TRUE
LumA,cxcl8,-0.620252295197818,0.00112208750658935,-13.6906129438045,6.4969299438845e-41,7.74877742087688e-40,81.6687141988499,Subexpresso,TRUE
LumA,stat1,-0.618924917040909,-0.000198365840801266,-13.5549423211309,3.59167639460403e-40,4.18173751657469e-39,79.9691868764369,Subexpresso,TRUE
LumA,ccnb1,-0.579876999301358,-0.000489035318924617,-13.53114359655,4.74344772483118e-40,5.39429287777313e-39,79.6924149772275,Subexpresso,TRUE
LumA,tbx3,0.603699888713472,-0.00037464417501318,13.4138883392135,2.07130964631956e-39,2.30197822056878e-38,78.2276564582783,Superexpresso,TRUE
LumA,cdkn2a,-0.555284506451509,0.000902055877701633,-13.3866907731251,2.86598621328129e-39,3.114371685099e-38,77.9047256578403,Subexpresso,TRUE
LumA,dtx3,0.60584787842263,-0.00122498682129679,13.2624946024956,1.3527849000184e-38,1.43806916545434e-37,76.3628862351569,Superexpresso,TRUE
LumA,map2k4,0.60438075851532,0.000395624670532419,13.0722637254701,1.39447594934313e-37,1.45084838133785e-36,74.0449521764856,Superexpresso,TRUE
LumA,mmp1,-0.589486064327744,0.0011309963099631,-12.9108089894594,9.73159409128044e-37,9.91406148049195e-36,72.1146197893887,Subexpresso,TRUE
LumA,mmp7,-0.529799511612325,0.0015913020558777,-12.7571113357011,6.02599057445111e-36,6.01369263450325e-35,70.3031971842644,Subexpresso,TRUE
LumA,ccnd1,0.554683596762201,-0.00148086452293094,12.6988238989387,1.20460997975378e-35,1.17810856019919e-34,69.6152199199913,Superexpresso,TRUE
LumA,rps6kb2,-0.579980360630627,-0.00102883500263574,-12.6398168724393,2.47426778927965e-35,2.37238617442696e-34,68.9007292942404,Subexpresso,TRUE
LumA,nras,-0.561199745726933,0.000972535582498683,-12.6102852762278,3.43211236227219e-35,3.22750566375212e-34,68.5753482389567,Subexpresso,TRUE
LumA,ncoa3,-0.578446566943246,-0.000854454401686875,-12.6043792149492,3.76102243072266e-35,3.47007541249694e-34,68.4848684442294,Subexpresso,TRUE
LumA,acvr1b,0.557370580659504,0.00175060622034792,12.5672013114788,5.69977201843284e-35,5.16146021669196e-34,68.0715926739284,Superexpresso,TRUE
LumA,map2,-0.530091560464121,-0.0011566684238271,-12.5466784651417,7.25387195900829e-35,6.44935161446373e-34,67.832151901742,Subexpresso,TRUE
LumA,msh6,-0.546366607090046,0.000937005798629415,-12.4946797035523,1.33422854025192e-34,1.1650674217557e-33,67.2269872073016,Subexpresso,TRUE
LumA,ctnna1,0.562184507133383,0.00212377438060095,12.4773440907045,1.64353719575886e-34,1.40998191004576e-33,67.020056795647,Superexpresso,TRUE
LumA,rbl1,-0.555296564381601,0.00041375856615709,-12.3180060999277,1.04732110860939e-33,8.83000038120676e-33,65.1811981348602,Subexpresso,TRUE
LumA,map3k1,0.570548771170542,0.000743753294675805,12.2289857388795,2.96489673753369e-33,2.45734661805759e-32,64.1483808412916,Superexpresso,TRUE
LumA,e2f8,-0.55803779006005,0.00156188719030047,-12.2174836493487,3.35632618436694e-33,2.73540584025906e-32,64.0251171938061,Subexpresso,TRUE
LumA,ppp2r2a,0.569071025798197,-0.00049630996309963,12.189091511237,4.68425897442698e-33,3.75508629261442e-32,63.6943377471821,Superexpresso,TRUE
LumA,rpgr,0.555519645438657,0.000180811808118079,12.1617193637762,6.34971165262643e-33,5.00807902924891e-32,63.3921797598069,Superexpresso,TRUE
LumA,map3k5,-0.547839178822004,0.000280917237743806,-12.0431395139928,2.44705845749881e-32,1.89938346939193e-31,62.0530596508214,Subexpresso,TRUE
LumA,folr1,-0.521581711845282,-0.000906694781233526,-11.7794850958685,4.67760779761536e-31,3.57398470786549e-30,59.1247553363715,Subexpresso,TRUE
LumA,rab25,0.513182800729786,0.00161918819188192,11.6817138752944,1.38251603716187e-30,1.04007744949562e-29,58.0495016812071,Superexpresso,TRUE
LumA,eif4ebp1,-0.529157696162715,-0.00087053241960991,-11.5543417139778,5.69253066016461e-30,4.21764771639469e-29,56.6458116562609,Subexpresso,TRUE
LumA,hdac2,-0.526830982725222,0.0008554032683184,-11.5269953705121,7.6411566295886e-30,5.57690386846093e-29,56.3536831349055,Subexpresso,TRUE
LumA,rbpj,-0.521773346805647,-0.000124037954665263,-11.522157802448,8.04047298833827e-30,5.78204601661384e-29,56.303112883552,Subexpresso,TRUE
LumA,hsd17b7,0.536303757773693,0.00170548234053769,11.4959767143655,1.07792004262879e-29,7.63917247602146e-29,56.0125187239728,Superexpresso,TRUE
LumA,nt5e,-0.516549676816869,-0.000529994728518714,-11.3677723225401,4.29787734988745e-29,3.00237432013566e-28,54.640578965992,Subexpresso,TRUE
LumA,prkcq,-0.526859016599765,-0.00057011070110701,-11.3239958442853,6.92543532045072e-29,4.76977165028226e-28,54.1675778814375,Subexpresso,TRUE
LumA,cdk4,-0.517464204613786,0.00258086452293094,-11.1957721827101,2.72419297207973e-28,1.85018106020415e-27,52.809464366693,Subexpresso,TRUE
LumA,slc19a1,-0.500128739984739,0.00075719557195572,-11.1385487677184,4.95151947904239e-28,3.31683976061881e-27,52.2167869618112,Subexpresso,TRUE
LumA,casp3,-0.514334869892706,0.00135292567211386,-11.0847974781561,8.83983397630238e-28,5.84145785731333e-27,51.6424571654861,Subexpresso,TRUE
LumA,psen2,0.508615248186646,0.00168181338956247,10.9816736536891,2.61162243832109e-27,1.70277782978535e-26,50.5685821341421,Superexpresso,TRUE
LumA,ccnd3,-0.502557966305277,-0.000908803373748024,-10.8991946267681,6.17198421524795e-27,3.97118458060033e-26,49.7161207116579,Subexpresso,TRUE
LumA,hla-g,-0.502988921960065,0.000753294675803902,-10.8816925371131,7.39929352080138e-27,4.69903185931412e-26,49.5363595364207,Subexpresso,TRUE
LumA,abcc10,-0.487809323550272,-0.00186404849762783,-10.7717973416871,2.28739389484151e-26,1.4340200186891e-25,48.4177149798587,Subexpresso,FALSE
LumA,bmp2,-0.474118192075769,-0.000930996309963099,-10.6433351371453,8.48284979010751e-26,5.25077664223111e-25,47.118991260654,Subexpresso,FALSE
LumA,met,-0.478046420527495,0.000148339483394834,-10.5224033972289,2.90264301579444e-25,1.77424054340435e-24,45.9004839026046,Subexpresso,FALSE
LumA,map2k1,-0.490193648009044,0.00199852398523985,-10.510548630015,3.28972842722918e-25,1.98602123569762e-24,45.7766394983069,Subexpresso,FALSE
LumA,gsk3b,-0.472127352905312,-0.000355772272008434,-10.4949393936406,3.82359914802799e-25,2.28017071144596e-24,45.6275024099135,Subexpresso,FALSE
LumA,pten,0.480943432254081,-0.00142820242488139,10.4929547559554,3.91464034110027e-25,2.30633629734703e-24,45.6042902780847,Superexpresso,FALSE
LumA,mapk3,0.480528930793939,0.000612809699525568,10.4717400716752,4.845810301776e-25,2.82095385424817e-24,45.3929402838212,Superexpresso,FALSE
LumA,heyl,0.488975165973276,-0.00338687401159726,10.3823921630663,1.18697740824938e-24,6.82861120745822e-24,44.5057476122339,Superexpresso,FALSE
LumA,cdk8,-0.477154991777698,0.00210585134422773,-10.3131362611059,2.35968930984653e-24,1.34173031687785e-23,43.8253119867543,Subexpresso,FALSE
LumA,map2k3,-0.470784532837762,-0.00124781233526621,-10.2949102890937,2.81641772651738e-24,1.58302099800804e-23,43.6500212746007,Subexpresso,FALSE
LumA,plagl1,-0.432498900989415,-0.000521085925144968,-10.2050003257573,6.78114733190703e-24,3.76816027875288e-23,42.7798666835491,Subexpresso,FALSE
LumA,lfng,0.454678125197581,-0.00049973642593569,10.1898020090154,7.8839838344436e-24,4.33176190454261e-23,42.6307356166857,Superexpresso,FALSE
LumA,src,-0.473996226185077,-0.000882920400632577,-10.149850907799,1.17541466487482e-23,6.3864196791532e-23,42.2356268908338,Subexpresso,FALSE
LumA,maml2,-0.453017989080517,0.000188033737480231,-10.0811795702595,2.27380197453897e-23,1.22185622587863e-22,41.5822518833831,Subexpresso,FALSE
LumA,smarcc2,0.471668313667652,-0.000145282024248815,10.0461350000854,3.21999955798387e-23,1.71149976505882e-22,41.2381342780497,Superexpresso,FALSE
LumA,hif1a,-0.466061125971865,0.000824459673168162,-9.89385967657496,1.39056815884748e-22,7.31169709329483e-22,39.790470794314,Subexpresso,FALSE
LumA,dll3,-0.452016794041583,-0.000706431207169216,-9.80795630700161,3.14625178160673e-22,1.63672034170818e-21,38.9826714730572,Subexpresso,FALSE
LumA,bmp4,0.448177978736079,-0.00084934106483922,9.74160275865524,5.8842503654645e-22,3.02884045127593e-21,38.3633610448858,Superexpresso,FALSE
LumA,ccna1,-0.442082425881183,-0.000221613073273589,-9.73117017277066,6.46818766263089e-22,3.29473309065261e-21,38.2696653079055,Subexpresso,FALSE
LumA,bmp7,-0.451982549340182,0.000598207696362677,-9.67232419479338,1.12733557616702e-21,5.6831659458317e-21,37.7203215725843,Subexpresso,FALSE
LumA,klrg1,-0.408107102363684,-0.000292936215076435,-9.59870099461787,2.22042209431513e-21,1.10794531032663e-20,37.0497355532693,Subexpresso,FALSE
LumA,myc,-0.427995603874876,0.00202298365840801,-9.49220431492756,5.95614205795414e-21,2.91296129332129e-20,36.0742177779036,Subexpresso,FALSE
LumA,smarcb1,-0.44651054947681,-0.000230943595150237,-9.49280958865925,5.95697605996173e-21,2.91296129332129e-20,36.0742648404553,Subexpresso,FALSE
LumA,ptpn22,-0.433631555361034,0.00146895097522404,-9.46685600136122,7.5391927820251e-21,3.65016363406958e-20,35.8413115471309,Subexpresso,FALSE
LumA,lama2,0.405405753243304,-0.00122503953610965,9.36399231541198,1.91901157924401e-20,9.19996727696395e-20,34.9176774168305,Superexpresso,FALSE
LumA,cdk2,-0.422022392384918,0.00104022140221402,-9.33224986197058,2.56788074046918e-20,1.21912007969848e-19,34.6299310561176,Subexpresso,FALSE
LumA,bad,0.435429598827918,-0.000105851344227728,9.31898048466995,2.90757569400276e-20,1.36711972535322e-19,34.5072939256056,Superexpresso,FALSE
LumA,tsc1,0.43820451457318,0.0000076963626779124,9.24226107627259,5.80455309222283e-20,2.70326329723521e-19,33.8241795305787,Superexpresso,FALSE
LumA,rheb,-0.419180479767959,0.00349478123352662,-9.16779587262347,1.12632574194262e-19,5.19597441330132e-19,33.1691540568729,Subexpresso,FALSE
LumA,taf4b,-0.426306568409154,-0.00121502372166579,-9.15171057683969,1.30395500550461e-19,5.95919624010983e-19,33.0246047472539,Subexpresso,FALSE
LumA,tgfbr3,0.414984177287744,-0.00316062203479178,9.07744804888772,2.5111401141556e-19,1.13698844057601e-18,32.3772017881196,Superexpresso,FALSE
LumA,hes6,-0.408983171102952,0.00107337901950448,-9.02705643318432,3.91423295026577e-19,1.75601826851373e-18,31.9388280146873,Subexpresso,FALSE
LumA,folr2,-0.381232003921697,-0.00136831839746969,-8.87795255556285,1.43314245993187e-18,6.37096966278804e-18,30.6573341030561,Subexpresso,FALSE
LumA,e2f5,-0.411418339441041,0.0020284659989457,-8.84335345951313,1.94455144401756e-18,8.56653744256385e-18,30.3563414018044,Subexpresso,FALSE
LumA,adam17,-0.403068322479736,0.00256436478650501,-8.78780673163373,3.129271202349e-18,1.36626215888273e-17,29.8866966017433,Subexpresso,FALSE
LumA,tsc2,0.406825214405974,-0.000988929889298891,8.67022437023843,8.54648695933382e-18,3.69843550718074e-17,28.895395971991,Superexpresso,FALSE
LumA,mtap,-0.389715727270244,0.000935582498682131,-8.65806109586313,9.43632306686865e-18,4.04768594710418e-17,28.7975283711287,Subexpresso,FALSE
LumA,bard1,-0.398692055180737,-0.000398892988929888,-8.59569360398376,1.60338451721604e-17,6.81786981668385e-17,28.2747388139682,Subexpresso,FALSE
LumA,siah1,-0.409811137613456,0.00144876120189773,-8.55943365886646,2.1737210065356e-17,9.16335838099921e-17,27.9745869192091,Subexpresso,FALSE
LumA,pik3r1,0.388337992432622,-0.00150479704797048,8.54063148276061,2.53794475370538e-17,1.06073075603584e-16,27.8217117144302,Superexpresso,FALSE
LumA,alk,-0.407040477694972,0.00052509225092251,-8.51391264149359,3.17986955817752e-17,1.31775950334645e-16,27.5994476663808,Subexpresso,FALSE
LumA,mlh1,0.393855301575967,0.000213178703215604,8.42184860248977,6.82475675375437e-17,2.80445886771923e-16,26.8464498903001,Superexpresso,FALSE
LumA,ddc,-0.396474943705064,-0.000641170268845545,-8.40716827117849,7.70323848579973e-17,3.13906968296339e-16,26.727084927387,Subexpresso,FALSE
LumA,ncor1,0.398266763826365,0.000651713231418029,8.38717456312031,9.08151982136276e-17,3.67013486995569e-16,26.56483003469,Superexpresso,FALSE
LumA,mmp15,-0.379126953591699,-0.000574380600948866,-8.38158150726656,9.48738440191616e-17,3.8027303053582e-16,26.5216397395465,Subexpresso,FALSE
LumA,stat3,0.394047362725671,0.00172308908803374,8.35452610948148,1.18729083457032e-16,4.72020502524299e-16,26.3006541112758,Superexpresso,FALSE
LumA,nek1,0.396724080636786,0.00000537691091196668,8.33532571020489,1.38937042344769e-16,5.47904949246711e-16,26.145743257063,Superexpresso,FALSE
LumA,sgcd,0.389449585507322,-0.00130047443331576,8.20062141392874,4.14669588679745e-16,1.62218743091516e-15,25.0683145072678,Superexpresso,FALSE
LumA,map2k5,0.388702643375811,0.00142503953610965,8.18027223970877,4.88460129804476e-16,1.89569050376499e-15,24.9069816832181,Superexpresso,FALSE
LumA,sdc4,0.374570048757161,-0.000555350553505536,8.15563502688822,5.9516294178777e-16,2.29161164200173e-15,24.7123570033497,Superexpresso,FALSE
LumA,prkce,0.38985203970336,-0.000406431207169215,8.14124673170257,6.68014774041542e-16,2.55202519145558e-15,24.5986300970168,Superexpresso,FALSE
LumA,arid1a,0.387480893292379,0.00187648919346336,8.11885775528883,7.98946410040546e-16,3.02856429852579e-15,24.4223527712656,Superexpresso,FALSE
LumA,casp9,0.38682339186828,0.000120137058513443,8.05449314905346,1.333207150605e-15,5.01490997419879e-15,23.9181224034837,Superexpresso,FALSE
LumA,smad1,0.381840972971207,0.000501739588824459,8.00139936362642,2.02825922549229e-15,7.57113558218113e-15,23.5050247088934,Superexpresso,FALSE
LumA,cul1,-0.360892553313852,0.0010520295202952,-7.77981252492857,1.13703415969372e-14,4.21219472795629e-14,21.808726763753,Subexpresso,FALSE
LumA,pdpk1,0.36895199264911,0.00203010015814444,7.73763411772786,1.5707351642468e-14,5.77510898734349e-14,21.4909284992879,Superexpresso,FALSE
LumA,st7,0.366597912853557,0.00129567738534528,7.73068888977138,1.65631628263102e-14,6.04431837467587e-14,21.438755168349,Superexpresso,FALSE
LumA,l1cam,-0.368025711324153,0.00303584607274644,-7.68521711583177,2.34167095880693e-14,8.48205258412288e-14,21.0982589550425,Subexpresso,FALSE
LumA,ctbp2,0.368753566235151,-0.0000110701107011072,7.68315263120888,2.37867019883192e-14,8.55271858256478e-14,21.0828449471658,Superexpresso,FALSE
LumA,diras3,0.361690160008619,0.000892461781760675,7.63651038584723,3.38616443756976e-14,1.20863825545373e-13,20.7356439388302,Superexpresso,FALSE
LumA,foxp1,0.354212890084501,-0.00315898787559304,7.52652410577924,7.72673375496139e-14,2.73795130882328e-13,19.9248317441958,Superexpresso,FALSE
LumA,dtx2,-0.343071634656152,-0.00198608328940433,-7.52452702860518,7.83151726734907e-14,2.75511650628323e-13,19.9115243191731,Subexpresso,FALSE
LumA,wfdc2,0.359788071872889,-0.000420769636267791,7.50396997916419,9.13861495588452e-14,3.17057915028197e-13,19.7599396106429,Superexpresso,FALSE
LumA,chd1,0.350360759831293,0.000139694254085399,7.50391777310711,9.14216074007685e-14,3.17057915028197e-13,19.75955847825,Superexpresso,FALSE
LumA,fbxw7,-0.357362540568216,-0.0011462836056932,-7.49037943382086,1.01088584750499e-13,3.48114915091508e-13,19.6608060612883,Subexpresso,FALSE
LumA,fas,-0.342572144430135,-0.0000353716394306821,-7.46600116130593,1.21005013092979e-13,4.13786373443825e-13,19.4841014704392,Subexpresso,FALSE
LumA,pdgfrb,0.335440478156687,-0.00241507643647865,7.34553879312433,2.92859069151783e-13,9.94500588994596e-13,18.6160657906469,Superexpresso,FALSE
LumA,tubb4a,-0.349712364776471,0.000296415392725357,-7.26454902863693,5.27509170021904e-13,1.77897920097042e-12,18.0384829935531,Subexpresso,FALSE
LumA,mapk6,-0.349080868040411,0.00257000527148129,-7.26030143426854,5.43917642346747e-13,1.82175155553123e-12,18.0084208614313,Subexpresso,FALSE
LumA,setd2,0.346078066995622,-0.000711597258829731,7.20091768702307,8.33243863918427e-13,2.77181122078987e-12,17.5898858081913,Superexpresso,FALSE
LumA,col22a1,-0.334168577496147,0.000398207696362678,-7.18581905995724,9.28213558940367e-13,3.06686777244486e-12,17.4839923127551,Subexpresso,FALSE
LumA,bmp6,-0.330250944783545,0.00126531365313653,-7.15878225975803,1.12535001487263e-12,3.69326280048802e-12,17.2950581724492,Subexpresso,FALSE
LumA,ncstn,0.341766532409051,0.000556510279388507,7.13306635414918,1.35119591533588e-12,4.40489868399495e-12,17.1156741594211,Superexpresso,FALSE
LumA,vegfa,-0.32681711066164,0.000643226146547181,-7.09456056321089,1.7739542282927e-12,5.74479216976907e-12,16.8486944184264,Subexpresso,FALSE
LumA,tnk2,0.339138750786387,-0.0027983131259884,7.0288396685561,2.81623230051235e-12,9.06011575625353e-12,16.3955647196305,Superexpresso,FALSE
LumA,arid2,0.325616246206206,0.00103679493937797,7.01971533650621,3.00182605103163e-12,9.59407149643442e-12,16.3330049598475,Superexpresso,FALSE
LumA,numb,0.334376835591522,-0.0000413284132841339,7.00973874592457,3.21850147345872e-12,1.02197871462423e-11,16.2646904814972,Superexpresso,FALSE
LumA,kdm5a,-0.333632005044474,-0.0000913020558777013,-7.00429351244471,3.34316241814633e-12,1.05471382095068e-11,16.2274434527311,Subexpresso,FALSE
LumA,ncor2,0.336216120693705,-0.0012078545071165,6.9840081615987,3.85066857434266e-12,1.19998377268935e-11,16.0889285631725,Superexpresso,FALSE
LumA,tulp4,0.333988780918069,0.000264259356879282,6.98393203762295,3.85270863624188e-12,1.19998377268935e-11,16.0884094859276,Superexpresso,FALSE
LumA,map3k3,-0.334352221763623,-0.00138481813389562,-6.98031017328503,3.95100692476155e-12,1.22281163684076e-11,16.0637188082044,Subexpresso,FALSE
LumA,dlec1,0.334462105768147,-0.00213995782814971,6.91919394902547,6.03329502534596e-12,1.85552280968187e-11,15.6489256120373,Superexpresso,FALSE
LumA,casp6,0.331966534661776,0.00131497100685293,6.91129883881339,6.37083144302916e-12,1.94708535977579e-11,15.5955958041155,Superexpresso,FALSE
LumA,atr,-0.326142614499071,0.000367738534528202,-6.86917478512249,8.50974089540497e-12,2.58463558872859e-11,15.3120395332795,Subexpresso,FALSE
LumA,frmd3,-0.300619081268372,0.0000823932525039538,-6.86638810489429,8.65410260374754e-12,2.61225689705713e-11,15.295425389249,Subexpresso,FALSE
LumA,dtwd2,0.327181526928947,0.00186705324196099,6.84595024850411,9.97537088520834e-12,2.9926112655625e-11,15.156412848308,Superexpresso,FALSE
LumA,mlst8,0.319113129287694,-0.000751027938850817,6.83560349888126,1.07054726315713e-11,3.19205860782827e-11,15.0872418833828,Superexpresso,FALSE
LumA,acvrl1,-0.293611310844598,-0.00234818133895625,-6.82273042871404,1.16614106548333e-11,3.45601806679605e-11,15.0033542956672,Subexpresso,FALSE
LumA,mapk4,-0.32142087801121,-0.00221043753294676,-6.81349943441653,1.24451178022672e-11,3.66606181042692e-11,14.9398049684744,Subexpresso,FALSE
LumA,col12a1,0.32795366882632,-0.00102567211386399,6.80856892119055,1.28694224204887e-11,3.76835183450238e-11,14.9069800959501,Superexpresso,FALSE
LumA,gdf11,-0.327396485742535,-0.00114127569847127,-6.78875819484663,1.47218921424149e-11,4.28512217716719e-11,14.7753193318286,Subexpresso,FALSE
LumA,dtx4,-0.32579190346838,0.000265471797575121,-6.72565734877672,2.25399186397641e-11,6.5219054525708e-11,14.3584018135953,Subexpresso,FALSE
LumA,bmpr2,0.319539149429775,0.000494254085397997,6.66637216921064,3.35205107090847e-11,9.64207631573083e-11,13.9700910511771,Superexpresso,FALSE
LumA,stat5b,0.304857919920059,-0.000358882445967318,6.62572227197331,4.39193103837516e-11,0.000000000125593817413184,13.7057977293871,Superexpresso,FALSE
LumA,nfkb2,-0.309510532237196,-0.00125150237216658,-6.57369650655184,6.19352779250649e-11,0.00000000017608343549626,13.3696773727399,Subexpresso,FALSE
LumA,hes1,0.309336018605804,-0.000456510279388507,6.56780279765314,6.43840700053387e-11,0.000000000181987342385032,13.3317666232926,Superexpresso,FALSE
LumA,terc,-0.317553513721752,0.00120948866631523,-6.55859277091413,6.84016949375099e-11,0.000000000192232349565761,13.272589268114,Subexpresso,FALSE
LumA,flt3,0.31356556988844,0.00130237216657881,6.51192495323012,9.28435540846818e-11,0.00000000025943141684234,12.9739584408306,Superexpresso,FALSE
LumA,bcl2l1,0.292914155636362,-0.000354981549815498,6.45971229587712,0.000000000130266121582868,0.000000000361932576443308,12.6429822137133,Superexpresso,FALSE
LumA,folr3,-0.310509508886804,0.000657406431207168,-6.44173440211638,0.00000000014644626398191,0.000000000404588831000869,12.5286593655858,Subexpresso,FALSE
LumA,twist1,-0.303505665006353,0.000371217712177123,-6.43029928418179,0.000000000157665656863085,0.000000000433137675314881,12.4565524023089,Subexpresso,FALSE
LumA,palld,0.298048901539837,-0.000357564575645757,6.22596050629467,0.000000000577817343507927,0.0000000015785065976278,11.1888215356056,Superexpresso,FALSE
LumA,mmp11,0.291217065630876,-0.0015074327886136,6.1441764274236,0.000000000961302987982635,0.00000000261153978401949,10.6924751548967,Superexpresso,FALSE
LumA,cdkn1b,0.289361900946677,0.00248265682656827,6.06497929229909,0.00000000156451872815179,0.00000000422679369097361,10.2178609744249,Superexpresso,FALSE
LumA,muc16,-0.27872930466673,0.000691196626251977,-6.04927584814411,0.00000000172172093537613,0.00000000462594251318092,10.1245825027285,Subexpresso,FALSE
LumA,msh2,-0.286099096642843,0.00155513969425409,-6.04800847557788,0.00000000173531817026946,0.00000000463699773367086,10.1169309066945,Subexpresso,FALSE
LumA,nf1,0.292238341215074,0.000254348972061148,6.03731895889546,0.00000000185209457939568,0.00000000489813597728991,10.0534975680506,Superexpresso,FALSE
LumA,col6a3,0.282604648198583,-0.00161707959936742,6.03723175630243,0.00000000185307802821806,0.00000000489813597728991,10.0529805390597,Superexpresso,FALSE
LumA,mmp10,0.289119495117425,-0.000686030574591461,5.9719968129003,0.00000000275109787029182,0.00000000723272504608978,9.66821969441856,Superexpresso,FALSE
LumA,hsd3b7,0.287263302797094,-0.00127316816025303,5.9478374725085,0.00000000318146947050742,0.00000000831945759934828,9.52675067827118,Superexpresso,FALSE
LumA,shank2,0.2828332673915,-0.000877069056404849,5.91383770501304,0.0000000038999807749963,0.0000000101440989307085,9.32859825947653,Superexpresso,FALSE
LumA,mapk12,-0.283554228079357,0.00169504480759094,-5.8641519788736,0.00000000524156700169741,0.0000000135615146234393,9.04100263157565,Subexpresso,FALSE
LumA,mmp28,0.273846583179664,-0.00159683711122826,5.86266864223677,0.00000000528785019853883,0.0000000136092565636078,9.03245271845371,Superexpresso,FALSE
LumA,raf1,-0.279189197135846,-0.000700000000000001,-5.83965328670235,0.00000000605906501824068,0.0000000155124753608361,8.90006093270876,Subexpresso,FALSE
LumA,mdc1,-0.275721962649982,0.00164343700579863,-5.8270916914468,0.00000000652508949470759,0.0000000166185873068334,8.82801511612238,Subexpresso,FALSE
LumA,dnah5,0.27382254589834,-0.00212208750658935,5.77152281968245,0.00000000904031565467498,0.0000000229052557260936,8.51110676291513,Superexpresso,FALSE
LumA,hsd17b10,-0.269210444357434,0.000939957828149711,-5.75987731418606,0.00000000967610161367851,0.0000000243897612839628,8.44506527537974,Subexpresso,FALSE
LumA,abcc1,-0.277723854122464,0.00334280442804428,-5.75664954219608,0.00000000985988622238791,0.0000000247255608346035,8.42678349231218,Subexpresso,FALSE
LumA,cyp2c8,0.277980256529748,0.000873906167633106,5.7274979473024,0.0000000116810682533801,0.0000000291430733464432,8.26212137353905,Superexpresso,FALSE
LumA,prps2,-0.269533259698265,0.00187037427517132,-5.69664415771216,0.0000000139642834257597,0.0000000346626121583579,8.08872669682189,Subexpresso,FALSE
LumA,epcam,-0.26950731180177,0.00133763837638376,-5.65985648261826,0.000000017257009446522,0.0000000426195839361074,7.88317070204307,Subexpresso,FALSE
LumA,hey2,-0.26567037398333,-0.000544491302055876,-5.5844577064614,0.0000000265284871679643,0.0000000651880915835907,7.46590622981223,Subexpresso,FALSE
LumA,psenen,0.259533510091421,0.000698523985239852,5.57857760474133,0.0000000274271030787681,0.000000067059267027588,7.43359334405196,Superexpresso,FALSE
LumA,stab2,-0.259586345096987,-0.0011575118608329,-5.55033152362203,0.0000000321723302295834,0.0000000782699974242103,7.2788333468402,Subexpresso,FALSE
LumA,serpini1,0.252859718578405,0.000374960463890352,5.45947039553985,0.0000000534832793682637,0.000000129471899064757,6.78620494201002,Superexpresso,FALSE
LumA,acvr2a,-0.260759669316642,0.00100637849235635,-5.45608212673699,0.0000000545001761884238,0.000000131283675646006,6.76796124887742,Subexpresso,FALSE
LumA,gldc,-0.263017035337658,0.00111797575118608,-5.43849619035683,0.0000000600778435690423,0.000000144010125025793,6.67357887942233,Subexpresso,FALSE
LumA,mapk9,0.25502756714685,0.000887875593041647,5.39924872686761,0.0000000745940210323977,0.000000177934030657768,6.46400877106945,Superexpresso,FALSE
LumA,nfkb1,0.252970897522055,-0.0000645756457564579,5.37056612647508,0.0000000872970853001345,0.000000207224634523135,6.31178530776645,Superexpresso,FALSE
LumA,cacna2d3,0.253957095402709,-0.00293932525039536,5.33313524438378,0.00000010705976394239,0.000000252909297429123,6.11431929327749,Superexpresso,FALSE
LumA,eif5a2,-0.249852496193959,-0.000389351607801792,-5.21614446169475,0.000000200900662912427,0.000000472309731558543,5.5058031339817,Subexpresso,FALSE
LumA,large1,0.246422910894383,-0.00171291512915129,5.21067057199983,0.000000206840690218865,0.000000483947835009689,5.47765308502748,Superexpresso,FALSE
LumA,kit,-0.224392385128801,0.000919504480759093,-5.16752188483832,0.000000259796582979772,0.000000604954900367184,5.25741943831283,Subexpresso,FALSE
LumA,pik3r2,0.239675150095361,-0.000326410121244069,5.07640176044736,0.000000419033107599215,0.00000097112412140292,4.79618192909235,Superexpresso,FALSE
LumA,fam20c,-0.231676448685906,-0.00339293621507644,-5.06920780171154,0.000000434839606409468,0.00000100300267704826,4.76043793155634,Subexpresso,FALSE
LumA,ros1,-0.244571046999493,-0.00071987348444913,-5.04495945706614,0.00000049316903287903,0.00000113220496280679,4.63910586150083,Subexpresso,FALSE
LumA,hras,-0.235201900234745,-0.00134312071692145,-5.02500587592552,0.000000546619900504046,0.00000124583471839172,4.53991779724145,Subexpresso,FALSE
LumA,spry2,-0.219706702980564,-0.000468160253031102,-5.02446854211199,0.000000547759641010675,0.00000124583471839172,4.53783513335602,Subexpresso,FALSE
LumA,jag1,0.234427807971605,-0.00351101739588824,4.99212364146227,0.000000647112512233215,0.00000146499082630575,4.37729920066774,Superexpresso,FALSE
LumA,taf1,0.242350033157994,0.000904006325777544,4.97935308393967,0.000000690760362562192,0.00000155659823637287,4.31442357549483,Superexpresso,FALSE
LumA,stat2,-0.237211180398569,-0.00148181338956247,-4.97675859129453,0.000000699968514312115,0.00000157011286008543,4.30166885125847,Subexpresso,FALSE
LumA,bmp5,-0.24138853140101,0.000747654190827622,-4.97186972323509,0.000000717642321042501,0.00000160240682643737,4.27765243961327,Subexpresso,FALSE
LumA,brca1,-0.226145307105542,0.00116578808645229,-4.9603978398233,0.000000760605292082249,0.00000169061812649191,4.22162764518165,Subexpresso,FALSE
LumA,myh9,-0.234664824124121,0.0000313653136531369,-4.92750281827702,0.000000898969649164729,0.0000019891228888758,4.06075520366387,Subexpresso,FALSE
LumA,dnah2,0.238366347076328,-0.0014702688455456,4.91416355082095,0.000000961622920446931,0.00000211816940584932,3.99591460235422,Superexpresso,FALSE
LumA,prkci,-0.232750655119355,0.00129188191881919,-4.89873249823483,0.00000103935311485732,0.0000022791196106064,3.92112030197085,Subexpresso,FALSE
LumA,sik1,-0.232411965603831,0.00135229309435952,-4.86254115145075,0.00000124612186677072,0.00000272032853951286,3.74660264565849,Subexpresso,FALSE
LumA,pdgfra,-0.219278089759521,-0.000428518713758566,-4.84868049540138,0.00000133499262444353,0.00000290138397045727,3.68033222951853,Subexpresso,FALSE
LumA,pik3ca,-0.233376104630185,0.00237738534528203,-4.83667507062639,0.00000141759621201952,0.00000306727675963516,3.62264933668746,Subexpresso,FALSE
LumA,foxo1,-0.207159691761868,-0.000643384290985763,-4.7572906245519,0.00000209635066890055,0.00000451592721186066,3.24673144470096,Subexpresso,FALSE
LumA,akr1c2,-0.219154396734276,-0.000897680548234054,-4.63022576655996,0.00000387923997128528,0.00000831994888578291,2.65650694610991,Subexpresso,FALSE
LumA,dnah11,-0.222684126127411,-0.000943911439114392,-4.61686741579441,0.00000413467349417449,0.00000882906261419794,2.59541361305431,Subexpresso,FALSE
LumA,prkcz,0.215557885028691,-0.000956352134949922,4.5847362900509,0.00000481681303431622,0.0000102409633642636,2.44917273918638,Superexpresso,FALSE
LumA,apaf1,-0.221866684072901,0.00157859778597786,-4.57608195296403,0.00000501823382251002,0.0000106230144554433,2.40995465733082,Subexpresso,FALSE
LumA,map2k2,-0.219097399027533,-0.00166752767527675,-4.57424723917016,0.00000506195990970093,0.0000106693896372576,2.4016497784086,Subexpresso,FALSE
LumA,bmpr1a,-0.217897465533209,0.00227796520822351,-4.4863277013035,0.00000764320216866332,0.0000160408835213578,2.00750663797474,Subexpresso,FALSE
LumA,bap1,0.213173562779875,-0.00268144438587243,4.40067840383174,0.0000113397369369034,0.0000236971425732724,1.63075592660191,Superexpresso,FALSE
LumA,ccnd2,-0.192123847160064,0.000199420137058512,-4.39479293837028,0.000011643641025626,0.000024228682815026,1.60546237371719,Subexpresso,FALSE
LumA,casp10,-0.207972090522756,-0.000844438587243016,-4.33144079104569,0.0000155214423777217,0.0000321609547572285,1.3314063836972,Subexpresso,FALSE
LumA,snw1,0.207005901850046,0.000367633104902479,4.31300811806701,0.0000168616155709358,0.0000347904220007916,1.25249821430484,Superexpresso,FALSE
LumA,srd5a3,-0.202239999422687,0.000572851871375858,-4.25985823076017,0.0000213717174646899,0.0000439107976480394,1.02682046746358,Subexpresso,FALSE
LumA,hsd17b12,-0.205341935138187,0.00238402741170269,-4.25607453223832,0.0000217332208384125,0.0000444667154392624,1.01085947625456,Subexpresso,FALSE
LumA,vegfb,0.204786047435488,-0.000914971006852923,4.25328430341405,0.0000220035294027729,0.0000448321911581498,0.999098223235203,Superexpresso,FALSE
LumA,tbl1xr1,0.205897155484961,0.00162583025830259,4.24835481051287,0.0000224889272895848,0.0000456310599361286,0.978338159686446,Superexpresso,FALSE
LumA,rps6ka2,0.191395173034632,-0.0000288877174486031,4.18284274504974,0.0000299862487078912,0.0000605920480089206,0.704784917243703,Superexpresso,FALSE
LumA,mapk7,-0.200431125642707,-0.000935898787559304,-4.17769955206367,0.000030670133135973,0.0000617189098909086,0.683381063227012,Subexpresso,FALSE
LumA,nrarp,0.196686277604794,0.0021719557195572,4.10913541412974,0.0000412614962689729,0.0000826920970308514,0.401804209040559,Superexpresso,FALSE
LumA,ptprm,0.191540107159112,-0.000991723774380601,4.07067549197617,0.0000486382367079849,0.0000970779500008352,0.24586517559621,Superexpresso,FALSE
LumA,ahnak2,0.196340136140293,-0.00161813389562467,4.04924458941315,0.0000532749198683765,0.000105900145592017,0.159597860557717,Superexpresso,FALSE
LumA,itgav,0.191840503125609,0.0019598840274117,3.98606937697765,0.0000695050076098727,0.000137603031260031,-0.0920971676952336,Superexpresso,FALSE
LumA,kdm6a,0.191994148083633,0.00355492883500264,3.9781273774772,0.0000718490683417558,0.000141670138786768,-0.123462969079752,Superexpresso,FALSE
LumA,bmf,-0.188371120468884,-0.000562361623616236,-3.87862936877209,0.0001083255304604,0.000212735680301748,-0.511193772125547,Subexpresso,FALSE
LumA,pms2,0.18417268113029,0.00241222983658408,3.87608250345694,0.00010945676215934,0.00021409742678367,-0.520991554373448,Superexpresso,FALSE
LumA,abcb1,-0.165331176611038,0.000891829204006327,-3.86534977141135,0.000114318670259741,0.000222716453215193,-0.562017262766315,Subexpresso,FALSE
LumA,nf2,-0.188465744456462,0.00063468634686347,-3.86385866689122,0.000115043133741398,0.000223238461902951,-0.567928330146448,Subexpresso,FALSE
LumA,smad3,0.182211337741167,-0.000168107538218239,3.831200003267,0.000131317485620979,0.00025381126667454,-0.692613403242293,Superexpresso,FALSE
LumA,cdkn1a,-0.186364678915011,-0.00122551396942541,-3.82286769555302,0.000135804481272755,0.000261450359615659,-0.724257635688071,Subexpresso,FALSE
LumA,csf1r,-0.1657147265546,-0.00278481813389563,-3.73347789920726,0.000193908243304705,0.000371847572454905,-1.05929864213106,Subexpresso,FALSE
LumA,mapk14,-0.181263109077468,0.000262414338429099,-3.71429508099032,0.000209164505848899,0.000399536888125436,-1.13038021576452,Subexpresso,FALSE
LumA,maml3,0.180309420241945,0.00063974696889826,3.70813708620084,0.000214281364306766,0.000407718237922213,-1.15306865403457,Superexpresso,FALSE
LumA,akr1c4,-0.172467182183779,-0.00066483921982077,-3.63525449171509,0.000284481601128873,0.00053919187190705,-1.41877391567913,Subexpresso,FALSE
LumA,brca2,-0.172198076010959,0.000181918819188193,-3.53124397112772,0.000422653832830034,0.000797983491327747,-1.78894077218131,Subexpresso,FALSE
LumA,pde4dip,-0.164058885458885,-0.000512598840274116,-3.49966299577659,0.000475694085813542,0.000894670799857008,-1.89923457046161,Subexpresso,FALSE
LumA,rassf1,-0.162642649992062,-0.000412335266209806,-3.34492137904043,0.000837745685418177,0.00156956950256509,-2.42549675030629,Subexpresso,FALSE
LumA,hsd17b11,-0.148439283981309,0.000499420137058514,-3.28069673300502,0.00105261735205448,0.00196461788226962,-2.63695285933585,Subexpresso,FALSE
LumA,rb1,0.154141736733793,0.00199636267791249,3.26332613117774,0.00111904871461663,0.00208066472033282,-2.69351601404415,Superexpresso,FALSE
LumA,stmn2,0.156593712510159,-0.00139167105956774,3.25108173182433,0.00116811987891615,0.0021636765939015,-2.73317046330837,Superexpresso,FALSE
LumA,tert,-0.158692420693073,0.000994570374275171,-3.24256489465693,0.00120341764412344,0.00222064614330702,-2.7606658983435,Subexpresso,FALSE
LumA,palb2,0.155177152838997,0.00280964681075382,3.23431670052685,0.00123853951716811,0.00227686399960604,-2.7872260034704,Superexpresso,FALSE
LumA,lamb3,-0.142480987287755,-0.000418028465998946,-3.23131037773034,0.00125141220597152,0.00229191224239728,-2.79680163018625,Subexpresso,FALSE
LumA,hsd17b3,0.156998898163277,-0.00299694254085398,3.23012194885021,0.00125676245474506,0.00229312253869527,-2.80070788311678,Superexpresso,FALSE
LumA,rasgef1b,-0.155699088518658,0.000483605693199789,-3.2038774877708,0.00137651371106987,0.00250228700636864,-2.88466403452978,Subexpresso,FALSE
LumA,itch,0.155661391312034,0.000795202952029521,3.18917117133165,0.0014481371200441,0.00262273722852431,-2.93141313128022,Superexpresso,FALSE
LumA,jag2,-0.151360111479575,-0.00131560358460728,-3.17325403155044,0.00152952011978872,0.00275990899843794,-2.98177124234097,Subexpresso,FALSE
LumA,slc29a1,0.149394504833405,0.000888402741170268,3.09135042916822,0.00201902361914976,0.00362978878589792,-3.23694885327704,Superexpresso,FALSE
LumA,pdgfb,-0.147193619970483,-0.001431418028466,-3.07708047119781,0.00211776253610552,0.00379335487236483,-3.28073191447684,Subexpresso,FALSE
LumA,gh1,-0.148571816713274,0.000215972588297312,-3.03555387369432,0.00243085169570336,0.00433827182189396,-3.40700163554893,Subexpresso,FALSE
LumA,cyp11a1,-0.138344743941958,-0.00189773326304692,-3.01001158149306,0.00264386312744232,0.00470126934297926,-3.48380812818451,Subexpresso,FALSE
LumA,tubb4b,-0.139851202412332,-0.00226837111228255,-3.00209994471852,0.00271331052651398,0.00480727843284542,-3.50748807058887,Subexpresso,FALSE
LumA,tubb1,-0.144682510460588,-0.00253510806536637,-2.99615570341217,0.00276653227550386,0.00488387827697252,-3.52522744680457,Subexpresso,FALSE
LumA,rfng,0.144443325182132,0.000346441750131788,2.99437487495158,0.00278266169012989,0.00489468189378962,-3.53053518094227,Superexpresso,FALSE
LumA,gps2,0.14579313211899,-0.00188845545598313,2.97413124610388,0.00297215187940297,0.005209255444545,-3.5906511068041,Superexpresso,FALSE
LumA,jak2,-0.135554257271011,0.00145872430152873,-2.96047082733982,0.00310649514557796,0.00542527187924151,-3.63096753079767,Subexpresso,FALSE
LumA,cyp3a5,-0.143279420262335,-0.000755824986821299,-2.95684196321329,0.0031432373606346,0.00546990416138904,-3.64167361743557,Subexpresso,FALSE
LumA,ugt2b15,0.143802909325322,0.00202967843964154,2.95571404433682,0.00315470487810625,0.00547039250139702,-3.64499197692323,Superexpresso,FALSE
LumA,smad4,0.13031358574926,0.00131855561412757,2.83755752245066,0.00459019822649463,0.00791811948731316,-3.98564300451458,Superexpresso,FALSE
LumA,peg3,-0.1374733161054,0.000453452820242487,-2.83697304164787,0.00459866244252953,0.00791811948731316,-3.9873052201999,Subexpresso,FALSE
LumA,mapk8,0.137928685104497,0.0000473379019504473,2.81933576286782,0.00485809490020031,0.00833546809192264,-4.0369633057377,Superexpresso,FALSE
LumA,dtx1,-0.134983422740714,-0.00339325250395361,-2.81672008236072,0.00489767830007224,0.00837400240816546,-4.04430163578257,Subexpresso,FALSE
LumA,mmp14,-0.136498733727054,0.000311544544016869,-2.80445681051135,0.00508718086860252,0.00866770538239245,-4.07861628919734,Subexpresso,FALSE
LumA,rptor,-0.132795992627442,-0.00131507643647865,-2.74876644450898,0.00603392284957528,0.0102439336801836,-4.2325773070462,Subexpresso,FALSE
LumA,opcml,0.131001567229666,0.0014475487612019,2.74659563746764,0.0060738522772721,0.0102439336801836,-4.23851662670456,Superexpresso,FALSE
LumA,psen1,0.132601666268732,-0.00106910911966263,2.74652614180254,0.00607513449336043,0.0102439336801836,-4.23870668962417,Superexpresso,FALSE
LumA,cyp3a7,-0.13402848858496,-0.000611860832894043,-2.73987357662185,0.00619901183585967,0.0104168961777848,-4.25687861293756,Subexpresso,FALSE
LumA,magea8,-0.131702161592675,0.000565840801265155,-2.68486392497837,0.00731380355896637,0.0122481162340224,-4.40546429833988,Subexpresso,FALSE
LumA,jak1,0.124983036051245,0.000967316816025303,2.65306990037929,0.00803728973758831,0.013413770244644,-4.48997797946734,Superexpresso,FALSE
LumA,sbno1,-0.125783124298181,0.00365993674222457,-2.63173966076162,0.0085579617447593,0.0142301004533783,-4.5461167576738,Subexpresso,FALSE
LumA,rps6kb1,-0.12299027332046,0.00115672113863996,-2.63067908053555,0.00858462092790718,0.0142301004533783,-4.5488963377393,Subexpresso,FALSE
LumA,casp7,0.127969357834936,0.000251133368476542,2.62811121782774,0.00864947574257198,0.0142891676963436,-4.55562161061276,Superexpresso,FALSE
LumA,braf,-0.122829503000943,0.00126557722720084,-2.6185162823638,0.00889570425834029,0.0146464625667623,-4.58069316309435,Subexpresso,FALSE
LumA,rad51c,-0.11772276215007,0.000779810226673698,-2.53477164859927,0.0113251466622428,0.0185838816034789,-4.79564975442951,Subexpresso,FALSE
LumA,wwox,0.123151147700076,-0.00144554559831313,2.53274319490301,0.011390680907853,0.0186289062339135,-4.80077029416354,Superexpresso,FALSE
LumA,ptk2,-0.119223179137221,0.00087011070110701,-2.5069327014429,0.0122544518241268,0.0199747564733266,-4.8655694307225,Subexpresso,FALSE
LumA,cdkn2b,0.121366553963367,0.000840221402214023,2.49828804933115,0.0125564701193009,0.0203990494629174,-4.88712498550691,Superexpresso,FALSE
LumA,setdb1,0.11897463028192,-0.000955350553505537,2.48097238475711,0.0131813285114444,0.0213432769605838,-4.9300792224917,Superexpresso,FALSE
LumA,pdgfa,-0.115161722251421,-0.00159936742224565,-2.40574980083744,0.0162264919433093,0.0261873087797962,-5.113232800577,Subexpresso,FALSE
LumA,bmp15,-0.11700814704221,-0.00082182393252504,-2.38972562010037,0.0169499312844417,0.027264856572671,-5.15152440322683,Subexpresso,FALSE
LumA,ldlrap1,0.11200200897025,-0.0010248286768582,2.36998377973269,0.0178800432276355,0.02860499178423,-5.19834985732335,Superexpresso,FALSE
LumA,ppp2cb,0.115233352048105,0.00114554559831313,2.36956899218264,0.0179000562085365,0.02860499178423,-5.19932954364396,Superexpresso,FALSE
LumA,dph1,0.115441734387298,-0.000105376910911969,2.35570813828205,0.0185802156121341,0.0295951968545068,-5.23196940478412,Superexpresso,FALSE
LumA,akt2,0.108475444379844,-0.000782076963626779,2.23806284241425,0.0253228945313744,0.0402042059280587,-5.50133268512687,Superexpresso,FALSE
LumA,pbrm1,0.108846362963909,0.00176989984185556,2.2252600075219,0.0261711394152947,0.0413247579411724,-5.52981803226781,Superexpresso,FALSE
LumA,prr16,0.107694733044063,0.0000431734317343175,2.22486496035539,0.0261976993083097,0.0413247579411724,-5.53069439600116,Superexpresso,FALSE
LumA,bcas3,0.105245318695429,0.000837585661570902,2.21191981552816,0.027081022819575,0.0425807722147016,-5.55932593641984,Superexpresso,FALSE
LumA,hsd17b6,0.105891050800159,-0.0000945703742751726,2.18761674336484,0.0288089980382655,0.0450657328006578,-5.61262931800572,Superexpresso,FALSE
LumA,tgfbr2,-0.0946102019259406,-0.0000255666842382718,-2.18710080503426,0.0288457553509323,0.0450657328006578,-5.61374115056742,Subexpresso,FALSE
LumA,pik3r3,0.104427635820473,-0.00211175540326832,2.17975318058856,0.0293880798341619,0.0457667867481056,-5.62975077773883,Superexpresso,FALSE
LumA,ctcf,-0.106112685169532,0.00166905640484976,-2.17223974693579,0.0299507114041895,0.0464949138941228,-5.64605256085796,Subexpresso,FALSE
LumA,hes2,-0.104765901891159,0.000095835529783869,-2.16885509632645,0.0302071776682028,0.0467446515182,-5.65337788011173,Subexpresso,FALSE
LumA,igf1,0.0986980625596394,-0.000701897733263046,2.14157031218065,0.0323444698740693,0.0497703422892877,-5.71201436864332,Superexpresso,FALSE
LumA,myo1a,-0.104748629748422,0.000912335266209806,-2.14130355931228,0.0323659894641994,0.0497703422892877,-5.71258398718962,Subexpresso,FALSE
LumA,hsd17b13,-0.102475385921252,-0.00110079072219294,-2.10832899670834,0.035122400774673,0.0538396676451884,-5.78245305712244,Subexpresso,FALSE
LumA,kras,-0.10114487588108,0.00315292567211386,-2.10056321012907,0.0357999819084369,0.0547068473538301,-5.79875074128989,Subexpresso,FALSE
LumA,mmp19,-0.100473537720748,0.00236215076436479,-2.07526889794419,0.0380848307318409,0.0579523722018413,-5.85141949446757,Subexpresso,FALSE
LumA,lipi,-0.101922019855446,-0.000106167633104902,-2.07444960338136,0.0381608667668567,0.0579523722018413,-5.85311483625326,Subexpresso,FALSE
LumA,rad51d,-0.0994505288721376,0.000113705851344226,-2.04922189917038,0.0405661963479556,0.0612708017688592,-5.90499144818449,Subexpresso,FALSE
LumA,hsd3b2,-0.100546849943942,0.00131576172904586,-2.04891118964286,0.0405966048529864,0.0612708017688592,-5.90562643027313,Subexpresso,FALSE
LumA,aff2,-0.0996788549397764,0.00114338429098577,-2.0471889087681,0.0407655118353372,0.0613364162691689,-5.909144433705,Subexpresso,FALSE
LumA,cdkn2c,-0.0941169473248724,-0.00141228255139694,-2.0432030179366,0.0411585973693257,0.0617378960539886,-5.91727397626382,Subexpresso,FALSE
LumA,mmp3,-0.0973939674339397,-0.000170005271481287,-2.04146822799615,0.0413308327519458,0.0618066581519923,-5.92080858960872,Subexpresso,FALSE
LumA,hdac9,-0.0986556394981196,-0.00259583552978387,-2.02019356034212,0.0434918580656351,0.0647371532889778,-5.96390121513673,Subexpresso,FALSE
LumA,smad7,0.0968496872666354,0.000640959409594098,2.01958298637537,0.0435552626422775,0.0647371532889778,-5.96513131778484,Superexpresso,FALSE
LumA,izumo1r,-0.0985109646985415,0.00164217185028993,-2.0071132918033,0.044867360164386,0.066485270061772,-5.99017256386559,Subexpresso,FALSE
LumA,asxl1,-0.0967641921116159,-0.000919820769636268,-1.99370137020635,0.0463156814646558,0.0684240732211985,-6.01693351654245,Subexpresso,FALSE
LumA,rictor,0.0952461705191944,0.0018566684238271,1.94948732009716,0.0513720948183927,0.0755122954052383,-6.10388838104443,Superexpresso,FALSE
LumA,rps6,0.0934804228797957,0.000451713231418029,1.949065452719,0.0514224833741193,0.0755122954052383,-6.10470870204223,Superexpresso,FALSE
LumA,hsd17b1,0.094551329433117,-0.00263410648392198,1.9477714320354,0.0515773017196549,0.0755128758709918,-6.10722382147746,Superexpresso,FALSE
LumA,cir1,0.0944574863019566,0.000177965208223511,1.937897738528,0.0527715029934438,0.0770306416829672,-6.12635999853337,Superexpresso,FALSE
LumA,adgra2,0.0847922081940929,-0.0026934106483922,1.93531880889749,0.0530860624306949,0.077259180144672,-6.13133566387708,Superexpresso,FALSE
LumA,smarcd1,0.093959872804426,-0.000465946230890883,1.92860589501784,0.0539163674710474,0.0782347290603625,-6.14427999058042,Superexpresso,FALSE
LumA,hist1h2bc,0.0927217790552048,0.00130311017395888,1.92546493486105,0.0543080325864194,0.0785699051324233,-6.15031815112684,Superexpresso,FALSE
LumA,mmp25,-0.0930849338026127,0.00104986821296784,-1.90710537823605,0.0566452041712035,0.0817094538044793,-6.18541624251132,Subexpresso,FALSE
LumA,mmp2,0.0881236929729052,-0.000575645756457564,1.894939335369,0.0582396286552489,0.0837622894482845,-6.208489555919,Superexpresso,FALSE
LumA,ctbp1,0.0925656637593214,-0.00268007380073801,1.89042842529702,0.0588402120418008,0.0843778993795911,-6.21700725491643,Superexpresso,FALSE
LumA,cdh1,-0.0893550073360525,0.000776489193463362,-1.8735006923439,0.0611400404837965,0.0874195315689371,-6.24879053708624,Subexpresso,FALSE
LumA,ugt2b17,0.0914709973073681,0.000271481286241435,1.86132556229838,0.0628398360231396,0.089587987799753,-6.27147424070934,Superexpresso,FALSE
LumA,notch2,0.0886827942917258,0.00296225619399051,1.83814538262148,0.0661841626284477,0.0940815567596248,-6.3142541762692,Superexpresso,FALSE
LumA,fn1,-0.0891318543654571,-0.000311386399578283,-1.83419824337903,0.0667680043012576,0.0946363887052607,-6.32148553613346,Subexpresso,FALSE
LumA,smad5,0.0891277543006018,-0.000584290985767,1.83149769057501,0.0671698969902585,0.0949308659775618,-6.32642415923597,Superexpresso,FALSE
LumA,mmp17,0.0892360075459654,-0.00187480231945177,1.81686067545659,0.069382965571087,0.0977759947096874,-6.35306533698857,Superexpresso,FALSE
LumA,zfyve9,-0.0882885562675304,0.0000653136531365327,-1.79918880441302,0.0721343795533811,0.101361240234492,-6.38494638594666,Subexpresso,FALSE
LumA,zfp36l1,0.0853264985029048,0.0000929362150764346,1.76599871146426,0.0775434111824757,0.108649650625303,-6.44398357251353,Superexpresso,FALSE
LumA,inhba,-0.0855287779331927,0.00161375856615709,-1.74408232940478,0.0812931320953976,0.113578118841856,-6.48236678169049,Subexpresso,FALSE
LumA,acvr1c,-0.0835750534758269,-0.00238350026357406,-1.71310216633938,0.0868434477100232,0.12072404767133,-6.53580855077343,Subexpresso,FALSE
LumA,thada,-0.0822823114689556,-0.00116389035318925,-1.71272350738925,0.0869131350793869,0.12072404767133,-6.53645584155386,Subexpresso,FALSE
LumA,shbg,-0.0835185617243728,0.00152688455455983,-1.71144672647186,0.087148443411001,0.12072404767133,-6.53863735683832,Subexpresso,FALSE
LumA,ptprd,0.0829651266308845,0.000121613073273589,1.7065570997545,0.0880543548052224,0.121634405366536,-6.5469767987913,Superexpresso,FALSE
LumA,clk3,-0.0820681933389853,-0.000661096468107539,-1.67179043945077,0.0947167535434505,0.130468992909147,-6.60558658072934,Subexpresso,FALSE
LumA,erbb2,-0.0708319843187665,0.00156700052714813,-1.65982089147658,0.0971006541330605,0.133377022109738,-6.62548440234486,Subexpresso,FALSE
LumA,nrg3,-0.0812424415937151,0.000247021613073273,-1.65608504602825,0.0978561244818373,0.134038220928903,-6.63166831646352,Subexpresso,FALSE
LumA,csf1,0.0792527218702118,-0.000404059040590405,1.63551894908341,0.10209230167346,0.13945009921319,-6.66545088289002,Superexpresso,FALSE
LumA,e2f1,-0.0791679742523698,-0.00014412229836584,-1.61728659478781,0.105968757030971,0.144341844535222,-6.69504785954216,Subexpresso,FALSE
LumA,ep300,0.0770969635570294,0.00121692145492883,1.57715490635186,0.114912647123836,0.156089679009878,-6.75902849217835,Superexpresso,FALSE
LumA,kdm3a,-0.0754731154865859,0.00160643120716921,-1.5516647861945,0.120895280933735,0.163544651024068,-6.79883374480724,Subexpresso,FALSE
LumA,map3k10,-0.0759706977257328,-0.00109583552978387,-1.55063187218532,0.121142757125455,0.163544651024068,-6.80043309717624,Subexpresso,FALSE
LumA,nr1i2,-0.0755856414165348,-0.00249335793357934,-1.54954199280524,0.121404311496394,0.163544651024068,-6.80211950202563,Subexpresso,FALSE
LumA,kdr,-0.0750943470745447,0.00148365840801265,-1.53994210738193,0.123727269728063,0.166216029936876,-6.81692260752813,Subexpresso,FALSE
LumA,slco1b3,-0.0744335186125957,-0.00081180811808118,-1.52549546024559,0.127288291197947,0.170531436700811,-6.83902646723714,Subexpresso,FALSE
LumA,kmt2c,-0.0730512181841811,0.00008539799683711,-1.5235496077588,0.127773971158302,0.170714404088551,-6.84198780264121,Subexpresso,FALSE
LumA,akt3,-0.0743544878728617,-0.00439135477069056,-1.52206333390941,0.128145912023527,0.170744825557233,-6.8442471785005,Subexpresso,FALSE
LumA,rbpjl,-0.0738414902083544,0.00129235635213495,-1.50503070688792,0.13246870725833,0.17602499415577,-6.86998242722076,Subexpresso,FALSE
LumA,sf3b1,0.0726131070547433,0.00241649973642594,1.49429002252881,0.135252208499286,0.17897419868817,-6.8860623689045,Superexpresso,FALSE
LumA,mmp16,0.0731916537171941,-0.0014904586188719,1.49364747631973,0.135420150336652,0.17897419868817,-6.88702068561403,Superexpresso,FALSE
LumA,hsd3b1,-0.072724119870492,0.000124512387981023,-1.47952106615843,0.139153230063275,0.183412208897416,-6.90798540885378,Subexpresso,FALSE
LumA,bche,0.0719285163045206,0.000508803373748023,1.46976406160231,0.141777593519623,0.186248977997396,-6.92234951098107,Superexpresso,FALSE
LumA,prkacg,-0.0718728304295681,0.000257828149710069,-1.46869582065604,0.142067216345662,0.186248977997396,-6.92391639751965,Subexpresso,FALSE
LumA,itgb3,0.0717014243821897,0.00129077490774908,1.46525189665096,0.143004033856131,0.186975862448257,-6.92896017457867,Superexpresso,FALSE
LumA,maml1,0.0715756605416435,-0.00121660516605166,1.46341848836448,0.14350468948202,0.187130115084554,-6.93164046133477,Superexpresso,FALSE
LumA,rps6ka1,-0.0681042979441457,-0.00171845018450185,-1.4286227949275,0.153263510548952,0.199324086857547,-6.98187387321796,Subexpresso,FALSE
LumA,hdac1,0.0695555783238072,0.00078845545598313,1.42680561075052,0.15378670694271,0.199474004495982,-6.98446413712316,Superexpresso,FALSE
LumA,cyp3a43,-0.0666600409827916,-0.0016244069583553,-1.35614126951373,0.175202093433058,0.226650327218956,-7.08263897550237,Subexpresso,FALSE
LumA,srd5a2,-0.061947681160634,-0.00413463363205061,-1.27421520689431,0.202730153727103,0.261570040033122,-7.19022971448596,Subexpresso,FALSE
LumA,arrdc1,-0.0577289810146245,0.000835424354243542,-1.26672374078516,0.205396044627394,0.264312278481041,-7.19973437245,Subexpresso,FALSE
LumA,agmo,-0.0611852613579086,-0.000210964681075381,-1.24463804801675,0.213405689247562,0.273898640530335,-7.22742842975393,Subexpresso,FALSE
LumA,stk11,0.0605447497542398,-0.00352783342119136,1.2412309709455,0.214661039893088,0.274788608658953,-7.23165742818528,Superexpresso,FALSE
LumA,cxcr2,-0.0607242265880591,0.00129947285187138,-1.23673365348774,0.216326238988467,0.276197208525745,-7.23722195230175,Subexpresso,FALSE
LumA,dll4,-0.0602782913620059,0.000306167633104902,-1.22897927512877,0.219219230836024,0.279161989267749,-7.24676906517895,Subexpresso,FALSE
LumA,ryr2,-0.0587871108421102,-0.00159620453347391,-1.20663424723555,0.227710874513789,0.288756362191839,-7.2739446907982,Subexpresso,FALSE
LumA,syne1,-0.0579662672222779,-0.00220595677385345,-1.2060539855399,0.227934469951022,0.288756362191839,-7.27464376172171,Subexpresso,FALSE
LumA,tgfbr1,-0.0575429893066315,-0.00200875065893516,-1.18765010535641,0.235107512989748,0.29707383424286,-7.29664163815403,Subexpresso,FALSE
LumA,setd1a,0.0568021282672901,-0.000964470216130734,1.17396667334912,0.240543388302188,0.303159064123119,-7.31277828802117,Superexpresso,FALSE
LumA,bbc3,0.0573090512671336,-0.00036151818661044,1.17118932406276,0.241657449040331,0.303780186582832,-7.31603077243029,Superexpresso,FALSE
LumA,utrn,0.0560412758181921,0.000909330521876647,1.15167127583794,0.249589144713721,0.31294638914105,-7.33867085258657,Superexpresso,FALSE
LumA,ackr3,0.0547129943664942,-0.000173537163943068,1.14833040112546,0.250964843183971,0.313866517434684,-7.3425080339896,Superexpresso,FALSE
LumA,ran,-0.0536106800375758,0.00129478123352662,-1.13507920686844,0.256473513514228,0.319937622725657,-7.35761811576809,Subexpresso,FALSE
LumA,ugt2b7,0.053362534510046,0.00195940959409594,1.12044754224541,0.262653038519535,0.326812559379269,-7.37409884133357,Superexpresso,FALSE
LumA,map3k4,0.0535384193396772,-0.00202329994728519,1.11055691074758,0.266888070048393,0.331239254450924,-7.38511841631546,Superexpresso,FALSE
LumA,lifr,0.0525042996444288,0.00106136004217185,1.10476773758696,0.26938860646949,0.333496274844508,-7.39152310414373,Superexpresso,FALSE
LumA,arid1b,-0.0533432706415454,-0.00110927780706378,-1.08758050987155,0.276906923078076,0.341938094407018,-7.41034072522166,Subexpresso,FALSE
LumA,cxcr1,-0.052871953649112,-0.00340300474433316,-1.08592274638414,0.27763958273736,0.341979234152567,-7.41214016179619,Subexpresso,FALSE
LumA,fanca,-0.0529340045350164,-0.000121244069583552,-1.07919472036098,0.280626632382083,0.344790008127735,-7.41941502298976,Subexpresso,FALSE
LumA,tgfb1,-0.0519995638451303,0.000892988929889299,-1.05821103698749,0.290082679811307,0.355514863227392,-7.44181412044318,Subexpresso,FALSE
LumA,dll1,0.0488254286374946,-0.00073120716921455,1.03855354838161,0.299133683236035,0.365690927756053,-7.46239901073398,Superexpresso,FALSE
LumA,cyp3a4,-0.0503986177259168,0.000708012651555089,-1.03118893148724,0.302572666073784,0.368972652643592,-7.47001179020625,Subexpresso,FALSE
LumA,eif4e,-0.0493944829770131,0.0020454401686874,-1.02878009429066,0.303703186108449,0.369429995042367,-7.47249005116594,Subexpresso,FALSE
LumA,tp53,0.0498880335311576,0.000108381655245125,1.02149181672934,0.30714081854306,0.372684516792944,-7.47995311833946,Superexpresso,FALSE
LumA,hes4,-0.0486880533523476,0.0000697944122298378,-1.01856670560509,0.308527717124014,0.373440726914958,-7.48293347455804,Subexpresso,FALSE
LumA,smad2,-0.0499372292968213,0.000572377438060095,-1.01493271408036,0.310256485077506,0.374605978278767,-7.48662420684431,Subexpresso,FALSE
LumA,mecom,-0.0475190896477557,-0.00169051133368476,-0.999315613713905,0.317758595053477,0.382719096012685,-7.50233514325512,Subexpresso,FALSE
LumA,akt1s1,-0.0466345286792584,-0.000855192409066947,-0.980383930337954,0.327011176099561,0.392895491677359,-7.52105421924906,Subexpresso,FALSE
LumA,akt1,0.04400166244029,0.000387822878228783,0.951887639728974,0.341265011825305,0.409016153878858,-7.54855614555378,Superexpresso,FALSE
LumA,mmp26,0.046580661763219,0.000684132841328412,0.947712319529164,0.343386520583184,0.409694578113081,-7.55251762223519,Superexpresso,FALSE
LumA,star,-0.0463799767968307,-0.00333879810226674,-0.947476280500511,0.343506701485405,0.409694578113081,-7.5527410562802,Subexpresso,FALSE
LumA,casp8,-0.0436608360762627,0.00094190827622562,-0.902217999156002,0.367046016025273,0.43670438403007,-7.59455488515534,Subexpresso,FALSE
LumA,mmp27,0.0435297918957137,-0.000661570901423298,0.89842820326915,0.369061768811811,0.43803690521596,-7.59796348199948,Superexpresso,FALSE
LumA,nr3c1,-0.0412652040403056,0.00211344227727992,-0.894390330483487,0.371216950428779,0.439528059950782,-7.60157952322446,Subexpresso,FALSE
LumA,smarcc1,-0.0422321246234808,0.00161897733263047,-0.876439849923603,0.380892632801971,0.449894921353052,-7.61745721528883,Subexpresso,FALSE
LumA,spen,0.0418357257221,0.000110753821823932,0.872274309561532,0.383159887146111,0.451482373046864,-7.62109578980944,Superexpresso,FALSE
LumA,cyp19a1,0.0409554770227218,-0.00207480231945177,0.839505101207808,0.401282846234377,0.471700268770698,-7.64911536201972,Superexpresso,FALSE
LumA,gpr32,-0.0408847769374284,-0.00137453874538745,-0.832338163746991,0.405314083864849,0.475296371726406,-7.65510063650452,Subexpresso,FALSE
LumA,mmp23b,-0.0380781464777598,-0.000454454401686873,-0.776322768372374,0.437647103043387,0.511984290402431,-7.70011359239102,Subexpresso,FALSE
LumA,men1,0.0364954261398422,-0.00000943595150237092,0.751885836749312,0.452205175244035,0.527752579222752,-7.71876915300814,Superexpresso,FALSE
LumA,prkd1,-0.0348243793736566,-0.000488191881918821,-0.745891536857073,0.455817608836692,0.530701930288434,-7.72325422671457,Subexpresso,FALSE
LumA,fgfr1,-0.0360914666552614,0.000138850817079599,-0.740012602014963,0.459376245357398,0.533574783799923,-7.72761813033874,Subexpresso,FALSE
LumA,akr1c3,0.0345218615840472,0.000444965735371642,0.728268879562957,0.466531362001658,0.539374961078674,-7.73623210397837,Superexpresso,FALSE
LumA,rdh5,0.0337665191881739,-0.00391913547706906,0.728196000756093,0.466575886577258,0.539374961078674,-7.73628521109545,Superexpresso,FALSE
LumA,stat5a,-0.0337559298862705,-0.00190131787032156,-0.722268382930082,0.470211052084989,0.542295293560282,-7.74058028131424,Subexpresso,FALSE
LumA,prkg1,-0.0352304438100804,-0.00356441750131787,-0.720436135051014,0.47133783196941,0.542315764313038,-7.74190082864716,Subexpresso,FALSE
LumA,mmp21,-0.0347561896495492,0.00136541908276226,-0.706997589445841,0.47964753424866,0.55058132452487,-7.7514838590624,Subexpresso,FALSE
LumA,erbb4,-0.0338949912485694,-0.000410542962572483,-0.695222447979293,0.486993920126394,0.557704981128353,-7.75973246758983,Subexpresso,FALSE
LumA,notch3,-0.0327950702102573,-0.00155313653136532,-0.690610089618234,0.489888014291748,0.559708502309964,-7.7629257298718,Subexpresso,FALSE
LumA,arid5b,-0.0305647076528443,0.00152409066947812,-0.664205454412581,0.506632712051653,0.576661793114776,-7.78079749414177,Subexpresso,FALSE
LumA,ctnna3,-0.0326288068645791,-0.00090980495519241,-0.663498801279035,0.507085012350417,0.576661793114776,-7.78126614090987,Subexpresso,FALSE
LumA,acvr1,0.0319070826019177,0.00133352662098049,0.660490242671704,0.509012751293266,0.577510986966142,-7.7832561380773,Superexpresso,FALSE
LumA,apc,0.0311847410374302,-0.00371729045861887,0.638731955559725,0.523067966625894,0.592083878889033,-7.79737894792571,Superexpresso,FALSE
LumA,asxl2,-0.0308174081153428,0.00125134422772799,-0.630955063786567,0.528139546074135,0.596443967737303,-7.80231204560526,Subexpresso,FALSE
LumA,map4,-0.0299475541412635,-0.00232904586188719,-0.620988732940269,0.534675389476991,0.602433791369236,-7.80854565318844,Subexpresso,FALSE
LumA,bmp10,0.0301493878480235,-0.00157680548234054,0.614654765744231,0.538850276116117,0.605742034530532,-7.81245577652161,Superexpresso,FALSE
LumA,spaca1,0.0299795216969882,0.00184364786505008,0.610629055785263,0.541512202562345,0.60733822718575,-7.81492012419316,Superexpresso,FALSE
LumA,atm,-0.0296853461679722,-0.000784132841328415,-0.605018302651047,0.54523313575054,0.610112135885616,-7.81832775709137,Subexpresso,FALSE
LumA,map3k13,-0.0277952299774547,0.00046178176067475,-0.581314070941409,0.561092073629511,0.626424712339796,-7.8323772278445,Subexpresso,FALSE
LumA,sptbn1,-0.027064678683594,-0.0023409594095941,-0.570231614707183,0.56858248604777,0.630682830596412,-7.83875324075859,Subexpresso,FALSE
LumA,sik2,-0.027545152389657,-0.00155519240906695,-0.570083624435165,0.568682832513235,0.630682830596412,-7.83883755315747,Subexpresso,FALSE
LumA,akr1c1,-0.0280340114121994,0.00048255139694254,-0.56994724520086,0.568775313482654,0.630682830596412,-7.83891523119407,Subexpresso,FALSE
LumA,mmp13,-0.0268887799039125,-0.00140774907749078,-0.552914225144981,0.580381834455652,0.642096644906819,-7.84847072738321,Subexpresso,FALSE
LumA,cyp11b2,-0.0268150083438311,0.0000000527148128642228,-0.546190411376339,0.58499390233213,0.645738190158943,-7.85216299274136,Subexpresso,FALSE
LumA,usp9x,-0.0260224879611994,0.00228824459673168,-0.534365560099797,0.593146012322078,0.653262162219586,-7.85854685138056,Subexpresso,FALSE
LumA,afdn,-0.0250898125703145,-0.000179704797047972,-0.522553472793111,0.601340931263808,0.660799360422477,-7.86478436239599,Subexpresso,FALSE
LumA,tg,-0.025473532632788,0.00105867158671587,-0.51831729951912,0.604292287039787,0.661405153645169,-7.86698736627467,Subexpresso,FALSE
LumA,hes7,0.025424270702895,0.00141623616236162,0.517879965896018,0.604597349037609,0.661405153645169,-7.86721377885394,Superexpresso,FALSE
LumA,numbl,-0.025204052606215,-0.00175260938323669,-0.515887671859374,0.605987947500792,0.661446665910463,-7.86824279425233,Subexpresso,FALSE
LumA,dab2,0.0223495079924006,-0.00313479177648919,0.496927864923543,0.619292277390457,0.674463081612324,-7.87783746260061,Superexpresso,FALSE
LumA,myo3a,-0.0240288035808536,0.00114765419082762,-0.493088642412282,0.622002245379198,0.675909106645395,-7.87973611344731,Subexpresso,FALSE
LumA,nr2f1,-0.0206552968764053,0.00111133368476542,-0.454313887142239,0.64965035963816,0.70438808395357,-7.8980905935163,Subexpresso,FALSE
LumA,fgf2,-0.021226713283235,-0.00401560358460727,-0.447077440519745,0.654865908329715,0.708472188436351,-7.90134952141596,Subexpresso,FALSE
LumA,inhbc,0.0205949484971093,0.00114243542435424,0.418599515495082,0.675552258943704,0.729238531177641,-7.91366713064317,Superexpresso,FALSE
LumA,aph1a,-0.0197814996589172,0.00119362150764365,-0.410028192109721,0.681827686579678,0.734391495016438,-7.91721586007571,Subexpresso,FALSE
LumA,abcb11,-0.0194177861177176,0.000993147074327887,-0.395730602145224,0.69234454821843,0.744080184788598,-7.92297205382905,Subexpresso,FALSE
LumA,birc6,-0.0191515475544564,-0.000623563521349499,-0.39230552652048,0.694872858852938,0.745159710480453,-7.92432066048335,Subexpresso,FALSE
LumA,or6a2,-0.018945576063915,0.00169715340010543,-0.385930563796971,0.699587743683725,0.748574194007312,-7.92679955944446,Subexpresso,FALSE
LumA,hey1,-0.0186991607456838,0.000899420137058514,-0.382696930040442,0.701983771956512,0.749497957394616,-7.9280414328748,Subexpresso,FALSE
LumA,tgfb2,-0.0172479264164391,-0.00180242488139167,-0.358225616091448,0.720210995965121,0.767283610080489,-7.93710090418812,Subexpresso,FALSE
LumA,agtr2,0.0168767785890376,-0.000415129151291514,0.34566878538211,0.729626761505085,0.77562497038258,-7.94151725065107,Superexpresso,FALSE
LumA,sox9,-0.0144777613017868,0.000939377965208224,-0.31347519045334,0.753951233815601,0.799744367322839,-7.95212025014545,Subexpresso,FALSE
LumA,fgf1,0.0148521587989895,0.00135851344227728,0.309618695580466,0.756882093408528,0.801115462503831,-7.95332092491858,Superexpresso,FALSE
LumA,inha,0.0145369759930842,-0.00279109119662625,0.302578269980742,0.762241669842462,0.805045737695386,-7.9554745594844,Superexpresso,FALSE
LumA,ubr5,-0.0138126262048807,0.00135271481286241,-0.288538361664367,0.772963552298963,0.814610295418519,-7.95962143216282,Subexpresso,FALSE
LumA,cyp17a1,-0.013584281552855,-0.00383025830258302,-0.277037705587218,0.781778808163553,0.822128682133285,-7.96287154504428,Subexpresso,FALSE
LumA,herc2,-0.0130472533836289,-0.00156794939377965,-0.26722356859478,0.789323643901198,0.828281677827652,-7.96554052675984,Subexpresso,FALSE
LumA,ush2a,0.0124051612890054,-0.00291254612546126,0.252451098444692,0.800717465835042,0.838438631249112,-7.96937646921107,Superexpresso,FALSE
LumA,kmt2d,-0.012178670040474,-0.00133700579862941,-0.24822109645952,0.803987959455432,0.840064342251509,-7.97043470510521,Subexpresso,FALSE
LumA,arl11,-0.0119902127021649,-0.0000923036373220864,-0.244405898398397,0.806940690554574,0.841351807422573,-7.97137383174204,Subexpresso,FALSE
LumA,smad9,-0.0116158463802126,-0.000617606747496046,-0.239366616423235,0.81084500542345,0.843623846068228,-7.97259197724843,Subexpresso,FALSE
LumA,nbn,0.0115946237465117,0.00149119662625198,0.23602006656719,0.813440442843745,0.844527338748601,-7.97338691669983,Superexpresso,FALSE
LumA,thsd7a,0.0113620367836169,-0.00246399578281497,0.233005284583203,0.815780333149839,0.845162251928541,-7.97409346569618,Superexpresso,FALSE
LumA,mtor,0.0111754302156346,0.0000563521349499213,0.229793823138602,0.818274683086357,0.845954164966657,-7.97483611808968,Superexpresso,FALSE
LumA,bmp3,-0.0105598177673096,-0.00032377438060095,-0.215485422510872,0.829410099990326,0.855657255053311,-7.9780196904793,Subexpresso,FALSE
LumA,foxo3,-0.00854171573933141,-0.00131418028465999,-0.180765516989419,0.856569321904304,0.881815575602536,-7.98489420664565,Subexpresso,FALSE
LumA,e2f6,-0.00796667624324757,0.000406642066420664,-0.162252560438124,0.871122802849863,0.894913971835258,-7.98806733908859,Subexpresso,FALSE
LumA,rad50,0.00757314062050959,-0.00114027411702688,0.154414281941264,0.877298142741393,0.899368536269478,-7.98930761873835,Superexpresso,FALSE
LumA,akap9,0.00709954948864276,0.00146636794939378,0.144936717725995,0.884774942501898,0.905135872141063,-7.99072528610816,Superexpresso,FALSE
LumA,acvr2b,-0.00666728811970978,-0.00117564575645757,-0.137566863836357,0.890596121173707,0.909188942075037,-7.99176563796662,Subexpresso,FALSE
LumA,smad6,-0.00624047591487734,-0.00192156035846073,-0.127771712067566,0.898342044930134,0.915185958272573,-7.99306433983781,Subexpresso,FALSE
LumA,mmp24,-0.00564023216052896,0.0000135477069056416,-0.114920478077555,0.908519296498881,0.923629804548758,-7.99462281230834,Subexpresso,FALSE
LumA,hsd17b14,-0.00414677299879259,0.00107754348972061,-0.0847764602755994,0.932447304103414,0.945141493240409,-7.99763077196227,Subexpresso,FALSE
LumA,mdm2,-0.00402544216297658,0.00177227200843437,-0.0833960823345301,0.93354466510249,0.945141493240409,-7.9977467706885,Subexpresso,FALSE
LumA,gdf2,-0.00340786480919044,0.00317364259356879,-0.0693411005955716,0.944724806752064,0.954484360540825,-7.99881946364917,Subexpresso,FALSE
LumA,hes5,0.00316218952849122,-0.000814232999472852,0.0646937725108693,0.948424066407645,0.956246120563585,-7.99913072256492,Superexpresso,FALSE
LumA,rbl2,-0.0012116442153302,0.00179615181866104,-0.0252762604400109,0.979837045024125,0.985885421845262,-8.0009028224039,Subexpresso,FALSE
LumA,adam10,0.000706950752267715,0.00247933579335793,0.0145643551185316,0.98838113990908,0.99244020003191,-8.00111607497657,Superexpresso,FALSE
LumA,ncoa2,-0.000120412826103811,0.00213347390616763,-0.00248876774106302,0.998014492445482,0.998883318560953,-8.00121897459551,Subexpresso,FALSE
LumA,clrn2,0.0000687682105394837,0.00100342646283606,0.00139972208807258,0.998883318560953,0.998883318560953,-8.00122109065893,Superexpresso,FALSE
LumB,gata3,1.0039597532391,-0.000376910911966263,26.8350823746247,1.54712527234726e-136,7.56544258177811e-134,301.096895784008,Superexpresso,TRUE
LumB,egfr,-1.06350950408881,0.000139377965208223,-23.6341236208678,1.24750601987168e-109,3.05015221858627e-107,239.34903200295,Subexpresso,TRUE
LumB,notch1,-0.935548940275111,-0.00146784396415393,-20.0946013244435,2.99464881431515e-82,4.88127756733369e-80,176.538343508311,Subexpresso,TRUE
LumB,plagl1,-0.924646403473276,-0.000521085925144968,-19.3208674809544,1.18597904759276e-76,1.44985938568215e-74,163.702147099134,Subexpresso,TRUE
LumB,cdk6,-0.879103358460954,0.0000848708487084863,-19.2382244063895,4.60308213750792e-76,4.50181433048275e-74,162.351706511528,Subexpresso,TRUE
LumB,lamb3,-0.94281654813229,-0.000418028465998946,-18.9352864076697,6.41140195536284e-74,5.22529259362072e-72,157.436229536861,Subexpresso,TRUE
LumB,mmp7,-0.884962338405577,0.0015913020558777,-18.8707214107922,1.82306506848444e-73,1.27354116926984e-71,156.395707194259,Subexpresso,TRUE
LumB,igf1r,0.862790627055827,-0.0000760147601476026,18.7488578976972,1.30151030544963e-72,7.95548174206086e-71,154.438635426266,Superexpresso,TRUE
LumB,npnt,0.878889910339126,-0.000692040063257776,18.4903654821447,8.16953119104146e-71,4.43877861379919e-69,150.317317608367,Superexpresso,TRUE
LumB,foxo1,-0.903181066949944,-0.000643384290985763,-18.3675899201813,5.75228475654738e-70,2.81286724595167e-68,148.374209637068,Subexpresso,TRUE
LumB,spry2,-0.895034173070226,-0.000468160253031102,-18.1263083754208,2.59319086974165e-68,1.15279121391242e-66,144.582850598728,Subexpresso,TRUE
LumB,hsd17b2,-0.882055869766166,-0.00060200316288877,-17.8307330789653,2.62078689295371e-66,1.06797065887864e-64,139.98819536203,Subexpresso,TRUE
LumB,acvrl1,-0.855450253911939,-0.00234818133895625,-17.6036656850615,8.75103282536702e-65,3.29173465508036e-63,136.496239677158,Subexpresso,TRUE
LumB,kit,-0.855071937232655,0.000919504480759093,-17.4381249630168,1.1060809637421e-63,3.86338279478491e-62,133.971387477415,Subexpresso,TRUE
LumB,ttyh1,-0.798493847695875,-0.000492830785450711,-17.4113285060372,1.66495751302501e-63,5.42776149246154e-62,133.564353912932,Subexpresso,TRUE
LumB,bmpr1b,0.852168264612789,-0.00129114391143911,17.2933526349332,1.00226023364423e-62,3.06315783907516e-61,131.777883180714,Superexpresso,TRUE
LumB,ccnd1,0.845185869276,-0.00148086452293094,17.1353637228993,1.0934157985643e-61,3.14517838528202e-60,129.399776796252,Superexpresso,TRUE
LumB,abcb1,-0.815641958001294,0.000891829204006327,-16.8871563070048,4.51668687406384e-60,1.22703326745401e-58,125.69694374063,Subexpresso,TRUE
LumB,adgra2,-0.832071651699385,-0.0026934106483922,-16.8182274001427,1.26025352521121e-59,3.24349459909623e-58,124.675910875662,Subexpresso,TRUE
LumB,bcl2,0.753147130971266,0.000537216657880864,16.7303132022697,4.64346532592182e-59,1.13532727218788e-57,123.378266663689,Superexpresso,TRUE
LumB,erbb3,0.731144393247016,0.00135687928307855,16.5482929067957,6.7974880302077e-58,1.58284364131979e-56,120.708114799577,Superexpresso,TRUE
LumB,fam20c,-0.820797491945248,-0.00339293621507644,-15.9043948892325,7.76070868767751e-54,1.72499388557923e-52,111.41427445792,Subexpresso,TRUE
LumB,ccnd2,-0.78402224987682,0.000199420137058512,-15.8821192858361,1.03399444234214e-53,2.19836209697958e-52,111.128542264468,Subexpresso,TRUE
LumB,folr1,-0.790226646370013,-0.000906694781233526,-15.8044193243455,3.11641256373266e-53,6.34969059860529e-52,110.031226367819,Subexpresso,TRUE
LumB,rad51c,0.815849555952013,0.000779810226673698,15.5564823732079,1.07806731632435e-51,2.10869967073043e-50,106.507504896397,Superexpresso,TRUE
LumB,brca1,0.794045486680127,0.00116578808645229,15.4240077135667,6.68638312811416e-51,1.25755436524916e-49,104.692474624978,Superexpresso,TRUE
LumB,rps6ka2,-0.782890131946842,-0.0000288877174486031,-15.151802404713,2.87186058564512e-49,5.20125861622395e-48,100.953716018401,Subexpresso,TRUE
LumB,mapt,0.627734632367224,0.000330680021085925,14.8590883782466,1.49485064111085e-47,2.6106498696543e-46,97.0240639933667,Superexpresso,TRUE
LumB,arid5b,-0.761817334362396,0.00152409066947812,-14.6607424411226,2.22371860953376e-46,3.74964965538623e-45,94.3408523930004,Subexpresso,TRUE
LumB,e2f4,-0.695500299711215,-0.000731365313653133,-14.447278928964,3.64604869876511e-45,5.94305937898713e-44,91.5602959416243,Subexpresso,TRUE
LumB,ccnb1,0.696673579928645,-0.000489035318924617,14.3962998398046,7.13800669822712e-45,1.12596299207518e-43,90.8926361390473,Superexpresso,TRUE
LumB,dab2,-0.725891825089605,-0.00313479177648919,-14.2928952573084,2.78151839116909e-44,4.25050779150527e-43,89.5409620806959,Subexpresso,TRUE
LumB,serpini1,0.74748695104671,0.000374960463890352,14.2921446469197,2.90314465757368e-44,4.301932538041e-43,89.4988842915951,Superexpresso,TRUE
LumB,pdgfra,-0.724686904304315,-0.000428518713758566,-14.190629574906,1.07322330705999e-43,1.54354763868333e-42,88.1993910541055,Subexpresso,TRUE
LumB,arid2,0.738692003652228,0.00103679493937797,14.1026184385235,3.41593139284006e-43,4.77254414599654e-42,87.0491607457658,Superexpresso,TRUE
LumB,hsd17b8,0.691657385339981,0.000843015287295729,14.03923179424,7.4742317592575e-43,1.01524981396581e-41,86.270636749128,Superexpresso,TRUE
LumB,klrg1,-0.658367182678289,-0.000292936215076435,-13.7129031072418,4.82296266299154e-41,6.37413173568342e-40,82.1306614165263,Subexpresso,TRUE
LumB,cdk1,0.621489497489396,0.00170500790722193,13.5763870312204,2.69150881347651e-40,3.46354686786845e-39,80.4228390264911,Superexpresso,TRUE
LumB,srd5a1,-0.642160180574054,0.00115487612018977,-13.4570798307234,1.19533370859987e-39,1.49876457309061e-38,78.9420251220631,Subexpresso,TRUE
LumB,dtx2,-0.691947056659279,-0.00198608328940433,-13.4397188394126,1.50877052263202e-39,1.84447196391765e-38,78.7110076625159,Subexpresso,TRUE
LumB,nr2f1,-0.675156696216372,0.00111133368476542,-13.1507969561328,5.30120924356962e-38,6.32266175635498e-37,75.176479900483,Subexpresso,TRUE
LumB,bmp2,-0.658346650284368,-0.000930996309963099,-13.0878608895459,1.12769474095578e-37,1.31295887696995e-36,74.4268024248776,Subexpresso,TRUE
LumB,cyp11a1,-0.667282672182726,-0.00189773326304692,-12.8569593977009,1.86372235303611e-36,2.11944239682478e-35,71.6423374904692,Subexpresso,TRUE
LumB,foxo3,-0.67426692206865,-0.00131418028465999,-12.6364548579235,2.58047934707638e-35,2.86785091072807e-34,69.0339240778721,Subexpresso,TRUE
LumB,ccnd3,-0.657069847692662,-0.000908803373748024,-12.6195162391573,3.15128051575548e-35,3.3934667698515e-34,68.8355926418338,Subexpresso,TRUE
LumB,map3k5,-0.648132386710335,0.000280917237743806,-12.6174988981945,3.19221822930816e-35,3.3934667698515e-34,68.8225885095112,Subexpresso,TRUE
LumB,chd1,0.66299301410339,0.000139694254085399,12.5748983050541,5.32868958094505e-35,5.5441046916641e-34,68.3142603154642,Superexpresso,TRUE
LumB,psenen,0.657985848767338,0.000698523985239852,12.5247629306455,9.59729727106658e-35,9.77724659489908e-34,67.7303507032801,Superexpresso,TRUE
LumB,e2f3,-0.566372926844837,0.000299261992619929,-12.4474166759202,2.31727536233451e-34,2.31254622894199e-33,66.8551903514671,Subexpresso,TRUE
LumB,cyb5a,0.594718117546511,0.000373748023194519,12.2830953229774,1.55776594289043e-33,1.52349509214684e-32,64.9645578419272,Superexpresso,TRUE
LumB,maml2,-0.622106065395366,0.000188033737480231,-12.2597964790333,2.04403231055992e-33,1.95986627424275e-32,64.6950852501441,Subexpresso,TRUE
LumB,tgfbr2,-0.598242636634369,-0.0000255666842382718,-12.2470394061177,2.35953699671036e-33,2.21887229113724e-32,64.5526149430368,Subexpresso,TRUE
LumB,nrip1,0.59912200575243,0.00261987348444913,12.2324764197365,2.78953421701935e-33,2.57374006060842e-32,64.3865284062153,Superexpresso,TRUE
LumB,met,-0.62640914406823,0.000148339483394834,-12.2102874400827,3.63703025891828e-33,3.29353295668711e-32,64.1235380835972,Subexpresso,TRUE
LumB,map2k3,-0.630267289219955,-0.00124781233526621,-12.205289095016,3.86216796928371e-33,3.43381843087225e-32,64.0640058247056,Subexpresso,TRUE
LumB,mapk1,-0.59168249050986,0.000156510279388509,-12.1597658134747,6.418450525061e-33,5.60468269063363e-32,63.5598477038049,Subexpresso,TRUE
LumB,ran,0.633410468199421,0.00129478123352662,11.8763506243692,1.61627545454655e-31,1.38659420574256e-30,60.3603554645752,Superexpresso,TRUE
LumB,mapk9,0.616049295156962,0.000887875593041647,11.5500694051527,5.97466122355042e-30,5.03725747985544e-29,56.7809652171388,Superexpresso,TRUE
LumB,lama2,-0.559009443150516,-0.00122503953610965,-11.4343954436606,2.07038786678129e-29,1.71596553704416e-28,55.5486812264272,Subexpresso,TRUE
LumB,frmd3,-0.565187961368293,0.0000823932525039538,-11.4321424929301,2.12157655561192e-29,1.72908489282372e-28,55.5244730947885,Subexpresso,TRUE
LumB,rpgr,0.587791695633686,0.000180811808118079,11.3957240473154,3.17532735689395e-29,2.54546734019859e-28,55.1249865415809,Superexpresso,TRUE
LumB,akr1c2,-0.606947190142974,-0.000897680548234054,-11.3560110625217,4.90748876615106e-29,3.87058388169011e-28,54.6936564770248,Subexpresso,TRUE
LumB,dll1,-0.600304997438868,-0.00073120716921455,-11.30778937201,8.24195651011067e-29,6.397328148324e-28,54.1798185402169,Subexpresso,TRUE
LumB,sox9,-0.588446351706833,0.000939377965208224,-11.2831811256522,1.07254075581223e-28,8.19488171237779e-28,53.918798491189,Subexpresso,TRUE
LumB,mmp3,-0.607086259339535,-0.000170005271481287,-11.2689614504343,1.2494881698838e-28,9.39999561651046e-28,53.7674823374954,Subexpresso,TRUE
LumB,rps6kb1,0.592838184121412,0.00115672113863996,11.2293907756327,1.90692960228053e-28,1.4128614780533e-27,53.3485489562104,Superexpresso,TRUE
LumB,pms2,0.598351732114407,0.00241222983658408,11.1518591854794,4.34951416296986e-28,3.17449615774964e-27,52.5315078772923,Superexpresso,TRUE
LumB,bad,0.586309311433216,-0.000105851344227728,11.1122030528522,6.61866690172496e-28,4.75960016903457e-27,52.1155445102267,Superexpresso,TRUE
LumB,abcc10,-0.56549518338625,-0.00186404849762783,-11.0583392655777,1.15881887719062e-27,8.21249899922048e-27,51.5604573213984,Subexpresso,TRUE
LumB,ar,0.513152220326648,-0.000469372693726938,11.0385113184813,1.41888641727724e-27,9.91193511497961e-27,51.3597307877803,Superexpresso,TRUE
LumB,hsd17b4,0.52349119222475,-0.000123668950975223,10.9903994363916,2.35080507957448e-27,1.61907561114355e-26,50.8595788357996,Superexpresso,TRUE
LumB,bmp6,-0.565363820104205,0.00126531365313653,-10.8529054526973,9.96781204179848e-27,6.76980567838813e-26,49.4290127897292,Subexpresso,TRUE
LumB,mapk3,0.556574159358333,0.000612809699525568,10.7410138112271,3.15172800319149e-26,2.11122601857622e-25,48.28893520056,Superexpresso,TRUE
LumB,prkd1,-0.56394016327175,-0.000488191881918821,-10.6966612440772,4.97900284426087e-26,3.29017890654536e-25,47.83621470225,Subexpresso,TRUE
LumB,stat5a,-0.558708587200994,-0.00190131787032156,-10.5866071315183,1.52607052955794e-25,9.94997985271776e-25,46.7272782785548,Subexpresso,TRUE
LumB,bcas3,0.563617789376114,0.000837585661570902,10.4899690359312,4.04627920196374e-25,2.60346122336878e-24,45.7620124692509,Superexpresso,TRUE
LumB,psen2,0.548003538865481,0.00168181338956247,10.4781700601137,4.55539537823369e-25,2.89297187007308e-24,45.6447036934984,Superexpresso,TRUE
LumB,rps6ka1,-0.560151776340016,-0.00171845018450185,-10.4057094404362,9.40800326687928e-25,5.89809435577432e-24,44.9268842155097,Subexpresso,TRUE
LumB,ccne1,-0.44070846991748,-0.000208065366367947,-10.3514873417208,1.59635251314681e-24,9.88121998644041e-24,44.4033141294257,Subexpresso,FALSE
LumB,mlst8,0.541624750626966,-0.000751027938850817,10.2743324691642,3.46449439027873e-24,2.11767219605787e-23,43.63686811255,Superexpresso,TRUE
LumB,map2,-0.49005010572814,-0.0011566684238271,-10.2716754342497,3.518569767811e-24,2.12417360056738e-23,43.6212518069414,Subexpresso,FALSE
LumB,myh9,-0.552174522768605,0.0000313653136531369,-10.2678182751094,3.69441687000302e-24,2.20313396272131e-23,43.5732887869812,Subexpresso,TRUE
LumB,csf1r,-0.513969244139787,-0.00278481813389563,-10.2544538341665,4.16984975906693e-24,2.45669461708883e-23,43.4532177887136,Subexpresso,TRUE
LumB,stab2,-0.541504902628631,-0.0011575118608329,-10.2532700517024,4.2639510255587e-24,2.48222863273596e-23,43.4314278280787,Subexpresso,TRUE
LumB,sptbn1,-0.54608611827671,-0.0023409594095941,-10.1890214224131,8.01421133940275e-24,4.61052864113876e-23,42.8071079108321,Subexpresso,TRUE
LumB,aph1b,0.464821922528542,0.00023911439114391,10.1753829903362,9.0645348180042e-24,5.15413665814425e-23,42.684984238356,Superexpresso,FALSE
LumB,mtap,-0.509946893046116,0.000935582498682131,-10.032763759637,3.63872824259594e-23,2.04521621911427e-22,41.3102669407961,Subexpresso,TRUE
LumB,notch3,-0.537085844380507,-0.00155313653136532,-10.015923121295,4.31116197415354e-23,2.39563432427396e-22,41.1427537813468,Subexpresso,TRUE
LumB,st7,0.53597833091124,0.00129567738534528,10.0091768380144,4.60096157374713e-23,2.52794405568803e-22,41.078411223878,Superexpresso,TRUE
LumB,e2f7,0.486978479604234,-0.000637374802319452,9.93229151617155,9.54032732572804e-23,5.1835778469789e-22,40.3569490908812,Superexpresso,FALSE
LumB,akr1c3,-0.530752633957749,0.000444965735371642,-9.91545449010911,1.13140432019631e-22,6.07974409424171e-22,40.1886094743918,Subexpresso,TRUE
LumB,akr1c4,-0.526181785450666,-0.00066483921982077,-9.82170949539409,2.76189294611605e-22,1.46800614201168e-21,39.3062094161018,Subexpresso,TRUE
LumB,stat2,-0.52823504668144,-0.00148181338956247,-9.81435028486259,2.96138344061166e-22,1.55711451877323e-21,39.2372619280708,Subexpresso,TRUE
LumB,hes6,0.499782275339589,0.00107337901950448,9.76887363288897,4.53233243568977e-22,2.35777719260883e-21,38.8164107290179,Superexpresso,FALSE
LumB,ctnna1,0.495833375860195,0.00212377438060095,9.74545135734524,5.63962681395299e-22,2.90292369686633e-21,38.6002746726329,Superexpresso,FALSE
LumB,cdkn2a,-0.453701692756489,0.000902055877701633,-9.68614569981905,9.82129273812056e-22,5.00272098848016e-21,38.0518928603903,Subexpresso,FALSE
LumB,mlh1,0.510538458317244,0.000213178703215604,9.66767671108944,1.17739722647831e-21,5.93553859533912e-21,37.872928773739,Superexpresso,TRUE
LumB,jag1,-0.50552486071623,-0.00351101739588824,-9.53326459365316,4.103516343967e-21,2.04757091040802e-20,36.6391365375636,Subexpresso,TRUE
LumB,mecom,-0.509506925529915,-0.00169051133368476,-9.48871876744356,6.185286837535e-21,3.05515683187335e-20,36.2337317920015,Subexpresso,TRUE
LumB,cxcl8,-0.474906669277342,0.00112208750658935,-9.28294341685231,4.0113035591737e-20,1.96152744043594e-19,34.3870367286508,Subexpresso,FALSE
LumB,snw1,0.498765172820811,0.000367633104902479,9.20272810062362,8.27195862705106e-20,4.00493838478016e-19,33.6725236229263,Superexpresso,FALSE
LumB,dtx1,-0.493736608330081,-0.00339325250395361,-9.12392077661907,1.66921040734863e-19,8.00239107052433e-19,32.9794417174778,Subexpresso,FALSE
LumB,eif4e,0.490803357793028,0.0020454401686874,9.05262553902643,3.13556432587534e-19,1.48863199548839e-18,32.357164977871,Superexpresso,FALSE
LumB,tp53bp1,0.464333449585321,-0.00110511333684765,9.03045313142327,3.80173194167293e-19,1.78754511488275e-18,32.1669513307493,Superexpresso,FALSE
LumB,folr2,-0.436261606214204,-0.00136831839746969,-8.99691016770575,5.08324068592862e-19,2.36733780516104e-18,31.8801425718353,Subexpresso,FALSE
LumB,mmp2,-0.472092668334228,-0.000575645756457564,-8.98985734975224,5.44215144918306e-19,2.51057741382124e-18,31.8130470975354,Subexpresso,FALSE
LumB,cdk2,0.458207877215322,0.00104022140221402,8.97297249116459,6.2860818230827e-19,2.87279814157705e-18,31.6706659790118,Superexpresso,FALSE
LumB,jak2,-0.462174243406031,0.00145872430152873,-8.93873959191659,8.48574521287231e-19,3.84215686027274e-18,31.3746559187833,Subexpresso,FALSE
LumB,rad51,0.444647568499961,0.0014248286768582,8.90282930697205,1.15504895142801e-18,5.1818251123697e-18,31.0703047249662,Superexpresso,FALSE
LumB,pdgfa,-0.480135813664395,-0.00159936742224565,-8.88237963671178,1.38770745526105e-18,6.16899041475141e-18,30.8894911263761,Subexpresso,FALSE
LumB,acvr2a,-0.478452214114237,0.00100637849235635,-8.86547415810756,1.6063496297127e-18,7.07662134170731e-18,30.7451587031562,Subexpresso,FALSE
LumB,map3k4,-0.482349542605117,-0.00202329994728519,-8.86053748702765,1.67638894438515e-18,7.31923387325303e-18,30.7030593872578,Subexpresso,FALSE
LumB,nfkb1,-0.469129891631312,-0.0000645756457564579,-8.81993805301908,2.37931259777793e-18,1.02963173479063e-17,30.3576570542086,Subexpresso,FALSE
LumB,ubr5,0.476536328075843,0.00135271481286241,8.81548556696828,2.47224305342287e-18,1.06046215186297e-17,30.3198667457917,Superexpresso,FALSE
LumB,spen,-0.475308111552947,0.000110753821823932,-8.77614768489692,3.46555906463288e-18,1.47361598487433e-17,29.986757148654,Subexpresso,FALSE
LumB,mmp12,-0.429923824193333,0.00015282024248814,-8.64425682740975,1.05885105676234e-17,4.46360488583434e-17,28.8852506944433,Subexpresso,FALSE
LumB,mdm2,0.469743778107991,0.00177227200843437,8.61818905886447,1.32674752463235e-17,5.54512426961727e-17,28.6631174464945,Superexpresso,FALSE
LumB,hist1h2bc,0.465750778700587,0.00130311017395888,8.56505922053455,2.07363358427854e-17,8.59327815857803e-17,28.2229342485877,Superexpresso,FALSE
LumB,map2k4,0.443679808093776,0.000395624670532419,8.4983136995477,3.61988703169739e-17,1.48749979705884e-16,27.673849197162,Superexpresso,FALSE
LumB,pdgfrb,-0.437788702052813,-0.00241507643647865,-8.48976482688741,3.87928175588641e-17,1.58080731552371e-16,27.6055760027208,Subexpresso,FALSE
LumB,ccna1,-0.435210778856557,-0.000221613073273589,-8.48368201355744,4.08049369074142e-17,1.64905902047319e-16,27.5557472109698,Subexpresso,FALSE
LumB,rdh5,-0.440544440977177,-0.00391913547706906,-8.41346017619841,7.31009827656848e-17,2.93003119446064e-16,26.9813652089036,Subexpresso,FALSE
LumB,ptprm,-0.444875482821042,-0.000991723774380601,-8.37275052373496,1.02243116559358e-16,4.06478731687202e-16,26.6508738943647,Subexpresso,FALSE
LumB,sbno1,0.451582678800028,0.00365993674222457,8.3672114701442,1.06999095418069e-16,4.2195611015674e-16,26.6060877885816,Superexpresso,FALSE
LumB,hsd17b7,0.439726974639119,0.00170548234053769,8.34720473216267,1.26067393873417e-16,4.93175644832809e-16,26.4445537047364,Superexpresso,FALSE
LumB,nfkb2,-0.434820502814055,-0.00125150237216658,-8.17837751743051,4.95956523767187e-16,1.92478365176313e-15,25.0958590926673,Subexpresso,FALSE
LumB,fbxw7,-0.432246655973345,-0.0011462836056932,-8.02323209085092,1.7073523362489e-15,6.57397868051741e-15,23.8792493769474,Subexpresso,FALSE
LumB,bcl2l1,0.410755910290227,-0.000354981549815498,8.02194276153186,1.72171945221197e-15,6.57750634477854e-15,23.8709246138708,Superexpresso,FALSE
LumB,aurka,0.356839387741606,0.0000494992092778091,8.00733458905077,1.92762080698567e-15,7.3070277102015e-15,23.7596830460907,Superexpresso,FALSE
LumB,pdpk1,0.431087818908852,0.00203010015814444,8.00621047711312,1.95279309061889e-15,7.3455063177895e-15,23.7471024431286,Superexpresso,FALSE
LumB,pik3r1,-0.410412755605032,-0.00150479704797048,-7.99325879782824,2.15848258693814e-15,8.05723652681489e-15,23.6484964735923,Subexpresso,FALSE
LumB,eif5a2,-0.432263316240021,-0.000389351607801792,-7.99166409374494,2.18986454283681e-15,8.11245273823638e-15,23.6343809387365,Subexpresso,FALSE
LumB,jag2,-0.430062223619727,-0.00131560358460728,-7.98449806461979,2.31686571516205e-15,8.51840101288903e-15,23.578921448466,Subexpresso,FALSE
LumB,sdc4,0.411398404863335,-0.000555350553505536,7.9325032855053,3.48228348382868e-15,1.27077359969569e-14,23.1781044723849,Superexpresso,FALSE
LumB,hras,0.414599721392051,-0.00134312071692145,7.844182260515,6.92262825193929e-15,2.50752978903579e-14,22.5024208290618,Superexpresso,FALSE
LumB,dnah5,0.419936460644724,-0.00212208750658935,7.83840535720049,7.23898348824514e-15,2.60284038658226e-14,22.4584857346466,Superexpresso,FALSE
LumB,mapk7,-0.423576085022163,-0.000935898787559304,-7.8185531416669,8.43856252635302e-15,3.01201246378586e-14,22.3077361635658,Subexpresso,FALSE
LumB,smad3,0.419645436885302,-0.000168107538218239,7.8138461358755,8.75053747076052e-15,3.10073392985645e-14,22.2720459372781,Superexpresso,FALSE
LumB,rfng,0.424535994189439,0.000346441750131788,7.79374392772824,1.02157478519766e-14,3.59388539540761e-14,22.1198517468261,Superexpresso,FALSE
LumB,cdkn2c,-0.403394241291048,-0.00141228255139694,-7.75525898176921,1.37212197130609e-14,4.79262602834769e-14,21.8298494612361,Subexpresso,FALSE
LumB,tulp4,0.414485853875297,0.000264259356879282,7.67539546453479,2.522907198623e-14,8.74965688033084e-14,21.2313338410763,Superexpresso,FALSE
LumB,bmp7,-0.4030311359116,0.000598207696362677,-7.63784249350652,3.35227398489317e-14,1.15440984409349e-13,20.9520830269122,Subexpresso,FALSE
LumB,tbx3,0.38663168441916,-0.00037464417501318,7.60771009814395,4.19903710489662e-14,1.43589450649961e-13,20.7307454439,Superexpresso,FALSE
LumB,opcml,0.409002165915363,0.0014475487612019,7.59393306349439,4.6662723309892e-14,1.58458831239842e-13,20.6272063373416,Superexpresso,FALSE
LumB,thada,-0.411095862978602,-0.00116389035318925,-7.57786394887665,5.26434123468726e-14,1.77535369914625e-13,20.5087570458722,Subexpresso,FALSE
LumB,sik2,-0.409930878112372,-0.00155519240906695,-7.51323446263183,8.53033499178805e-14,2.85707795272901e-13,20.0347555684776,Subexpresso,FALSE
LumB,cdkn1b,0.403322669078957,0.00248265682656827,7.48623625013201,1.04243039551184e-13,3.46767662180468e-13,19.8378852529319,Superexpresso,FALSE
LumB,adam17,-0.384986976235573,0.00256436478650501,-7.43311392925913,1.5419538502041e-13,5.09469886993112e-13,19.4535090531178,Subexpresso,FALSE
LumB,dtwd2,0.397582316912938,0.00186705324196099,7.36707254271098,2.50596243903018e-13,8.22426599117958e-13,18.976972684454,Superexpresso,FALSE
LumB,palb2,0.398406059454883,0.00280964681075382,7.35366127377701,2.76373129674477e-13,9.00976402738795e-13,18.8809016384279,Superexpresso,FALSE
LumB,fas,-0.378363957067701,-0.0000353716394306821,-7.30245161366246,4.00784125233602e-13,1.2979035578757e-12,18.5162247941202,Subexpresso,FALSE
LumB,rab25,0.361441987807883,0.00161918819188192,7.28611457756192,4.50130249183565e-13,1.44811639375502e-12,18.4022081161441,Superexpresso,FALSE
LumB,ncoa2,0.397016710223929,0.00213347390616763,7.26680201790361,5.19004277023983e-13,1.65877837558646e-12,18.2627134585551,Superexpresso,FALSE
LumB,pde4dip,-0.384568366608587,-0.000512598840274116,-7.26478805528148,5.26600405565972e-13,1.67212726182961e-12,18.2484625986822,Subexpresso,FALSE
LumB,muc16,-0.37676164430106,0.000691196626251977,-7.24119701000082,6.23962858854909e-13,1.96850218051645e-12,18.0820668633956,Subexpresso,FALSE
LumB,twist1,-0.376273820805197,0.000371217712177123,-7.05978232620568,2.26687771600561e-12,7.10578976363297e-12,16.8175004123752,Subexpresso,FALSE
LumB,acvr1,-0.382039123091661,0.00133352662098049,-7.00341837702974,3.36363448450753e-12,1.04765430759502e-11,16.4309122286923,Subexpresso,FALSE
LumB,hsd17b10,0.369034090319368,0.000939957828149711,6.99215001387256,3.63848365812097e-12,1.12608766381086e-11,16.3539793673153,Superexpresso,FALSE
LumB,diras3,-0.367902243264019,0.000892461781760675,-6.87881470970276,7.96540653906371e-12,2.44973823748563e-11,15.5867769173146,Subexpresso,FALSE
LumB,smad1,0.370413162646589,0.000501739588824459,6.87373448793088,8.24787013582261e-12,2.52075531026079e-11,15.5526676353276,Superexpresso,FALSE
LumB,rb1,0.364477741257476,0.00199636267791249,6.83335784177318,1.08707200757957e-11,3.30172802302117e-11,15.2824297027058,Superexpresso,FALSE
LumB,lfng,0.342578475911112,-0.00049973642593569,6.79899434978868,1.37090694430634e-11,4.13810799855433e-11,15.0553201479694,Superexpresso,FALSE
LumB,igf1,-0.349290883287092,-0.000701897733263046,-6.71172081365726,2.47511581243055e-11,7.42534743729165e-11,14.4775253929852,Subexpresso,FALSE
LumB,hsd17b11,-0.341458274010664,0.000499420137058514,-6.68309751972296,2.99447136904114e-11,8.92863719183609e-11,14.2911958834887,Subexpresso,FALSE
LumB,hey2,-0.35657314359156,-0.000544491302055876,-6.63757484525099,4.06000977645622e-11,0.000000000120323926102248,13.9936718064576,Subexpresso,FALSE
LumB,psen1,0.360456499617502,-0.00106910911966263,6.61166040656662,4.82092308466533e-11,0.000000000142013939060322,13.8257767866622,Superexpresso,FALSE
LumB,hes2,-0.355358555244464,0.000095835529783869,-6.51478787005246,9.11248879239562e-11,0.00000000026682676763362,13.2037353892866,Subexpresso,FALSE
LumB,cul1,-0.339862135735363,0.0010520295202952,-6.48809074280558,0.000000000108437930491008,0.000000000315631833393469,13.0338554709554,Subexpresso,FALSE
LumB,prr16,-0.34914273637472,0.0000431734317343175,-6.38756196064674,0.000000000207534425773051,0.000000000600499018952793,12.400180238801,Subexpresso,FALSE
LumB,map2k2,-0.344736257371591,-0.00166752767527675,-6.37370996973445,0.000000000226786945503317,0.000000000652345978536013,12.3136107690991,Subexpresso,FALSE
LumB,mmp15,-0.324155234558666,-0.000574380600948866,-6.3462514104353,0.00000000027004051332019,0.000000000772221117038438,12.143239079864,Subexpresso,FALSE
LumB,ackr3,0.341256649671759,-0.000173537163943068,6.34279132942473,0.000000000276272879458727,0.000000000785450221251846,12.1210333544377,Superexpresso,FALSE
LumB,ddc,-0.336952190389766,-0.000641170268845545,-6.32739868731437,0.000000000304698900956775,0.000000000861258743166837,12.0254957732055,Subexpresso,FALSE
LumB,tubb4b,0.331371404010915,-0.00226837111228255,6.29936672414291,0.000000000363985970781265,0.00000000102292609029907,11.8520833721188,Superexpresso,FALSE
LumB,mmp11,0.335901846299138,-0.0015074327886136,6.27598893972807,0.000000000421927612377845,0.00000000117898629973009,11.7080294976442,Superexpresso,FALSE
LumB,zfp36l1,-0.34124547610566,0.0000929362150764346,-6.25455308948526,0.000000000482914071390832,0.00000000134173284608021,11.5763949482812,Subexpresso,FALSE
LumB,tgfb2,-0.338963029333509,-0.00180242488139167,-6.23440486582926,0.000000000548039706067711,0.00000000151407579811927,11.4530629046035,Subexpresso,FALSE
LumB,dtx3,0.320470308882119,-0.00122498682129679,6.21258508958852,0.000000000627896628575799,0.0000000017249519740088,11.3204309090334,Superexpresso,FALSE
LumB,vegfa,-0.322322484456836,0.000643226146547181,-6.19632571212152,0.000000000695248608000866,0.00000000189931044308616,11.2211544967813,Subexpresso,FALSE
LumB,hsd17b6,0.331364562376131,-0.0000945703742751726,6.06234941483458,0.00000000158986954918343,0.00000000431914560861499,10.4154959906002,Superexpresso,FALSE
LumB,smad5,0.331092959735411,-0.000584290985767,6.02512803010308,0.00000000199463707756314,0.00000000538882613772583,10.1947208632869,Superexpresso,FALSE
LumB,kdm5a,-0.322634387391867,-0.0000913020558777013,-5.99832796484087,0.00000000234662071285517,0.00000000630493147574823,10.0365717240364,Subexpresso,FALSE
LumB,akt2,0.326845360710798,-0.000782076963626779,5.97181143661981,0.00000000275417334495553,0.0000000073595123807828,9.88076593684006,Superexpresso,FALSE
LumB,atr,-0.31820487359516,0.000367738534528202,-5.93508260644059,0.00000000343445725926149,0.00000000912744347705906,9.66605644125208,Subexpresso,FALSE
LumB,stat5b,-0.30784306871002,-0.000358882445967318,-5.92499581074342,0.00000000364816062889278,0.00000000964297593258686,9.60735016146094,Subexpresso,FALSE
LumB,rad51d,0.321048685680329,0.000113705851344226,5.85835533435812,0.00000000542470666482816,0.0000000142617288123708,9.22165596436082,Superexpresso,FALSE
LumB,nek1,0.314269097265166,0.00000537691091196668,5.84734357863501,0.00000000578992515127537,0.0000000151404994597522,9.15833535700852,Superexpresso,FALSE
LumB,col6a3,-0.308643236817976,-0.00161707959936742,-5.83899676000916,0.00000000608259785780891,0.0000000158212252790881,9.11041565994283,Subexpresso,FALSE
LumB,ahnak2,-0.319526156321182,-0.00161813389562467,-5.83571750249474,0.00000000620147947950609,0.0000000160450977009443,9.09160732376999,Subexpresso,FALSE
LumB,nt5e,-0.299014390332658,-0.000529994728518714,-5.82744635922143,0.00000000650853564114841,0.0000000167509154132714,9.04461324529777,Subexpresso,FALSE
LumB,fgf2,-0.312080426061049,-0.00401560358460727,-5.82089083649253,0.0000000067678184108955,0.0000000173270324760623,9.00669589939011,Subexpresso,FALSE
LumB,tbl1xr1,0.316117792443098,0.00162583025830259,5.77620098960733,0.0000000087965197820894,0.0000000223615964101111,8.75202470637609,Superexpresso,FALSE
LumB,bard1,0.302505565410978,-0.000398892988929888,5.77563362931805,0.00000000882574255041195,0.0000000223615964101111,8.74880374129615,Superexpresso,FALSE
LumB,fancd2,0.271627980195738,0.000508170795993674,5.73699690454296,0.0000000110418274928137,0.0000000278322352782778,8.5311859067841,Superexpresso,FALSE
LumB,dll3,-0.297418450810018,-0.000706431207169216,-5.71498087273406,0.0000000125598484821359,0.0000000314962354244332,8.40623899780121,Subexpresso,FALSE
LumB,ugt2b7,-0.303898521719763,0.00195940959409594,-5.65075645020409,0.0000000181813438580946,0.0000000453605976867767,8.04732179855194,Subexpresso,FALSE
LumB,casp6,0.303559709389185,0.00131497100685293,5.59670502082502,0.0000000247476708305042,0.0000000614294976452617,7.74830432618956,Superexpresso,FALSE
LumB,slc29a1,0.304853824555207,0.000888402741170268,5.58635056143827,0.0000000262453471278898,0.0000000648180542703946,7.69134069367202,Superexpresso,FALSE
LumB,ppp2cb,0.305686504859911,0.00114554559831313,5.5666043085432,0.0000000293491852578564,0.0000000721193547291045,7.58299312196574,Superexpresso,FALSE
LumB,gsk3b,-0.28176768400342,-0.000355772272008434,-5.54670255679657,0.0000000328182680993326,0.0000000802406655028683,7.47466916046897,Subexpresso,FALSE
LumB,notch2,-0.30062780921796,0.00296225619399051,-5.518138074561,0.0000000385547372351759,0.0000000937973458109503,7.3186379375409,Subexpresso,FALSE
LumB,peg3,-0.300978921452036,0.000453452820242487,-5.5004193860023,0.0000000425752078868282,0.000000103065726023064,7.22255304669929,Subexpresso,FALSE
LumB,mapk4,-0.292924420479874,-0.00221043753294676,-5.49888507048836,0.0000000429418908955336,0.000000103441303684315,7.21424687990358,Subexpresso,FALSE
LumB,col22a1,-0.288429157844301,0.000398207696362678,-5.49253397086271,0.0000000444925890135472,0.000000106651353076591,7.17988852076644,Subexpresso,FALSE
LumB,aff2,-0.295394767136796,0.00114338429098577,-5.37255165167609,0.000000086354055552575,0.000000205986015440045,6.53805501666965,Subexpresso,FALSE
LumB,casp9,0.289062404452177,0.000120137058513443,5.33015723951369,0.000000108806069109383,0.00000025828236793441,6.31456590644337,Superexpresso,FALSE
LumB,cdh1,0.284938419963884,0.000776489193463362,5.29064835753621,0.000000134753013534696,0.000000317236361935615,6.10783912328552,Superexpresso,FALSE
LumB,acvr1b,0.264946262519068,0.00175060622034792,5.29023847724936,0.000000134938984218012,0.000000317236361935615,6.10642371324726,Superexpresso,FALSE
LumB,nf1,0.28582207268185,0.000254348972061148,5.22908393781859,0.000000187507905328519,0.000000438714668448067,5.7886929362351,Superexpresso,FALSE
LumB,cdkn2b,-0.285646665042504,0.000840221402214023,-5.20709582394512,0.000000210811156573896,0.000000490888836022071,5.67558953880142,Subexpresso,FALSE
LumB,epcam,0.279260755312362,0.00133763837638376,5.19359042307434,0.000000226487504398814,0.000000524892841947962,5.60635003303019,Superexpresso,FALSE
LumB,runx1,-0.266590581918908,-0.00191539272535583,-5.18313352782806,0.000000239308863055374,0.000000551990726575839,5.55316556558221,Subexpresso,FALSE
LumB,siah1,-0.279486328320726,0.00144876120189773,-5.16945505266895,0.00000025735327329525,0.000000590825120382052,5.48304909972145,Subexpresso,FALSE
LumB,rbpj,-0.264122059439702,-0.000124037954665263,-5.16510940949812,0.000000263232775150262,0.000000601499191815317,5.46121521739857,Subexpresso,FALSE
LumB,casp10,-0.278040388357708,-0.000844438587243016,-5.12811946011216,0.000000319897060234045,0.000000727579825369526,5.27317724696864,Subexpresso,FALSE
LumB,mmp9,-0.261283399315734,-0.00125313653136531,-5.12558451090756,0.000000324040428806042,0.00000073359152632479,5.26072142674424,Subexpresso,FALSE
LumB,ncor1,0.274104865922401,0.000651713231418029,5.11188746455381,0.000000348275369802453,0.000000784823298771426,5.191212208002,Superexpresso,FALSE
LumB,casp7,0.280408660624858,0.000251133368476542,5.09978767100055,0.000000370995896595498,0.000000832188043280727,5.13027795400091,Superexpresso,FALSE
LumB,smarcb1,-0.270353985562156,-0.000230943595150237,-5.09001127220192,0.000000390392966418414,0.000000871699363372622,5.08114710964362,Subexpresso,FALSE
LumB,taf4b,-0.267562045169348,-0.00121502372166579,-5.08660111503645,0.000000397386564209981,0.000000883281954084912,5.0640311493833,Subexpresso,FALSE
LumB,smad9,-0.278682906207248,-0.000617606747496046,-5.08564421444055,0.000000399370626453255,0.000000883675277536841,5.05923036829386,Subexpresso,FALSE
LumB,mmp28,-0.26708786143871,-0.00159683711122826,-5.06366650399176,0.000000447663573553408,0.000000986069763367641,4.94921042813121,Subexpresso,FALSE
LumB,wwox,0.273950520389909,-0.00144554559831313,4.98939337017214,0.000000656214611859788,0.0000014389638798181,4.58084143282047,Superexpresso,FALSE
LumB,map4,-0.270998349140923,-0.00232904586188719,-4.97636159032247,0.000000701387916188033,0.00000153115487060691,4.51675619877705,Subexpresso,FALSE
LumB,slc19a1,0.251571552201993,0.00075719557195572,4.96170854972691,0.000000755378427350922,0.00000164168911544267,4.44532632569907,Superexpresso,FALSE
LumB,hif1a,-0.263259043158998,0.000824459673168162,-4.94913257052694,0.0000008056511267147,0.00000174320088921898,4.3833826449588,Subexpresso,FALSE
LumB,nr3c1,-0.256477955981877,0.00211344227727992,-4.92284389769359,0.000000920333915613441,0.00000198256953627741,4.25534623261346,Subexpresso,FALSE
LumB,cbfb,-0.246396990021181,0.00143368476541908,-4.9026158386914,0.00000101860685079524,0.00000218464364052137,4.15771395847323,Subexpresso,FALSE
LumB,ldlrap1,-0.260692957022225,-0.0010248286768582,-4.8850811397982,0.00000111313467064829,0.00000237695569409176,4.07246345677121,Subexpresso,FALSE
LumB,map3k13,-0.259400608564693,0.00046178176067475,-4.80434820823828,0.00000166398553596737,0.00000353777794386107,3.68620798526348,Subexpresso,FALSE
LumB,mtor,-0.260904667286429,0.0000563521349499213,-4.75093261032355,0.00000216382493369685,0.00000458056447003359,3.43410872514016,Subexpresso,FALSE
LumB,shbg,-0.258768837138961,0.00152688455455983,-4.69586145144211,0.00000282892430232981,0.00000596268958551413,3.17708347132672,Subexpresso,FALSE
LumB,aph1a,0.255681194043379,0.00119362150764365,4.69327728386535,0.00000286452826335562,0.00000601182111923133,3.16509482468816,Superexpresso,FALSE
LumB,wfdc2,0.251420862725837,-0.000420769636267791,4.64374711740038,0.00000363613995571214,0.00000759860016385998,2.93655988185701,Superexpresso,FALSE
LumB,dtx4,-0.253364229493315,0.000265471797575121,-4.63193731185773,0.0000038476277256187,0.00000800634024607465,2.88241935047909,Subexpresso,FALSE
LumB,rictor,0.251778227039722,0.0018566684238271,4.5636673915605,0.00000532131694580407,0.0000110259490953313,2.57209191814908,Superexpresso,FALSE
LumB,hes5,-0.25086632605682,-0.000814232999472852,-4.54506263727712,0.0000058085755098806,0.000011984782381146,2.48830520311769,Subexpresso,FALSE
LumB,ptpn22,-0.234324612332014,0.00146895097522404,-4.53028706646336,0.00000622468120763267,0.0000127893660106402,2.42213835346799,Subexpresso,FALSE
LumB,tgfbr3,-0.231918825916531,-0.00316062203479178,-4.49253180192436,0.00000742438523107676,0.0000151904785690232,2.25371195464971,Subexpresso,FALSE
LumB,bmf,-0.245361923583069,-0.000562361623616236,-4.47398012628531,0.0000080938996270227,0.0000164913204900587,2.17127479115567,Subexpresso,FALSE
LumB,map3k3,-0.239893567304945,-0.00138481813389562,-4.43518799045261,0.00000968119966710603,0.0000196435960050409,2.00032789216036,Subexpresso,FALSE
LumB,hsd17b13,-0.241930917885762,-0.00110079072219294,-4.4079140209627,0.0000109709462025623,0.0000221685648473262,1.88101306060811,Subexpresso,FALSE
LumB,e2f5,0.231005753920699,0.0020284659989457,4.39722872645708,0.0000115197039354703,0.0000231816264380453,1.83446525204257,Superexpresso,FALSE
LumB,heyl,-0.23132767149026,-0.00338687401159726,-4.34971833125012,0.0000142932817974116,0.0000286451426185831,1.62884090574561,Subexpresso,FALSE
LumB,adam10,0.237330782021294,0.00247933579335793,4.32991221273861,0.0000156285962298083,0.0000311934022709235,1.54376802003397,Superexpresso,FALSE
LumB,sf3b1,0.237032887834821,0.00241649973642594,4.31967831619297,0.0000163643854750186,0.0000325292052735126,1.49995993828485,Superexpresso,FALSE
LumB,kdr,-0.237202892178832,0.00148365840801265,-4.30764644641273,0.0000172717142311548,0.0000341937986195736,1.44858551491953,Subexpresso,FALSE
LumB,tsc2,0.228147961204089,-0.000988929889298891,4.30588065933376,0.0000174088436878777,0.000034326308723275,1.44105769117563,Superexpresso,FALSE
LumB,cir1,0.236814602387558,0.000177965208223511,4.3025494698028,0.0000176703724991415,0.0000347020568356634,1.4268645685774,Superexpresso,FALSE
LumB,ahnak,0.207539358570084,-0.00137179757511861,4.28998086249538,0.0000186842609930525,0.0000365464145024107,1.3737122559765,Superexpresso,FALSE
LumB,smad6,-0.235943798205214,-0.00192156035846073,-4.27807595961544,0.0000197098894467823,0.000038398947966042,1.32292169626566,Subexpresso,FALSE
LumB,msh2,0.227353809538567,0.00155513969425409,4.2561905441707,0.0000217220507460141,0.000042151122280956,1.23046426556231,Superexpresso,FALSE
LumB,dnah11,-0.230924200372102,-0.000943911439114392,-4.23985021279022,0.0000233504236228155,0.000045131846448841,1.16173650670767,Subexpresso,FALSE
LumB,palld,-0.224693187854094,-0.000357564575645757,-4.15653712705397,0.0000336265086405721,0.000064737648524566,0.815360541696608,Subexpresso,FALSE
LumB,cdk8,-0.216949848831102,0.00210585134422773,-4.15253745548231,0.0000342143267440929,0.0000656110030504369,0.79891460266397,Subexpresso,FALSE
LumB,large1,0.214801310544242,-0.00171291512915129,4.02228077116588,0.0000597054127844704,0.000114046667389086,0.271415827301038,Superexpresso,FALSE
LumB,ptk2,0.214221867712967,0.00087011070110701,3.98904284478786,0.0000686461718160403,0.000130614700459314,0.139465714953338,Superexpresso,FALSE
LumB,ctcf,0.216454767029851,0.00166905640484976,3.92401382391533,0.0000899276676047263,0.000170444300227563,-0.115572037431321,Superexpresso,FALSE
LumB,stmn2,-0.210717035399708,-0.00139167105956774,-3.87414737142223,0.000110323729405124,0.000208294608799636,-0.308345778046257,Subexpresso,FALSE
LumB,rptor,0.210829619619735,-0.00131507643647865,3.86462552963817,0.000114684906035293,0.00021569584250484,-0.344879043985954,Superexpresso,FALSE
LumB,rbl1,0.196559852129851,0.00041375856615709,3.86129664234605,0.000116226545772501,0.000217757781159974,-0.357491674489189,Superexpresso,FALSE
LumB,fgf1,-0.207267040355052,0.00135851344227728,-3.82640346273646,0.000133883076423624,0.000249881009050199,-0.490637044518334,Subexpresso,FALSE
LumB,e2f8,0.195888969274043,0.00156188719030047,3.79796588780441,0.000150077575739577,0.000279041576184994,-0.598086692765522,Superexpresso,FALSE
LumB,cyp2c8,0.206441917195711,0.000873906167633106,3.76679336530134,0.000169974342467175,0.000314838838888064,-0.715105936410319,Superexpresso,FALSE
LumB,numb,-0.202652911101167,-0.0000413284132841339,-3.76219600244742,0.000173108484511851,0.00031943414689168,-0.732273472774149,Subexpresso,FALSE
LumB,mdc1,0.199572486568752,0.00164343700579863,3.7351158913534,0.000192701632190575,0.000354212899514385,-0.832976685737046,Superexpresso,FALSE
LumB,hey1,-0.206035000550933,0.000899420137058514,-3.7341932436374,0.000193404589305401,0.000354212899514385,-0.836395106814207,Subexpresso,FALSE
LumB,asxl2,-0.204862048089271,0.00125134422772799,-3.71438359824305,0.000209091798521134,0.000381514512973263,-0.909589081924067,Subexpresso,FALSE
LumB,prkci,0.19820666529889,0.00129188191881919,3.69431556731083,0.00022619750866292,0.000411191753666052,-0.983346035036859,Superexpresso,FALSE
LumB,star,-0.202129732562452,-0.00333879810226674,-3.65671356752183,0.000261842694973768,0.000474226214230269,-1.12048463147249,Subexpresso,FALSE
LumB,sik1,-0.193707583569512,0.00135229309435952,-3.5890073840645,0.00033965532005924,0.000612883584903942,-1.36392389020566,Subexpresso,FALSE
LumB,foxp1,0.190420287462933,-0.00315898787559304,3.58316027160013,0.000347304507634252,0.000624382000857167,-1.38473657722579,Superexpresso,FALSE
LumB,hes4,-0.191898072296882,0.0000697944122298378,-3.55517185840175,0.000386204226464649,0.000690204486102212,-1.48389658233504,Subexpresso,FALSE
LumB,usp9x,0.19548039180009,0.00228824459673168,3.55480487339901,0.000386740345995923,0.000690204486102212,-1.48519166992794,Superexpresso,FALSE
LumB,cyp21a2,0.177419780292911,-0.00240817079599367,3.54474021350242,0.000401644279397687,0.000714196555001705,-1.52052530656717,Superexpresso,FALSE
LumB,hla-g,-0.184373046885387,0.000753294675803902,-3.53230654239348,0.000420966916313689,0.000745843558251428,-1.56433187316397,Subexpresso,FALSE
LumB,mmp13,0.193681356222007,-0.00140774907749078,3.52693460300927,0.000429550671979252,0.0007583042548659,-1.58315976362982,Superexpresso,FALSE
LumB,hdac2,-0.181816932843264,0.0008554032683184,-3.52291415413157,0.000436051822693301,0.000767012019054043,-1.59718286372653,Subexpresso,FALSE
LumB,smarcd1,-0.193576798132479,-0.000465946230890883,-3.51865992010223,0.000443089470559848,0.000776597674207045,-1.61209981078832,Subexpresso,FALSE
LumB,erbb2,-0.169129804578876,0.00156700052714813,-3.50973953240361,0.000458049890240998,0.000799951415456601,-1.64309556366991,Subexpresso,FALSE
LumB,setdb1,-0.189620079559971,-0.000955350553505537,-3.50166675621153,0.000472152217632352,0.000821645674100427,-1.67132143899354,Subexpresso,FALSE
LumB,setd1a,-0.18678702983493,-0.000964470216130734,-3.41869847857389,0.000641396244548922,0.00111220838150505,-1.95639851668594,Subexpresso,FALSE
LumB,terc,0.185885500395598,0.00120948866631523,3.3998689765541,0.000686967092767763,0.0011851935602615,-2.02015532565149,Superexpresso,FALSE
LumB,stat1,-0.175270078197259,-0.000198365840801266,-3.39930716385297,0.000688333274262302,0.0011851935602615,-2.02201252712106,Subexpresso,FALSE
LumB,alk,-0.181980137460033,0.00052509225092251,-3.37084281452648,0.00076314931074677,0.00130940355422867,-2.11775592523931,Subexpresso,FALSE
LumB,rbl2,0.182075829580187,0.00179615181866104,3.36366648524695,0.000783158404226283,0.00133903657226102,-2.14175875475868,Superexpresso,FALSE
LumB,tgfb3,-0.157419412743478,-0.00108096995255667,-3.28907256454091,0.00102188470197968,0.0017411206246274,-2.38816195614275,Subexpresso,FALSE
LumB,dll4,-0.181492706589194,0.000306167633104902,-3.27691914319105,0.00106681090935997,0.00181135602318411,-2.42790096705403,Subexpresso,FALSE
LumB,kras,0.177050219113151,0.00315292567211386,3.25620140937542,0.00114736484581827,0.0019413889605714,-2.49514544712229,Superexpresso,FALSE
LumB,mmp27,-0.176857447728715,-0.000661570901423298,-3.23253370185729,0.00124625521745868,0.0021014441425424,-2.57144819130217,Subexpresso,FALSE
LumB,itch,0.176412969586833,0.000795202952029521,3.20073968532172,0.00139151543099943,0.00233675060012357,-2.67308212979946,Superexpresso,FALSE
LumB,mmp24,0.177344832771629,0.0000135477069056416,3.19994051321902,0.00139536027655641,0.00233675060012357,-2.67562397859725,Superexpresso,FALSE
LumB,vegfb,-0.171987122883244,-0.000914971006852923,-3.16331836901655,0.00158243586073896,0.00264099363788857,-2.79143010291606,Subexpresso,FALSE
LumB,gldc,-0.172564272917484,0.00111797575118608,-3.15986667476859,0.00160121029976368,0.00266323753940286,-2.80227693762242,Subexpresso,FALSE
LumB,folr3,-0.170936512103859,0.000657406431207168,-3.14040507565931,0.00171096079348602,0.0028361350102192,-2.86321487054352,Subexpresso,FALSE
LumB,cyp3a5,-0.170642086170792,-0.000755824986821299,-3.11855474024607,0.00184240678241709,0.00304370579933093,-2.9311880062739,Subexpresso,FALSE
LumB,smarcc2,0.163445237368768,-0.000145282024248815,3.08288625016818,0.00207706746231678,0.00341981814502662,-3.04113713837193,Superexpresso,FALSE
LumB,mapk6,-0.167277936077813,0.00257000527148129,-3.08098929002052,0.00209028439117508,0.00343003042712957,-3.04694947671086,Subexpresso,FALSE
LumB,smad7,0.166091741710613,0.000640959409594098,3.06714594984888,0.0021890986017821,0.00358016460291454,-3.08925852394351,Superexpresso,FALSE
LumB,prkcz,-0.155525094215377,-0.000956352134949922,-2.92936738628415,0.0034336659154185,0.00559687544213215,-3.5000531176428,Subexpresso,FALSE
LumB,tubb4a,-0.156798716850945,0.000296415392725357,-2.88445054961519,0.00396149885480338,0.00643579049833505,-3.62992902690311,Subexpresso,FALSE
LumB,ugt2b15,0.156696167689828,0.00202967843964154,2.8521741541993,0.00438520980573103,0.00710055495033931,-3.72202617360892,Superexpresso,FALSE
LumB,lifr,-0.152681772383146,0.00106136004217185,-2.84502592598016,0.00448443933264065,0.00723726347742995,-3.74228378462993,Subexpresso,FALSE
LumB,rps6,-0.153820728296329,0.000451713231418029,-2.84016480175192,0.00455307835791438,0.00732386617440833,-3.75603107984871,Subexpresso,FALSE
LumB,mmp1,-0.145070663729057,0.0011309963099631,-2.81373008149657,0.00494313793680306,0.00792522770851375,-3.83036260190859,Subexpresso,FALSE
LumB,msh6,0.137238956917247,0.000937005798629415,2.77933764797072,0.0054957808365146,0.00878247329756744,-3.92603384491447,Superexpresso,FALSE
LumB,ryr2,-0.152347861723045,-0.00159620453347391,-2.76919039154959,0.00566967711071193,0.00903085376917959,-3.95409017577778,Subexpresso,FALSE
LumB,mmp10,-0.151111352339116,-0.000686030574591461,-2.76415380688232,0.00575760817555346,0.009141137655343,-3.9679560887201,Subexpresso,FALSE
LumB,hsd17b12,-0.148868678243237,0.00238402741170269,-2.73248526667858,0.00633925316291901,0.0100320219956874,-4.05456668872673,Subexpresso,FALSE
LumB,mmp25,-0.149338866630969,0.00104986821296784,-2.70951194535718,0.00679376246651248,0.0107166124068535,-4.11677654420853,Subexpresso,FALSE
LumB,srd5a2,-0.148487593434327,-0.00413463363205061,-2.7047729863153,0.00689108781338743,0.0108351830892169,-4.12954436935865,Subexpresso,FALSE
LumB,men1,0.147090567648822,-0.00000943595150237092,2.68362118327999,0.00734094607569087,0.0115055212532463,-4.18626149765196,Superexpresso,FALSE
LumB,abcb11,-0.148251723865903,0.000993147074327887,-2.67560868556361,0.00751812745232979,0.0117455729207325,-4.2076309904321,Subexpresso,FALSE
LumB,ppp2r2a,-0.140727985891185,-0.00049630996309963,-2.66936681950913,0.00765880356875357,0.0119272450481544,-4.2242342004981,Subexpresso,FALSE
LumB,utrn,-0.145850520398649,0.000909330521876647,-2.65430867653774,0.00800794214309059,0.0124313768507025,-4.26412996358441,Subexpresso,FALSE
LumB,myc,-0.134481096321022,0.00202298365840801,-2.64126473336619,0.00832146061719641,0.0128771969677501,-4.29848286771524,Subexpresso,FALSE
LumB,hsd3b7,0.143218939994835,-0.00127316816025303,2.62604594767172,0.00870195452122048,0.0134235197504,-4.33840536135481,Superexpresso,FALSE
LumB,herc2,-0.144602102641979,-0.00156794939377965,-2.62272763961609,0.00878686965799753,0.0135118844740905,-4.34707417753732,Subexpresso,FALSE
LumB,hsd17b14,0.144593520082456,0.00107754348972061,2.61780184913859,0.00891428652029888,0.0136489931796457,-4.3599223359918,Superexpresso,FALSE
LumB,e2f1,0.144665347303188,-0.00014412229836584,2.61712755935738,0.00893185647747773,0.0136489931796457,-4.36167924900833,Superexpresso,FALSE
LumB,ros1,-0.142487012611803,-0.00071987348444913,-2.60286019054096,0.00931094951693515,0.0141839698248638,-4.39874854965787,Subexpresso,FALSE
LumB,akap9,0.143880418126008,0.00146636794939378,2.60119101158728,0.0093562264463041,0.0142086792926792,-4.40307223609062,Superexpresso,FALSE
LumB,kmt2d,0.143494183045121,-0.00133700579862941,2.58997781365441,0.00966551649244882,0.0146329336371748,-4.43204643087933,Superexpresso,FALSE
LumB,shank2,0.139475201587187,-0.000877069056404849,2.58261001784562,0.00987367386999295,0.0149019337111931,-4.45101664686924,Superexpresso,FALSE
LumB,kdm3a,0.140492948809829,0.00160643120716921,2.55789714281198,0.0106013625346764,0.0159509731675592,-4.5142539523669,Superexpresso,FALSE
LumB,erbb4,-0.140052753045775,-0.000410542962572483,-2.54391638771585,0.0110338441815855,0.0165507662723783,-4.54976145257477,Subexpresso,FALSE
LumB,srd5a3,0.13618074704957,0.000572851871375858,2.54019305971301,0.0111516357346777,0.0166762993096557,-4.55918513255008,Superexpresso,FALSE
LumB,ctbp1,-0.138946212516557,-0.00268007380073801,-2.51292747411508,0.0120488117048037,0.017963015011125,-4.62777583352297,Subexpresso,FALSE
LumB,src,-0.132265964060413,-0.000882920400632577,-2.50816326616243,0.0122119874172119,0.0181509478632723,-4.63968541415117,Subexpresso,FALSE
LumB,syne1,-0.135279642832063,-0.00220595677385345,-2.49256667245019,0.0127599672986245,0.0189079515425072,-4.67851667787099,Subexpresso,FALSE
LumB,dph1,0.137110254061822,-0.000105376910911969,2.47771583980614,0.013301871921986,0.019651405951212,-4.71526742255042,Superexpresso,FALSE
LumB,pbrm1,0.136478405619465,0.00176989984185556,2.47089165998012,0.0135576412959142,0.0199689355231989,-4.73208173081055,Superexpresso,FALSE
LumB,gh1,-0.134929753963088,0.000215972588297312,-2.44136189527224,0.0147152080838246,0.0216088190780488,-4.80430963748312,Subexpresso,FALSE
LumB,kdm6a,0.130513626581741,0.00355492883500264,2.39480123264021,0.0167177773913153,0.0244760273783029,-4.91643997893622,Superexpresso,FALSE
LumB,abcc1,-0.128310713578279,0.00334280442804428,-2.35527948840714,0.0186016056463409,0.0271527915255543,-5.00993390613306,Subexpresso,FALSE
LumB,ncstn,-0.125219864966185,0.000556510279388507,-2.3144237931131,0.0207419010264652,0.0301363780506622,-5.10495671429291,Subexpresso,FALSE
LumB,bmp5,-0.126860045909713,0.000747654190827622,-2.31393361081282,0.0207688331351189,0.0301363780506622,-5.10608674621247,Subexpresso,FALSE
LumB,ctbp2,0.125232065623366,-0.0000110701107011072,2.31069007054407,0.0209478130945604,0.0303061556308877,-5.11355817566315,Superexpresso,FALSE
LumB,kmt2c,-0.124066304680526,0.00008539799683711,-2.29142636858835,0.0220387583819834,0.0317904213828611,-5.15771686979003,Subexpresso,FALSE
LumB,mapk8,0.126175172378431,0.0000473379019504473,2.28396283828472,0.0224745427560151,0.032323680610857,-5.17472686068901,Superexpresso,FALSE
LumB,cyp19a1,0.125630998444742,-0.00207480231945177,2.28050529210451,0.0226789516219013,0.0325220156689435,-5.18258817459637,Superexpresso,FALSE
LumB,fgfr1,0.125523487836317,0.000138850817079599,2.27920036182646,0.0227565178106883,0.0325378280977385,-5.18555207334568,Superexpresso,FALSE
LumB,pik3ca,0.123808037035335,0.00237738534528203,2.27228230238361,0.0231715979357874,0.0330347270862975,-5.20123692272856,Superexpresso,FALSE
LumB,prkce,0.121850823547152,-0.000406431207169215,2.25342182950402,0.0243367982318806,0.0345950416726442,-5.2437570103949,Superexpresso,FALSE
LumB,smad4,0.114285873821229,0.00131855561412757,2.20379125118021,0.0276485219935333,0.0391887746517038,-5.35395851366174,Superexpresso,FALSE
LumB,e2f2,0.0992052830733518,-0.000510648392198207,2.17508419340846,0.0297356847410386,0.0420252885501961,-5.41657768919911,Superexpresso,FALSE
LumB,tgfbr1,-0.118083263603078,-0.00200875065893516,-2.1582778929253,0.0310208550715437,0.0437152683861236,-5.45287693577751,Subexpresso,FALSE
LumB,ncor2,0.116939299414483,-0.0012078545071165,2.15114465257145,0.0315801657078684,0.0442774254232763,-5.46819350535509,Superexpresso,FALSE
LumB,pik3r2,-0.114672912737883,-0.000326410121244069,-2.15088278805479,0.0316008619074098,0.0442774254232763,-5.46875482306128,Subexpresso,FALSE
LumB,dlec1,-0.114985980258577,-0.00213995782814971,-2.1065724435403,0.0352746973490719,0.0492837914391319,-5.56275615807113,Subexpresso,FALSE
LumB,ptprd,-0.115329315942887,0.000121613073273589,-2.10081534962197,0.0357778082258198,0.0498442969299882,-5.57482642785092,Subexpresso,FALSE
LumB,jak1,-0.110978647808199,0.000967316816025303,-2.08621937065143,0.0370808681534881,0.0515129105882263,-5.60528081451234,Subexpresso,FALSE
LumB,gdf11,-0.109592357686409,-0.00114127569847127,-2.0124241437227,0.044304513770733,0.0613736748835367,-5.75601668149535,Subexpresso,FALSE
LumB,nrarp,0.106331536966045,0.0021719557195572,1.96725838919099,0.0492867518390448,0.0680825470319008,-5.84560604310915,Superexpresso,FALSE
LumB,chek2,0.0963353435088843,0.00156715867158672,1.92139228824774,0.0548182623904613,0.0755102262223537,-5.93450491813629,Superexpresso,FALSE
LumB,magea8,0.106157119281648,0.000565840801265155,1.91646734539691,0.0554431658883538,0.0761564834814748,-5.94393330989219,Superexpresso,FALSE
LumB,asxl1,-0.104925255178075,-0.000919820769636268,-1.91446922165236,0.0556979154934872,0.0762921027347766,-5.94774912309835,Subexpresso,FALSE
LumB,cdkn1a,0.104772509945726,-0.00122551396942541,1.90325041371683,0.0571464358117155,0.0780575617651644,-5.96910000430379,Superexpresso,FALSE
LumB,bmp10,-0.104762384536399,-0.00157680548234054,-1.89138984056931,0.0587117793545852,0.0799723122685019,-5.99153626910485,Subexpresso,FALSE
LumB,mmp19,-0.1032626683486,0.00236215076436479,-1.8888129366985,0.0590565461247479,0.0802184751527825,-5.99639243291052,Subexpresso,FALSE
LumB,hsd17b1,0.103200305885025,-0.00263410648392198,1.88267024596941,0.0598851701196911,0.0811186930430165,-6.00794169640793,Superexpresso,FALSE
LumB,rassf1,-0.101660421437245,-0.000412335266209806,-1.8515110170775,0.0642383632355801,0.0867750265806594,-6.065948668221,Subexpresso,FALSE
LumB,bap1,-0.100922614512876,-0.00268144438587243,-1.84500566319951,0.065179441878387,0.0878037109601411,-6.07793748765662,Subexpresso,FALSE
LumB,maml3,-0.100418783093954,0.00063974696889826,-1.82883801553218,0.0675676517443712,0.0907708288543888,-6.10755094299351,Subexpresso,FALSE
LumB,ugt2b17,0.100880389836255,0.000271481286241435,1.81789418999914,0.0692247597415017,0.0927422123660118,-6.12744874129663,Superexpresso,FALSE
LumB,cyp3a4,0.0993119414414167,0.000708012651555089,1.79946751837867,0.0720903013184728,0.0963173697943529,-6.16068269434731,Superexpresso,FALSE
LumB,pdgfb,0.0966142005132562,-0.001431418028466,1.78860217511802,0.0738250618108115,0.0983663630122256,-6.18012100734235,Superexpresso,FALSE
LumB,hes1,-0.0924873720509908,-0.000456510279388507,-1.73898155135187,0.0821866348710985,0.109209957749911,-6.26740131135791,Subexpresso,FALSE
LumB,akt1s1,0.092563309535034,-0.000855192409066947,1.72325833840236,0.0849911162335089,0.11263050362652,-6.2945468976038,Superexpresso,FALSE
LumB,setd2,-0.0899940782735126,-0.000711597258829731,-1.65825236649416,0.0974180109300954,0.128749749580586,-6.40416784921589,Subexpresso,FALSE
LumB,rheb,0.0855126468473562,0.00349478123352662,1.65621668699698,0.097828884823197,0.128944271370737,-6.40753183378206,Superexpresso,FALSE
LumB,l1cam,-0.0868226182211781,0.00303584607274644,-1.60558677069962,0.10851722792893,0.142647646390449,-6.48989657916893,Subexpresso,FALSE
LumB,bmpr1a,0.0876038259538861,0.00227796520822351,1.59729381647282,0.110352821148713,0.144671660969761,-6.50314430953595,Superexpresso,FALSE
LumB,prps2,0.0847172233714504,0.00187037427517132,1.58562821044199,0.112976375533571,0.147715100630792,-6.5216639031715,Superexpresso,FALSE
LumB,raf1,-0.0850957513066781,-0.000700000000000001,-1.57622877787153,0.115125855073049,0.150124115015256,-6.53648734392535,Subexpresso,FALSE
LumB,arrdc1,0.0796807993501447,0.000835424354243542,1.54833390128381,0.121694196415465,0.158267186295644,-6.57996107543915,Superexpresso,FALSE
LumB,rps6kb2,-0.0785970797435243,-0.00102883500263574,-1.5168995647718,0.129444571790182,0.167900253595223,-6.6280237243986,Subexpresso,FALSE
LumB,nrg3,-0.0833720895703542,0.000247021613073273,-1.50502348717504,0.132470563255594,0.170706700865315,-6.64592601827065,Subexpresso,FALSE
LumB,stat3,-0.0801322587030583,0.00172308908803374,-1.50453987421734,0.13259493325685,0.170706700865315,-6.6466520505002,Subexpresso,FALSE
LumB,map2k1,0.0792236972639242,0.00199852398523985,1.50430443334806,0.132655513964867,0.170706700865315,-6.6470054258698,Superexpresso,FALSE
LumB,slco1b3,-0.0812101153048083,-0.00081180811808118,-1.47392511665819,0.140653769082706,0.180524128822686,-6.69213907478427,Subexpresso,FALSE
LumB,cacna2d3,-0.0791718929334605,-0.00293932525039536,-1.47236741313017,0.141073670703119,0.180589070612108,-6.6944285445968,Subexpresso,FALSE
LumB,akr1c1,0.0804732721712241,0.00048255139694254,1.44885190505895,0.147530369095632,0.188053496703433,-6.72869746910887,Superexpresso,FALSE
LumB,prkg1,-0.0799778411246195,-0.00356441750131787,-1.4483381576752,0.147673911521714,0.188053496703433,-6.72944000238378,Subexpresso,FALSE
LumB,arl11,-0.0798781071750233,-0.0000923036373220864,-1.44190113205241,0.149481499137258,0.189860917086024,-6.73872133757105,Subexpresso,FALSE
LumB,rasgef1b,-0.0780162166163123,0.000483605693199789,-1.42166620072855,0.155273780678705,0.196706939771727,-6.76762870794738,Subexpresso,FALSE
LumB,tg,-0.0779218646509715,0.00105867158671587,-1.4040700856906,0.1604479546887,0.202736562901226,-6.7924348470074,Subexpresso,FALSE
LumB,hdac1,0.0749652597808424,0.00078845545598313,1.36180779317105,0.173406698955191,0.218546071621361,-6.85075441428786,Superexpresso,FALSE
LumB,bche,0.0733286756558686,0.000508803373748023,1.32691555645813,0.184682929357516,0.23215926081189,-6.89756297480469,Superexpresso,FALSE
LumB,prkacg,0.0720488990501108,0.000257828149710069,1.30381922981746,0.192440162017632,0.241290356991339,-6.92787999846388,Superexpresso,FALSE
LumB,lipi,0.0721114347271821,-0.000106167633104902,1.29975628289044,0.193829196313539,0.242410427103122,-6.93315819306538,Superexpresso,FALSE
LumB,spaca1,0.0718735876802023,0.00184364786505008,1.29641788002513,0.194976026289134,0.243222645039252,-6.93748282009861,Superexpresso,FALSE
LumB,cyp3a7,-0.0713265501083809,-0.000611860832894043,-1.29124170603939,0.196764014618715,0.244828506739317,-6.94416617333285,Subexpresso,FALSE
LumB,gpr32,-0.070909585527321,-0.00137453874538745,-1.27839788833678,0.20125245094991,0.249213159648723,-6.96063450577758,Subexpresso,FALSE
LumB,myo3a,-0.0703392171979178,0.00114765419082762,-1.27824265242396,0.20130715349948,0.249213159648723,-6.96083254383355,Subexpresso,FALSE
LumB,inha,0.0689086781581276,-0.00279109119662625,1.27016605950715,0.204168200220543,0.25211679269658,-6.97110291787124,Superexpresso,FALSE
LumB,tsc1,0.0673795139182681,0.0000076963626779124,1.25849698875302,0.208353961201313,0.256637498809677,-6.98582677108445,Superexpresso,FALSE
LumB,map2k5,0.0670516215528544,0.00142503953610965,1.24963295741868,0.211574893392174,0.259950057459229,-6.99692058792553,Superexpresso,FALSE
LumB,smarcc1,0.0676834509805551,0.00161897733263047,1.24389751887413,0.21367808807934,0.261876153059642,-7.00405708055695,Superexpresso,FALSE
LumB,cdc25a,0.0554865055758346,-0.000103321033210332,1.238766921326,0.215571067816406,0.263535630405557,-7.01041392010056,Superexpresso,FALSE
LumB,pten,0.063328765923922,-0.00142820242488139,1.22356698265946,0.221254539632284,0.269809151820915,-7.02909011382649,Superexpresso,FALSE
LumB,maml1,0.0669837635641424,-0.00121660516605166,1.21281801813433,0.22533775950463,0.274104886561603,-7.04215856827584,Superexpresso,FALSE
LumB,taf1,0.0661747227774731,0.000904006325777544,1.20405102696521,0.228707483679397,0.277513547194107,-7.05273226758591,Superexpresso,FALSE
LumB,brca2,0.0659226793425486,0.000181918819188193,1.19717379415071,0.231375867167871,0.280056433279923,-7.06097315111819,Superexpresso,FALSE
LumB,col12a1,0.0631174752406268,-0.00102567211386399,1.16042181605857,0.24601088865748,0.29703536926792,-7.10421339045904,Superexpresso,FALSE
LumB,fn1,0.0631750665562748,-0.000311386399578283,1.15128265474392,0.249748898727169,0.300805939599964,-7.11475696874125,Superexpresso,FALSE
LumB,cyp3a43,-0.0619483184355971,-0.0016244069583553,-1.1160709407613,0.264521276247215,0.317815489152059,-7.15460128610912,Subexpresso,FALSE
LumB,inhba,-0.0602802529554753,0.00161375856615709,-1.08856083178938,0.276474284199091,0.331362561209204,-7.18487063604733,Subexpresso,FALSE
LumB,prkcq,0.0553767579698284,-0.00057011070110701,1.05403670115876,0.291989096349186,0.349101878031178,-7.22178982977526,Superexpresso,FALSE
LumB,numbl,-0.0580284718267729,-0.00175260938323669,-1.05183793117346,0.292996652996394,0.349452105646919,-7.22410088020506,Subexpresso,FALSE
LumB,mmp14,-0.0567974624304227,0.000311544544016869,-1.03340840355376,0.30153350180257,0.358758837911087,-7.24328196657604,Subexpresso,FALSE
LumB,mmp16,0.0564006148345698,-0.0014904586188719,1.01927954821603,0.308189351904729,0.365787847284982,-7.25775763487911,Superexpresso,FALSE
LumB,nf2,-0.0554549553350349,0.00063468634686347,-1.00682059374143,0.314138641498713,0.371917786214038,-7.27035723938848,Subexpresso,FALSE
LumB,zfyve9,0.055705192610332,0.0000653136531365327,1.00528899293453,0.314875180966486,0.371917786214038,-7.27189544573277,Superexpresso,FALSE
LumB,sgcd,-0.0534871264494577,-0.00130047443331576,-0.997396191813697,0.318688785413618,0.375515219439178,-7.27978519514733,Subexpresso,FALSE
LumB,arid1b,-0.0550559032932367,-0.00110927780706378,-0.994050826590477,0.320314277195721,0.375643542878689,-7.28311051954625,Subexpresso,FALSE
LumB,nras,-0.0499527714538068,0.000972535582498683,-0.994008176370576,0.320334064172624,0.375643542878689,-7.28315384829737,Subexpresso,FALSE
LumB,mmp23b,-0.0541566513608491,-0.000454454401686873,-0.977780222806288,0.328297261360455,0.384060671782924,-7.29912449517546,Subexpresso,FALSE
LumB,bmp3,0.052488361416701,-0.00032377438060095,0.948522002654477,0.342974469098953,0.400273306418587,-7.32725693573862,Superexpresso,FALSE
LumB,map3k10,0.0519961025004505,-0.00109583552978387,0.93984515044797,0.347406623405218,0.404480568678932,-7.33543576904542,Superexpresso,FALSE
LumB,bmp4,0.0485670973518826,-0.00084934106483922,0.934856545227508,0.349971219544304,0.406498637427945,-7.3401040775452,Superexpresso,FALSE
LumB,casp3,-0.0469100601527228,0.00135292567211386,-0.895304373970173,0.370728470671793,0.429588204167078,-7.37623784527344,Subexpresso,FALSE
LumB,pik3r3,-0.0482207253333214,-0.00211175540326832,-0.89135054655768,0.372844706742171,0.431019058148751,-7.37976415728999,Subexpresso,FALSE
LumB,mapk14,-0.0464764764449438,0.000262414338429099,-0.843379607436379,0.399113593166623,0.460298460043582,-7.42130563859132,Subexpresso,FALSE
LumB,ep300,-0.046357932663327,0.00121692145492883,-0.839815836925759,0.40110861112354,0.461510849033909,-7.42430014658349,Subexpresso,FALSE
LumB,dnah2,-0.0450463961756785,-0.0014702688455456,-0.822408593487035,0.410939088346536,0.471711770425954,-7.43874471373933,Subexpresso,FALSE
LumB,akt3,0.0441457143512836,-0.00439135477069056,0.800270869417251,0.423645685969582,0.48515864271458,-7.45667789712022,Superexpresso,FALSE
LumB,bbc3,0.0429474677210864,-0.00036151818661044,0.777256513694003,0.437096238575407,0.499392665101341,-7.47480277101878,Superexpresso,FALSE
LumB,tert,0.0426157758061804,0.000994570374275171,0.771126828349388,0.44071974786669,0.50235887344245,-7.47954105130594,Superexpresso,FALSE
LumB,map3k1,0.0400173833634126,0.000743753294675805,0.759572572410803,0.447596588651542,0.50901100430373,-7.4883706064932,Superexpresso,FALSE
LumB,tnk2,0.0411991215626017,-0.0027983131259884,0.756165918798503,0.44963574549308,0.510143572032752,-7.49094847989708,Superexpresso,FALSE
LumB,or6a2,0.0412208020792641,0.00169715340010543,0.743602291139654,0.457201486448985,0.517526682577671,-7.50035547789744,Superexpresso,FALSE
LumB,izumo1r,0.0407969873427072,0.00164217185028993,0.736102564907373,0.461751665384767,0.521470125573097,-7.50589580625724,Superexpresso,FALSE
LumB,apc,0.0404851058076191,-0.00371729045861887,0.734335803482194,0.462827253013927,0.521480476322143,-7.50719280981918,Superexpresso,FALSE
LumB,hes7,-0.0404371373266488,0.00141623616236162,-0.729430522255498,0.465820859028112,0.523646896700568,-7.5107775123622,Subexpresso,FALSE
LumB,clrn2,-0.0401520568511974,0.00100342646283606,-0.723743726814694,0.469304841115308,0.526353365379325,-7.51490327637061,Subexpresso,FALSE
LumB,stk11,0.0396372802396096,-0.00352783342119136,0.7196194358503,0.471840558328501,0.527685260075772,-7.51787525368487,Superexpresso,FALSE
LumB,arid1a,0.0387115912372326,0.00187648919346336,0.7183044978081,0.472650601049464,0.527685260075772,-7.51881923327051,Superexpresso,FALSE
LumB,rad50,-0.0391495265658269,-0.00114027411702688,-0.706904720919957,0.479705236270191,0.533184395392747,-7.5269306792362,Subexpresso,FALSE
LumB,atm,-0.0391616030086106,-0.000784132841328415,-0.706821543406049,0.479756920189792,0.533184395392747,-7.52698938710139,Subexpresso,FALSE
LumB,tubb1,-0.0382166614226701,-0.00253510806536637,-0.700848277265022,0.483476457370699,0.536099745247782,-7.53118734988859,Subexpresso,FALSE
LumB,hsd17b3,0.0354692961902336,-0.00299694254085398,0.646245910112611,0.51819173211109,0.573293567878559,-7.56791084105652,Superexpresso,FALSE
LumB,cyp17a1,0.0353771445586585,-0.00383025830258302,0.638922093390347,0.522944285248783,0.577245497712539,-7.57261022160239,Superexpresso,FALSE
LumB,braf,0.0330202891203017,0.00126557722720084,0.623385043119771,0.533100186335302,0.587130610626042,-7.58240241313751,Superexpresso,FALSE
LumB,itgb3,0.0331874366689834,0.00129077490774908,0.600594209843479,0.548176028821408,0.602377703581277,-7.59633030999126,Superexpresso,FALSE
LumB,csf1,0.0323832637223036,-0.000404059040590405,0.591813588318434,0.554040034348387,0.607456450216057,-7.60155794643317,Superexpresso,FALSE
LumB,ncoa3,-0.0295668299304776,-0.000854454401686875,-0.570539738212172,0.56837355329029,0.621777779773942,-7.61390446489151,Subexpresso,FALSE
LumB,itgav,0.0307947622600384,0.0019598840274117,0.566636213219959,0.571022781769919,0.623281563137255,-7.61612082218936,Superexpresso,FALSE
LumB,inhbc,-0.0313243774224032,0.00114243542435424,-0.563823770425372,0.572935133608735,0.623976125466974,-7.6177082784339,Subexpresso,FALSE
LumB,gps2,-0.0293540281492362,-0.00188845545598313,-0.530290311092045,0.595967527429947,0.647618046473875,-7.63602754261132,Subexpresso,FALSE
LumB,clk3,0.0282830152457967,-0.000661096468107539,0.510217786505084,0.609953277455535,0.661346236531611,-7.64645601200671,Superexpresso,FALSE
LumB,fanca,-0.0258080321180065,-0.000121244069583552,-0.465953817920216,0.641297569135289,0.693793166608753,-7.66803128801166,Subexpresso,FALSE
LumB,cxcr2,0.02553532672979,0.00129947285187138,0.460551846721303,0.64516853099719,0.696440202334715,-7.67053039730031,Superexpresso,FALSE
LumB,cxcr1,-0.0244126286880072,-0.00340300474433316,-0.444028698130225,0.657068235972778,0.707723276190943,-7.67799363119963,Subexpresso,FALSE
LumB,tgfb1,-0.0225263456698754,0.000892988929889299,-0.405962812248869,0.684811874033489,0.735984629455771,-7.69414995317675,Subexpresso,FALSE
LumB,afdn,0.0210560987002471,-0.000179704797047972,0.388359694988009,0.697789793556134,0.748287739142433,-7.70113200854502,Superexpresso,FALSE
LumB,birc6,-0.0212534588122392,-0.000623563521349499,-0.385543240261559,0.699874581947418,0.748881117226011,-7.70222040671811,Subexpresso,FALSE
LumB,hsd3b2,-0.0209926732326245,0.00131576172904586,-0.378830845447562,0.704852321718473,0.752560666638282,-7.70478242811153,Subexpresso,FALSE
LumB,flt3,0.0183270487763033,0.00130237216657881,0.337051663282901,0.736112115709432,0.784224018696977,-7.71971740897267,Superexpresso,FALSE
LumB,ush2a,0.0183434321287947,-0.00291254612546126,0.330581365264186,0.740994171407873,0.787709021344456,-7.72187450102453,Superexpresso,FALSE
LumB,agmo,-0.0178515591864748,-0.000210964681075381,-0.321584664309286,0.747799823530734,0.793219335589,-7.72480437613817,Subexpresso,FALSE
LumB,hdac9,0.0164298667491045,-0.00259583552978387,0.297939462423872,0.765779260699945,0.810532594117474,-7.73211932099361,Superexpresso,FALSE
LumB,nr1i2,-0.0162048559690059,-0.00249335793357934,-0.294192871303173,0.768640016729095,0.811803386998979,-7.7332271344958,Subexpresso,FALSE
LumB,acvr1c,0.0150644922386498,-0.00238350026357406,0.2734538368912,0.784531646629748,0.82680167069385,-7.73910581291313,Superexpresso,FALSE
LumB,rbpjl,0.0142248244881973,0.00129235635213495,0.256752539054846,0.797395319746595,0.838192896688753,-7.74352772782563,Superexpresso,FALSE
LumB,akt1,-0.0133093218769558,0.000387822878228783,-0.254973739312405,0.798768690914027,0.838192896688753,-7.74398228531572,Subexpresso,FALSE
LumB,bmpr2,-0.0129503862214147,0.000494254085397997,-0.239260564940144,0.810927222550482,0.849129361514316,-7.74786033218571,Subexpresso,FALSE
LumB,mapk12,0.0122721940867087,0.00169504480759094,0.224757517818297,0.822190094369027,0.859083239629175,-7.75122090135073,Superexpresso,FALSE
LumB,cyp11b2,0.0113041377782888,0.0000000527148128642228,0.203904354121256,0.838448280933055,0.874203005066661,-7.75568472603508,Superexpresso,FALSE
LumB,gdf2,0.0111667705963277,0.00317364259356879,0.201214321874322,0.840550757460722,0.874530468932539,-7.75622892927778,Superexpresso,FALSE
LumB,myo1a,0.0104552970419636,0.000912335266209806,0.189273226972823,0.849897228991526,0.882377377870182,-7.75855741360499,Superexpresso,FALSE
LumB,casp8,0.0102086037979937,0.00094190827622562,0.186813694926691,0.851825011163082,0.882505149277007,-7.75901932989974,Superexpresso,FALSE
LumB,nbn,0.0090818382606463,0.00149119662625198,0.163715181538177,0.869971343984378,0.899399550123385,-7.76306258687249,Superexpresso,FALSE
LumB,tp53,0.00871797637807767,0.000108381655245125,0.158080068938178,0.874409120876018,0.902080295587284,-7.76396812508748,Superexpresso,FALSE
LumB,acvr2b,0.00713969560971222,-0.00117564575645757,0.130456953519665,0.89621758204299,0.922632416040047,-7.76794827826495,Superexpresso,FALSE
LumB,apaf1,-0.00625179398635742,0.00157859778597786,-0.114190317816993,0.909097998293506,0.933926304969589,-7.76993558523046,Subexpresso,FALSE
LumB,chek1,-0.00435258913711509,0.0015516078017923,-0.0995048172233131,0.920747015432556,0.943910462361677,-7.77150275657295,Subexpresso,FALSE
LumB,bmp15,-0.00484376877763178,-0.00082182393252504,-0.0876068900382724,0.930197597424351,0.951603818285581,-7.77261446950214,Subexpresso,FALSE
LumB,smad2,0.00444631151060534,0.000572377438060095,0.0800268306174407,0.936223650456548,0.951946581181069,-7.77324901462583,Superexpresso,FALSE
LumB,cdk4,0.004099614962659,0.00258086452293094,0.078548831979449,0.937399071683619,0.951946581181069,-7.77336605718225,Superexpresso,FALSE
LumB,hsd3b1,-0.00424153574620567,0.000124512387981023,-0.07641677987292,0.939094903097672,0.951946581181069,-7.77353104757333,Subexpresso,FALSE
LumB,mmp17,0.00420832398682076,-0.00187480231945177,0.0758775995792998,0.939523808895957,0.951946581181069,-7.77357205350331,Superexpresso,FALSE
LumB,eif4ebp1,0.00387574909140613,-0.00087053241960991,0.074944310207124,0.940266255031608,0.951946581181069,-7.77364234721318,Superexpresso,FALSE
LumB,e2f6,0.00297361671021528,0.000406642066420664,0.0536317911698543,0.957233701195567,0.96712247910048,-7.77501078099254,Superexpresso,FALSE
LumB,mmp26,-0.00281456561914431,0.000684132841328412,-0.0507113500488662,0.959560423708972,0.967474324110695,-7.7751629554583,Subexpresso,FALSE
LumB,agtr2,0.0021166819814834,-0.000415129151291514,0.0383927433716404,0.969378247884868,0.975362064229836,-7.77571109207554,Superexpresso,FALSE
LumB,ctnna3,-0.00162172524972525,-0.00090980495519241,-0.0292037855196022,0.976704876605983,0.9807159849288,-7.77602127679974,Subexpresso,FALSE
LumB,mmp21,0.00133750626028353,0.00136541908276226,0.0240937566987571,0.980780145011728,0.982789940390851,-7.77615728352283,Superexpresso,FALSE
LumB,thsd7a,-0.000817900153118277,-0.00246399578281497,-0.0148536365083898,0.988150379599005,0.988150379599005,-7.7763369991848,Subexpresso,FALSE
Normal,cdk1,-1.03931478636556,0.00170500790722193,-14.2430921953064,5.31314476825155e-44,2.59812779167501e-41,89.0956113638244,Subexpresso,TRUE
Normal,chek1,-0.966983207048484,0.0015516078017923,-13.8682648697869,6.69992582582545e-42,1.63813186441432e-39,84.3039802949763,Subexpresso,TRUE
Normal,abcb1,1.02202336830796,0.000891829204006327,13.2746950697076,1.14322797943665e-38,1.86346160648174e-36,76.9342431463714,Superexpresso,TRUE
Normal,aurka,-0.938499197321911,0.0000494992092778091,-13.2116134702866,2.48150119671786e-38,3.03363521298759e-36,76.1669588898799,Subexpresso,TRUE
Normal,cdc25a,-0.938240725288741,-0.000103321033210332,-13.1408442632696,5.89822337014934e-38,5.76846245600605e-36,75.3098448299564,Subexpresso,TRUE
Normal,nr2f1,1.04570403449326,0.00111133368476542,12.7780045912454,4.76087326457765e-36,3.88011171063079e-34,70.9638459016795,Superexpresso,TRUE
Normal,lama2,0.97567217445096,-0.00122503953610965,12.5200120198243,9.91771608970421e-35,6.92823309695051e-33,67.9589411422486,Superexpresso,TRUE
Normal,spry2,0.977549308801468,-0.000468160253031102,12.4198166059164,3.19613709830761e-34,1.95363880134053e-32,66.8011675258577,Superexpresso,TRUE
Normal,adgra2,0.945715993172001,-0.0026934106483922,11.9918721842907,4.32536410006712e-32,2.3501144943698e-30,61.9468391054799,Superexpresso,TRUE
Normal,kit,0.92871753534248,0.000919504480759093,11.8819450844495,1.48998841119922e-31,7.2860433307642e-30,60.7237822627648,Superexpresso,TRUE
Normal,ccne1,-0.801092328609766,-0.000208065366367947,-11.8043123899111,3.54791545587977e-31,1.57720968902291e-29,59.8659588362966,Subexpresso,TRUE
Normal,ccnb1,-0.90823232772551,-0.000489035318924617,-11.77403335097,4.96999737018757e-31,1.95248200699162e-29,59.5327149209291,Subexpresso,TRUE
Normal,e2f2,-0.855722762789674,-0.000510648392198207,-11.7701262019565,5.19064746234992e-31,1.95248200699162e-29,59.4897683057355,Subexpresso,TRUE
Normal,e2f7,-0.836482023649552,-0.000637374802319452,-10.7029393318067,4.61113274725042e-26,1.61060279528961e-24,48.2318428578214,Subexpresso,TRUE
Normal,fancd2,-0.807099380200907,0.000508170795993674,-10.694091317091,5.047963838655e-26,1.64563621140153e-24,48.1424837819035,Subexpresso,TRUE
Normal,pik3r1,0.839404896703608,-0.00150479704797048,10.2560773054191,4.12732823485883e-24,1.26141469177873e-22,43.7964072275028,Superexpresso,TRUE
Normal,ahnak,0.784480895601384,-0.00137179757511861,10.1728822944809,9.28908300340739e-24,2.67197740509777e-22,42.996017574653,Superexpresso,TRUE
Normal,tgfb3,0.765663524349792,-0.00108096995255667,10.0359823408441,3.51740811091835e-23,9.55562536799485e-22,41.6827928393235,Superexpresso,TRUE
Normal,msh6,-0.775600291920678,0.000937005798629415,-9.85391084789617,2.01589572303275e-22,5.18827899243692e-21,39.9613004862595,Subexpresso,TRUE
Normal,lamb3,0.76059624393463,-0.000418028465998946,9.58309120428847,2.56669040122149e-21,6.27555803098655e-20,37.4538777465277,Superexpresso,TRUE
Normal,e2f3,-0.693341805059902,0.000299261992619929,-9.55940567311725,3.1966663250057e-21,7.4436658710847e-20,37.2376200761447,Subexpresso,TRUE
Normal,tgfbr3,0.76791255431278,-0.00316062203479178,9.33197759110825,2.5760942209282e-20,5.72595488197222e-19,35.1822921634176,Superexpresso,TRUE
Normal,rad51,-0.7195757534709,0.0014248286768582,-9.0384801640442,3.52826291588042e-19,7.50139376463271e-18,32.6058604155159,Subexpresso,TRUE
Normal,cdk2,-0.721729249527774,0.00104022140221402,-8.86655382323378,1.58601169426483e-18,3.23149882706459e-17,31.127239210384,Subexpresso,TRUE
Normal,mapt,0.584321527316098,0.000330680021085925,8.67710246877975,8.01730613014217e-18,1.56818507905581e-16,29.5337243654785,Superexpresso,TRUE
Normal,chek2,-0.645497507436262,0.00156715867158672,-8.07665860067159,1.11340102707055e-15,2.09405039322114e-14,24.6878777584255,Subexpresso,TRUE
Normal,tgfbr2,0.627894767146224,-0.0000255666842382718,8.06394171639637,1.23173905835627e-15,2.23081629457859e-14,24.5887664169447,Superexpresso,TRUE
Normal,cdkn2a,-0.597425767128975,0.000902055877701633,-8.0014981816998,2.01838759441341e-15,3.52496976310056e-14,24.1042310123773,Subexpresso,TRUE
Normal,stat5b,0.661274886046716,-0.000358882445967318,7.98449513278398,2.31663115875723e-15,3.90631943666305e-14,23.9692063325036,Superexpresso,TRUE
Normal,dll1,0.668964600949719,-0.00073120716921455,7.90525078328259,4.30847752782465e-15,6.97858472685144e-14,23.3606620119901,Superexpresso,TRUE
Normal,mmp1,-0.649395074637021,0.0011309963099631,-7.90166455927917,4.42405166732913e-15,6.97858472685144e-14,23.3346400914019,Subexpresso,TRUE
Normal,gata3,0.467106953115158,-0.000376910911966263,7.83266810996986,7.53872711513661e-15,1.15201173728181e-13,22.8119313480482,Superexpresso,FALSE
Normal,casp3,-0.649665709362514,0.00135292567211386,-7.77859972585277,1.14767328157518e-14,1.70064313542505e-13,22.400118244417,Subexpresso,TRUE
Normal,rbl1,-0.629791088682043,0.00041375856615709,-7.76142785617622,1.30582616205282e-14,1.87808527424656e-13,22.2734659365759,Subexpresso,TRUE
Normal,e2f8,-0.636586149412038,0.00156188719030047,-7.74292454297133,1.50638745899984e-14,2.10463847843121e-13,22.1334898894947,Subexpresso,TRUE
Normal,aph1b,0.560117451502825,0.00023911439114391,7.69219046571241,2.21302915811665e-14,3.00603127310845e-13,21.7564617421741,Superexpresso,TRUE
Normal,nras,-0.607435471794679,0.000972535582498683,-7.58293408286412,5.0510632232187e-14,6.65102391953517e-13,20.9480482719533,Subexpresso,TRUE
Normal,prkcq,-0.634822424552635,-0.00057011070110701,-7.58031458397841,5.16848484544655e-14,6.65102391953517e-13,20.9256971239852,Subexpresso,TRUE
Normal,acvrl1,0.585983387240822,-0.00234818133895625,7.56485171778165,5.78424341188055e-14,7.25255135489638e-13,20.8153076523614,Superexpresso,TRUE
Normal,rps6ka2,0.612475358601642,-0.0000288877174486031,7.43633357462428,1.50580305072835e-13,1.84084422951541e-12,19.8786770435094,Superexpresso,TRUE
Normal,jag1,0.618418176160117,-0.00351101739588824,7.31624326764867,3.62874925700072e-13,4.32794728456916e-12,19.018069477454,Superexpresso,TRUE
Normal,stat1,-0.600293803638846,-0.000198365840801266,-7.30387366717016,3.96534112782489e-13,4.51893819682446e-12,18.9312457060386,Subexpresso,TRUE
Normal,acvr1b,0.583037643987926,0.00175060622034792,7.30332809898233,3.97370843483541e-13,4.51893819682446e-12,18.9290902869264,Superexpresso,TRUE
Normal,pdgfrb,0.59825445753813,-0.00241507643647865,7.27819717287546,4.77420212908997e-13,5.30587463892044e-12,18.7496604914686,Superexpresso,TRUE
Normal,slc19a1,-0.586442804785916,0.00075719557195572,-7.25608140241853,5.59485458205572e-13,6.01165068315036e-12,18.5944770857672,Subexpresso,TRUE
Normal,sptbn1,0.619802425881944,-0.0023409594095941,7.25489904567229,5.65513152198193e-13,6.01165068315036e-12,18.584109945259,Superexpresso,TRUE
Normal,pdgfa,0.622887426496738,-0.00159936742224565,7.22905546964506,6.81042262417451e-13,7.08573758132199e-12,18.402327468065,Superexpresso,TRUE
Normal,fgf1,0.618823204454364,0.00135851344227728,7.16694164602065,1.06201016688015e-12,1.08192285750916e-11,17.9679446441916,Superexpresso,TRUE
Normal,prkd1,0.596364398240482,-0.000488191881918821,7.09632812787167,1.75240307046678e-12,1.74882673766991e-11,17.4784532559454,Superexpresso,TRUE
Normal,prkci,-0.597371803867514,0.00129188191881919,-6.98501299133414,3.82383906271975e-12,3.73971460333991e-11,16.7161966431001,Subexpresso,TRUE
Normal,sbno1,-0.589938211190669,0.00365993674222457,-6.85735700279802,9.22699257006298e-12,8.84705758188392e-11,15.8561978359197,Subexpresso,TRUE
Normal,kras,-0.593444849371506,0.00315292567211386,-6.84702509143414,9.90238573821622e-12,9.31205120382256e-11,15.7872559918419,Subexpresso,TRUE
Normal,hsd17b10,-0.574532214607802,0.000939957828149711,-6.82913029181199,1.11886178477259e-11,0.000000000103230832595056,15.6680842098912,Subexpresso,TRUE
Normal,arid5b,0.563780782774254,0.00152409066947812,6.80647329977339,1.30508599352191e-11,0.000000000118182787191151,15.5178486226799,Superexpresso,TRUE
Normal,foxo1,0.531363032833124,-0.000643384290985763,6.77915322005793,1.5677806471283e-11,0.000000000139389952081043,15.3388185184908,Superexpresso,TRUE
Normal,mecom,0.579066115065057,-0.00169051133368476,6.76538317108159,1.72454864133123e-11,0.000000000150590051001959,15.2459783968782,Superexpresso,TRUE
Normal,mmp9,-0.549443707341766,-0.00125313653136531,-6.76178796268308,1.76479368529662e-11,0.000000000151400721422816,15.2234042949194,Subexpresso,TRUE
Normal,brca1,-0.552788709167397,0.00116578808645229,-6.73624352580397,2.09715497864647e-11,0.000000000176811859406573,15.0551275696579,Subexpresso,TRUE
Normal,cul1,-0.561024824300597,0.0010520295202952,-6.71897421783558,2.357501835874e-11,0.000000000195392948769896,14.9410604789457,Subexpresso,TRUE
Normal,msh2,-0.570966098115597,0.00155513969425409,-6.70557326886952,2.57928335848599e-11,0.000000000210211593716608,14.8533868073878,Subexpresso,TRUE
Normal,mmp12,-0.530582802811248,0.00015282024248814,-6.69261869383542,2.80726906892828e-11,0.000000000225041733558349,14.7706740346251,Subexpresso,TRUE
Normal,lifr,0.571082337936034,0.00106136004217185,6.67581860513087,3.14732078979108e-11,0.000000000248232236485135,14.6593205940047,Superexpresso,TRUE
Normal,bard1,-0.556934826903859,-0.000398892988929888,-6.67079212001611,3.25468464586355e-11,0.000000000252625522512266,14.6266183939002,Subexpresso,TRUE
Normal,mmp11,-0.5634965249435,-0.0015074327886136,-6.60492337799639,5.04058651179731e-11,0.000000000385132313167013,14.200258829954,Subexpresso,TRUE
Normal,prps2,-0.561447336281476,0.00187037427517132,-6.59242867145888,5.47421557477491e-11,0.000000000411829448625374,14.1198398067196,Subexpresso,TRUE
Normal,akr1c3,0.56057636821144,0.000444965735371642,6.56994927023091,6.34814484283331e-11,0.00000000046803059775237,13.9755244401553,Superexpresso,TRUE
Normal,pten,0.541903290869692,-0.00142820242488139,6.56833471298001,6.41268917165824e-11,0.00000000046803059775237,13.9656368146928,Superexpresso,TRUE
Normal,diras3,0.553259096680195,0.000892461781760675,6.48957867428489,0.000000000107393586609988,0.000000000772286233121827,13.4634217820077,Superexpresso,TRUE
Normal,rdh5,0.541093974269175,-0.00391913547706906,6.48282620043003,0.000000000112192375027493,0.000000000795102483890493,13.42084211874,Superexpresso,TRUE
Normal,eif4ebp1,-0.532161504704687,-0.00087053241960991,-6.45554973608097,0.000000000133905928591995,0.000000000935428558306937,13.2485815006932,Subexpresso,TRUE
Normal,hla-g,-0.533022712828989,0.000753294675803902,-6.40639085330412,0.000000000183896468647564,0.00000000126655455167125,12.9397908472119,Subexpresso,TRUE
Normal,pdgfra,0.516099318193351,-0.000428518713758566,6.34002979332958,0.000000000280958170586805,0.00000000190817424190205,12.5273429901617,Superexpresso,TRUE
Normal,mapk1,-0.488324623760564,0.000156510279388509,-6.2958138789254,0.000000000371657332622472,0.00000000248959500893683,12.2551688518419,Subexpresso,FALSE
Normal,hes1,0.530799933186069,-0.000456510279388507,6.26109304486142,0.000000000463448101240278,0.00000000306251515549319,12.0406551659474,Superexpresso,TRUE
Normal,aph1a,-0.543321741190582,0.00119362150764365,-6.25664155316583,0.000000000476612611597109,0.00000000310751422761315,12.0134231469247,Subexpresso,TRUE
Normal,bmp4,0.512630420562294,-0.00084934106483922,6.19033229444505,0.000000000721782281548033,0.00000000464409915364458,11.6100263321775,Superexpresso,TRUE
Normal,cdkn2c,0.508977550465997,-0.00141228255139694,6.13863769227343,0.000000000994653142458123,0.00000000631669333327302,11.2984686467712,Superexpresso,TRUE
Normal,hdac2,-0.504681571826841,0.0008554032683184,-6.13468041905429,0.00000000101888640250431,0.00000000638763398493085,11.2750591503632,Subexpresso,TRUE
Normal,psenen,-0.510714828642012,0.000698523985239852,-6.09871293686124,0.00000000127230811088938,0.00000000787542615474564,11.0593708593763,Subexpresso,TRUE
Normal,tbx3,0.493404027152352,-0.00037464417501318,6.09068257740683,0.00000000133552973188176,0.00000000813064449173004,11.0122202477969,Superexpresso,FALSE
Normal,mmp28,0.511988421176718,-0.00159683711122826,6.08944688656614,0.00000000134679387286326,0.00000000813064449173004,11.0041246494194,Superexpresso,TRUE
Normal,runx1,0.484563364780807,-0.00191539272535583,5.91023751373028,0.00000000398239659577798,0.000000023748682138237,9.95211804306897,Superexpresso,FALSE
Normal,igf1,0.487673635460966,-0.000701897733263046,5.87871861401837,0.0000000048075151045345,0.000000028323793808643,9.76961939664078,Superexpresso,FALSE
Normal,dab2,0.472237876180913,-0.00313479177648919,5.83332113518097,0.00000000628286082816712,0.0000000365752255354015,9.51014905778096,Superexpresso,FALSE
Normal,erbb3,0.410137314846032,0.00135687928307855,5.82352698588217,0.00000000665555843023751,0.0000000382890361457193,9.45430610605262,Superexpresso,FALSE
Normal,acvr2a,0.498048295337261,0.00100637849235635,5.78950749710588,0.00000000813752211208363,0.0000000462703292187081,9.25966015445909,Superexpresso,FALSE
Normal,map2k5,0.494481830415574,0.00142503953610965,5.78136364083456,0.00000000853489896285243,0.0000000479720183084464,9.2134831795073,Superexpresso,FALSE
Normal,smarcc2,0.483205332813454,-0.000145282024248815,5.71773090748249,0.0000000123614316121992,0.0000000686902279359706,8.85484279518051,Superexpresso,FALSE
Normal,braf,-0.476859688567953,0.00126557722720084,-5.64771639913121,0.0000000185007241364642,0.000000101650046098101,8.46467809943205,Subexpresso,FALSE
Normal,ar,0.415303707156526,-0.000469372693726938,5.60449990149524,0.0000000236507422410344,0.000000128502366176287,8.22708949272919,Superexpresso,FALSE
Normal,hsd17b4,0.424382078496834,-0.000123668950975223,5.58943482372677,0.0000000257637750925464,0.000000138444901321486,8.14435603908084,Superexpresso,FALSE
Normal,spen,0.477813504808992,0.000110753821823932,5.53469738615041,0.0000000351320106832881,0.000000186734274175303,7.84470310401746,Superexpresso,FALSE
Normal,dtx3,0.452518788584632,-0.00122498682129679,5.5033600899947,0.0000000418663283918247,0.000000220135855737659,7.67525842440048,Superexpresso,FALSE
Normal,map2,-0.414840741612869,-0.0011566684238271,-5.45492728734466,0.0000000547991856644696,0.000000285072359467294,7.4152602745363,Subexpresso,FALSE
Normal,cbfb,-0.434998442763667,0.00143368476541908,-5.42983873247618,0.0000000629653005166186,0.000000324105599501331,7.28117744463034,Subexpresso,FALSE
Normal,bcl2,0.386152739276201,0.000537216657880864,5.38133623541308,0.0000000822258371923914,0.000000418837858198744,7.02366538455272,Superexpresso,FALSE
Normal,ugt2b7,0.460080275305333,0.00195940959409594,5.36683668259698,0.0000000890954379395548,0.000000449151228375694,6.94635431891632,Superexpresso,FALSE
Normal,ptpn22,-0.437449181281505,0.00146895097522404,-5.30569384721295,0.000000124196584188666,0.000000619715608859773,6.62607879024122,Subexpresso,FALSE
Normal,plagl1,0.399719090174062,-0.000521085925144968,5.23977441974863,0.00000017695630483025,0.000000874056899616084,6.28493554933396,Superexpresso,FALSE
Normal,jag2,0.448849102069763,-0.00131560358460728,5.22785396777257,0.000000188742858779796,0.000000922952579433201,6.22291764032363,Superexpresso,FALSE
Normal,stab2,0.439790709394913,-0.0011575118608329,5.22411606097363,0.000000192544389263978,0.000000924369982054433,6.2037161382359,Superexpresso,FALSE
Normal,e2f5,-0.437449608955031,0.0020284659989457,-5.22385429251553,0.000000192813370489882,0.000000924369982054433,6.20237194355372,Subexpresso,FALSE
Normal,pik3ca,-0.452879159122084,0.00237738534528203,-5.21437843100459,0.000000202798820764425,0.000000953598979539862,6.1537570682229,Subexpresso,FALSE
Normal,ptprm,0.441636755170894,-0.000991723774380601,5.21436769124889,0.000000202810416916453,0.000000953598979539862,6.15370201784697,Superexpresso,FALSE
Normal,map2k1,-0.433743536079736,0.00199852398523985,-5.16678521072334,0.000000261007510791693,0.00000121554926454417,5.91088571522671,Subexpresso,FALSE
Normal,akr1c2,0.43931912903892,-0.000897680548234054,5.1565802249467,0.000000275442965125606,0.00000127067556553228,5.85909150548995,Superexpresso,FALSE
Normal,nr3c1,0.42477878712317,0.00211344227727992,5.11488182784126,0.000000342838809028711,0.0000015668053982714,5.64855546554269,Superexpresso,FALSE
Normal,palb2,-0.438388761741269,0.00280964681075382,-5.07626004368616,0.000000419341754152444,0.00000189868627574579,5.4549207883257,Subexpresso,FALSE
Normal,rheb,-0.416981572551462,0.00349478123352662,-5.06652783268267,0.000000440927609140089,0.00000197810642999544,5.40664688446884,Subexpresso,FALSE
Normal,akr1c4,0.431264393663055,-0.00066483921982077,5.05011933284864,0.000000480190014289968,0.00000213466288170722,5.32471550254249,Superexpresso,FALSE
Normal,mdc1,-0.427910460440851,0.00164343700579863,-5.02415557745641,0.000000549017589112083,0.00000241864505473701,5.1960408201366,Subexpresso,FALSE
Normal,hsd17b6,-0.435540174531211,-0.0000945703742751726,-4.99884748866323,0.00000062521291460401,0.00000272972424322644,5.07123850614352,Subexpresso,FALSE
Normal,hes6,-0.40432535961547,0.00107337901950448,-4.95794136698318,0.000000770140038218273,0.00000333272989990031,4.87108954064758,Subexpresso,FALSE
Normal,cdk8,-0.409358826829244,0.00210585134422773,-4.91547089625973,0.000000955272033589818,0.0000040976142493458,4.66446068104035,Subexpresso,FALSE
Normal,foxo3,0.417624384407944,-0.00131418028465999,4.91005104545875,0.000000981773030036835,0.00000417466966685228,4.63822206304409,Superexpresso,FALSE
Normal,peg3,0.428108996118459,0.000453452820242487,4.90818404828958,0.000000991054458733063,0.00000417780715793507,4.6291989988715,Superexpresso,FALSE
Normal,myc,0.397925754004358,0.00202298365840801,4.90297301203608,0.00000101695377319084,0.00000425034525718221,4.60441176743299,Superexpresso,FALSE
Normal,fgf2,0.418406638704983,-0.00401560358460727,4.89585170224567,0.00000105451978123755,0.00000437000146631491,4.56968185951587,Superexpresso,FALSE
Normal,heyl,0.411577454633069,-0.00338687401159726,4.85502967385776,0.00000129374422783224,0.00000531631031436945,4.37371439914394,Superexpresso,FALSE
Normal,ccnd2,0.376658400262617,0.000199420137058512,4.78668100909076,0.00000181451404782607,0.00000739414474489124,4.04967262361321,Superexpresso,FALSE
Normal,folr1,0.377798167388887,-0.000906694781233526,4.7401652701902,0.00000227949781424776,0.00000921218538154672,3.831370805756,Superexpresso,FALSE
Normal,mmp3,0.401406330062379,-0.000170005271481287,4.67438489621027,0.00000313820865781828,0.0000125785576530585,3.52578834414798,Superexpresso,FALSE
Normal,igf1r,0.340270006665381,-0.0000760147601476026,4.63873787000387,0.00000372257076188609,0.0000147994886387179,3.36260086542631,Superexpresso,FALSE
Normal,ccnd3,0.38094989820135,-0.000908803373748024,4.58992715999679,0.00000469974338038862,0.0000185336654275003,3.14015023423123,Superexpresso,FALSE
Normal,cdk4,-0.379749191358999,0.00258086452293094,-4.56457432210205,0.00000529834613980356,0.0000207271300989115,3.0257709423437,Subexpresso,FALSE
Normal,fn1,-0.398604246118034,-0.000311386399578283,-4.55706200014588,0.00000548964849167457,0.0000213050643843561,2.99194819164504,Subexpresso,FALSE
Normal,mmp13,-0.395480620846475,-0.00140774907749078,-4.51795145202854,0.00000659578868518501,0.0000253963832051612,2.81694344281122,Subexpresso,FALSE
Normal,mmp14,-0.393991605597451,0.000311544544016869,-4.49714393617812,0.00000726822051375416,0.0000277668736814515,2.724440444747,Subexpresso,FALSE
Normal,herc2,0.392488999930068,-0.00156794939377965,4.46593952390651,0.00000840093893087921,0.0000318454196682165,2.58650132571995,Superexpresso,FALSE
Normal,ppp2r2a,0.369727184855634,-0.00049630996309963,4.39962775326301,0.000011394262152005,0.0000428599553256186,2.29649886098757,Superexpresso,FALSE
Normal,kdm3a,-0.384349695751681,0.00160643120716921,-4.38997304429013,0.0000119071721089062,0.0000444473829103446,2.25463077720629,Subexpresso,FALSE
Normal,setd2,0.378402762135533,-0.000711597258829731,4.37419110906883,0.0000127933894580869,0.0000473936927651857,2.18638609721834,Superexpresso,FALSE
Normal,cxcl8,-0.35519638356306,0.00112208750658935,-4.35564757905644,0.0000139124840647887,0.000051151915095351,2.10666595422549,Subexpresso,FALSE
Normal,ctnna1,0.35237615367241,0.00212377438060095,4.34489689548997,0.0000146036773918199,0.0000532925242134323,2.06058683381442,Superexpresso,FALSE
Normal,map3k1,0.364036511965828,0.000743753294675805,4.33483223405963,0.0000152861982456589,0.00005537000697872,2.01724061804741,Superexpresso,FALSE
Normal,rassf1,-0.374719480625346,-0.000412335266209806,-4.28141601665376,0.0000194188823135445,0.0000698223047891416,1.79008502298697,Subexpresso,FALSE
Normal,hey1,0.37618852408495,0.000899420137058514,4.27728404495975,0.0000197794931160709,0.0000705997965967784,1.7726288515105,Superexpresso,FALSE
Normal,tsc1,0.362036449772001,0.0000076963626779124,4.24212408419146,0.0000231170570846702,0.0000819147892348097,1.62476002163674,Superexpresso,FALSE
Normal,mmp7,0.315948453041578,0.0015913020558777,4.22655681117968,0.0000247514983496873,0.0000870754150575329,1.55995635648532,Superexpresso,FALSE
Normal,epcam,-0.348725267619148,0.00133763837638376,-4.06862785774532,0.0000490641410354284,0.000171374035473746,0.912676222696144,Subexpresso,FALSE
Normal,vegfb,0.348003122545944,-0.000914971006852923,4.01547453230304,0.0000614412202697001,0.000213083380935343,0.700372031933763,Superexpresso,FALSE
Normal,vegfa,-0.33274067472644,0.000643226146547181,-4.01288110665092,0.0000621133330796368,0.000213897323070017,0.690106207387278,Subexpresso,FALSE
Normal,nfkb1,0.339551127271686,-0.0000645756457564579,4.00483261170085,0.0000642513891817958,0.00021971279237691,0.658196441300268,Superexpresso,FALSE
Normal,abcc10,-0.323872003962643,-0.00186404849762783,-3.97320681078686,0.0000733270533994868,0.000249006452169091,0.533632230192112,Subexpresso,FALSE
Normal,gsk3b,-0.321314754967166,-0.000355772272008434,-3.96808646837001,0.0000749078950122489,0.000252620418351653,0.513536553714398,Subexpresso,FALSE
Normal,col22a1,-0.32938816807052,0.000398207696362678,-3.9350327187955,0.0000859293185090213,0.000287804361307612,0.384300928810549,Subexpresso,FALSE
Normal,adam17,-0.32166727682436,0.00256436478650501,-3.89617447648799,0.000100817969550471,0.000335374061974017,0.233948286491468,Subexpresso,FALSE
Normal,tbl1xr1,-0.339541150847881,0.00162583025830259,-3.8921765847866,0.000102491521171914,0.000338637526034228,0.218483572180737,Subexpresso,FALSE
Normal,smarcb1,-0.326862119432627,-0.000230943595150237,-3.86062237462055,0.000116566581328122,0.00038255743805001,0.0975389529922586,Subexpresso,FALSE
Normal,l1cam,-0.330994886581884,0.00303584607274644,-3.83997989505955,0.000126740935565682,0.000413175449944122,0.0189431264314228,Subexpresso,FALSE
Normal,ubr5,-0.32816778968058,0.00135271481286241,-3.80849105363615,0.000143888025971147,0.000465968507946296,-0.10014982398061,Subexpresso,FALSE
Normal,brca2,-0.333998061283418,0.000181918819188193,-3.80516120533301,0.000145823914349713,0.000469130882348748,-0.112687010435885,Subexpresso,FALSE
Normal,tubb4b,-0.317315243649446,-0.00226837111228255,-3.7842477651923,0.000158554928074869,0.000506753985807914,-0.191180798886198,Subexpresso,FALSE
Normal,palld,0.321014630553091,-0.000357564575645757,3.72540375158318,0.000200223211794038,0.000635773704982367,-0.409748896472975,Superexpresso,FALSE
Normal,cyb5a,0.285537494676978,0.000373748023194519,3.69970043750526,0.000221435324683967,0.000698592734002967,-0.503999663092562,Superexpresso,FALSE
Normal,sdc4,0.305087565693832,-0.000555350553505536,3.69044662087766,0.000229640600212698,0.000719834958359034,-0.537984531553494,Superexpresso,FALSE
Normal,map3k4,0.315377164553226,-0.00202329994728519,3.63442075303081,0.000285397172513994,0.000888912212479893,-0.741039203464191,Superexpresso,FALSE
Normal,srd5a3,-0.308298933148754,0.000572851871375858,-3.6076948617602,0.000316252760630818,0.000978782278154874,-0.836817922769371,Subexpresso,FALSE
Normal,hsd17b11,0.291973387594538,0.000499420137058514,3.58500849859894,0.00034483187981332,0.00106052068697304,-0.917492472688995,Superexpresso,FALSE
Normal,slc29a1,0.311527786129429,0.000888402741170268,3.581294944733,0.000349778456210392,0.00106901040679301,-0.930743081351794,Superexpresso,FALSE
Normal,rad51d,-0.307143179829427,0.000113705851344226,-3.51602903644486,0.000447476880046747,0.00135910679716062,-1.16002029646413,Subexpresso,FALSE
Normal,smad3,0.299681016680784,-0.000168107538218239,3.50064721993671,0.000473951272891492,0.00143063069409839,-1.213449506705,Superexpresso,FALSE
Normal,muc16,-0.288360161809587,0.000691196626251977,-3.4768479901442,0.000517800858373011,0.00155340257511903,-1.29564857214877,Subexpresso,FALSE
Normal,ncor2,0.300739110384426,-0.0012078545071165,3.47060990151981,0.000529916121405193,0.0015800547766289,-1.31711761728214,Superexpresso,FALSE
Normal,hsd17b13,0.300238242944727,-0.00110079072219294,3.43174108836598,0.000611497794177688,0.00181225709910842,-1.44995529561674,Superexpresso,FALSE
Normal,prkcz,0.290204158960944,-0.000956352134949922,3.42912853508418,0.000617380734946162,0.00181866975535345,-1.45883088618983,Superexpresso,FALSE
Normal,ep300,0.301135761789725,0.00121692145492883,3.42238683622862,0.000632806029315686,0.00185294699602018,-1.48170349167588,Superexpresso,FALSE
Normal,arid1a,0.293800189315943,0.00187648919346336,3.42000229094047,0.000638347327742521,0.0018580466861077,-1.48978289978075,Superexpresso,FALSE
Normal,snw1,-0.29378585661829,0.000367633104902479,-3.40062010156139,0.000685092999979452,0.00198231051473344,-1.55524781340797,Subexpresso,FALSE
Normal,raf1,-0.290014231009189,-0.000700000000000001,-3.37005856206065,0.000765312620568652,0.002201399243871,-1.65772441594376,Subexpresso,FALSE
Normal,hsd17b2,0.26472565486971,-0.00060200316288877,3.35718983030199,0.000801514163576292,0.00229204927478834,-1.70049627289974,Superexpresso,FALSE
Normal,opcml,-0.285154456334399,0.0014475487612019,-3.32145278348462,0.000911066404535196,0.00259018297568437,-1.81882056923041,Subexpresso,FALSE
Normal,col12a1,-0.28195158890564,-0.00102567211386399,-3.2519778296117,0.00116446223689988,0.00329145684302915,-2.04506366751143,Subexpresso,FALSE
Normal,rasgef1b,-0.284093300595241,0.000483605693199789,-3.24773442392641,0.00118187690611762,0.00332148164995125,-2.05872881828502,Subexpresso,FALSE
Normal,nrip1,0.252740107394828,0.00261987348444913,3.23727836296726,0.001225660600226,0.00342484590577437,-2.09223615257566,Superexpresso,FALSE
Normal,bmp7,-0.272030187042685,0.000598207696362677,-3.23411875466977,0.00123939391910541,0.00344354333205991,-2.10245646117655,Subexpresso,FALSE
Normal,rad51c,-0.268963896170689,0.000779810226673698,-3.2173778688321,0.00131365619703763,0.00362925356130735,-2.15597168741899,Subexpresso,FALSE
Normal,smarcc1,-0.273040425065307,0.00161897733263047,-3.14800796173786,0.00166728663485603,0.00455923459300235,-2.3747941570675,Subexpresso,FALSE
Normal,cyp21a2,0.251132065387425,-0.00240817079599367,3.14768530558461,0.0016689222743301,0.00455923459300235,-2.37572222689858,Superexpresso,FALSE
Normal,shank2,0.270724781382663,-0.000877069056404849,3.14482590564421,0.00168543927468656,0.00457877669623182,-2.38471842679617,Superexpresso,FALSE
Normal,rictor,-0.275125319907905,0.0018566684238271,-3.12847823119697,0.00178159931419171,0.0048132710753577,-2.43554720115698,Subexpresso,FALSE
Normal,kdm5a,-0.267759339359643,-0.0000913020558777013,-3.1229925236224,0.00181498159333556,0.00487651647879719,-2.45254475868445,Subexpresso,FALSE
Normal,fgfr1,0.273377187247537,0.000138850817079599,3.11405687975849,0.00187059160242499,0.00499846608516841,-2.48016873150142,Superexpresso,FALSE
Normal,e2f1,-0.274126168655904,-0.00014412229836584,-3.11112625625675,0.00188916837724744,0.00502067030692389,-2.48921149181781,Subexpresso,FALSE
Normal,acvr1,0.268129212204274,0.00133352662098049,3.08356513942952,0.00207235602251482,0.00547774105410673,-2.57384165214907,Superexpresso,FALSE
Normal,rfng,-0.26691988247619,0.000346441750131788,-3.07410928633299,0.0021388706419837,0.00562315991360231,-2.60270522739853,Subexpresso,FALSE
Normal,mtap,-0.248741989420464,0.000935582498682131,-3.0700927960812,0.00216754514420304,0.00566807259633842,-2.61488857280652,Subexpresso,FALSE
Normal,akt1s1,-0.262595718664531,-0.000855192409066947,-3.06694451254265,0.00219056758195209,0.00566934631154907,-2.62451689101403,Subexpresso,FALSE
Normal,large1,0.261066436667579,-0.00171291512915129,3.06685512356653,0.00219121974004657,0.00566934631154907,-2.62478869863278,Superexpresso,FALSE
Normal,cyp11a1,0.252529294349647,-0.00189773326304692,3.05243871610574,0.00229870169589471,0.00591613225943427,-2.66850612766947,Superexpresso,FALSE
Normal,rbpj,-0.248268586864557,-0.000124037954665263,-3.04581405083695,0.00234966456198536,0.00601563335503058,-2.68851857381575,Subexpresso,FALSE
Normal,dtx1,0.262548636169448,-0.00339325250395361,3.04370603937967,0.00236623163879646,0.00602649620505974,-2.69491450693864,Superexpresso,FALSE
Normal,nfkb2,-0.254411418835133,-0.00125150237216658,-3.0019296000163,0.0027148225853023,0.00687848831198355,-2.82013565675924,Subexpresso,FALSE
Normal,mapk8,-0.263309067472823,0.0000473379019504473,-2.99011371329534,0.00282160559001117,0.00711219140987351,-2.855241505404,Subexpresso,FALSE
Normal,abcc1,-0.256362404932479,0.00334280442804428,-2.952165019071,0.00319103712134253,0.00800213924275126,-2.96706141876263,Subexpresso,FALSE
Normal,pik3r3,-0.254236617493224,-0.00211175540326832,-2.94821846123417,0.00323188684177963,0.00805512143921461,-2.97860908184041,Subexpresso,FALSE
Normal,mmp15,-0.239938485255911,-0.000574380600948866,-2.94693739501246,0.00324511027305783,0.00805512143921461,-2.98232730053484,Subexpresso,FALSE
Normal,smarcd1,0.256281522288962,-0.000465946230890883,2.92245646387708,0.00351046884634306,0.00864228353680747,-3.05361253660225,Superexpresso,FALSE
Normal,egfr,0.209581307810776,0.000139377965208223,2.92184677097744,0.00351700291170693,0.00864228353680747,-3.05532357586018,Superexpresso,FALSE
Normal,taf4b,-0.242539142783233,-0.00121502372166579,-2.89262261085355,0.00386029516451437,0.00943842167723763,-3.13965498171699,Subexpresso,FALSE
Normal,hif1a,-0.244577276192778,0.000824459673168162,-2.88448746465204,0.00396103632436342,0.00963655105777966,-3.16296523064733,Subexpresso,FALSE
Normal,pbrm1,-0.252150123044928,0.00176989984185556,-2.86388589679565,0.00422692840681709,0.0102325148066018,-3.22170517156554,Subexpresso,FALSE
Normal,cir1,-0.246225880413802,0.000177965208223511,-2.80645353606296,0.00505588058425239,0.0121789438704405,-3.383252801406,Subexpresso,FALSE
Normal,setdb1,-0.241379175314545,-0.000955350553505537,-2.79638556080956,0.0052154983646942,0.0125018563741935,-3.41123779754203,Subexpresso,FALSE
Normal,dnah2,0.241576647518153,-0.0014702688455456,2.76687348050207,0.00570997516544015,0.0136203797848792,-3.49269457409501,Superexpresso,FALSE
Normal,mmp27,0.240156781586435,-0.000661570901423298,2.75372981081129,0.00594351531710288,0.0140775780957172,-3.52869653354229,Superexpresso,FALSE
Normal,mapk3,0.227381260690846,0.000612809699525568,2.75285710825214,0.00595922017548766,0.0140775780957172,-3.53107086403561,Superexpresso,FALSE
Normal,rps6,0.235992511245038,0.000451713231418029,2.73359179645725,0.00631806924151827,0.0148535377841463,-3.58352665879299,Superexpresso,FALSE
Normal,pms2,-0.233524732713598,0.00241222983658408,-2.73042575111008,0.00637885189225774,0.0149246821785361,-3.592110561942,Subexpresso,FALSE
Normal,eif4e,-0.234572960149325,0.0020454401686874,-2.7142618493686,0.00669745454787128,0.0155955013043288,-3.63578082568934,Subexpresso,FALSE
Normal,hsd17b8,0.212952829405685,0.000843015287295729,2.71170538638748,0.00674867139182442,0.0156172292699015,-3.64262446324948,Superexpresso,FALSE
Normal,dll3,-0.224863589328769,-0.000706431207169216,-2.71064582410167,0.00677065972437449,0.0156172292699015,-3.64551505902229,Subexpresso,FALSE
Normal,psen2,-0.223538454317036,0.00168181338956247,-2.68139679815299,0.00738975439219376,0.0169652107877124,-3.72377892278262,Subexpresso,FALSE
Normal,pdgfb,-0.228747219381381,-0.001431418028466,-2.6566563295582,0.00795258767469085,0.0181720344529151,-3.78932063685895,Subexpresso,FALSE
Normal,lfng,0.211670269527477,-0.00049973642593569,2.6354284704301,0.00846537288995862,0.0192538015962315,-3.84504681596131,Superexpresso,FALSE
Normal,tsc2,0.222064881563558,-0.000988929889298891,2.62925096726605,0.00862063594428415,0.0195161619294211,-3.8612176994077,Superexpresso,FALSE
Normal,bmp15,-0.231082055731459,-0.00082182393252504,-2.6219707690163,0.00880634135588386,0.0198447047144111,-3.88019257092521,Subexpresso,FALSE
Normal,ccna1,-0.213635598193406,-0.000221613073273589,-2.61255308116532,0.00905163669041021,0.0203039006495899,-3.90464659614337,Subexpresso,FALSE
Normal,e2f4,-0.200286636866475,-0.000731365313653133,-2.6100418647655,0.00911782178727314,0.020358971935966,-3.91113768748532,Subexpresso,FALSE
Normal,mapk6,-0.224529757583857,0.00257000527148129,-2.59437169733269,0.00954325085345346,0.0212120439424488,-3.95165124977924,Subexpresso,FALSE
Normal,rptor,-0.222914437399164,-0.00131507643647865,-2.56342581504147,0.0104345444863539,0.023036974830317,-4.03088194150683,Subexpresso,FALSE
Normal,rbl2,0.221114891867144,0.00179615181866104,2.56262693548801,0.0104585039106961,0.023036974830317,-4.03291480332143,Superexpresso,FALSE
Normal,taf1,0.222941977193339,0.000904006325777544,2.54478662427694,0.0110064733008753,0.0240847026214279,-4.07814796359823,Superexpresso,FALSE
Normal,cacna2d3,0.218050603502856,-0.00293932525039536,2.54395382618896,0.0110326654134966,0.0240847026214279,-4.08025180750286,Superexpresso,FALSE
Normal,col6a3,0.211039820510806,-0.00161707959936742,2.50468226907255,0.0123324486369048,0.0268025217042063,-4.17868395303984,Superexpresso,FALSE
Normal,mmp25,-0.218477069295985,0.00104986821296784,-2.48674265329315,0.0129701098340648,0.0279846242915967,-4.22314223449917,Subexpresso,FALSE
Normal,stat3,0.211070876716834,0.00172308908803374,2.48617328180817,0.0129908174114365,0.0279846242915967,-4.22454806034648,Superexpresso,FALSE
Normal,myh9,0.211828304005481,0.0000313653136531369,2.47111274953118,0.0135492872152026,0.0290596554747109,-4.26161759477499,Superexpresso,FALSE
Normal,rps6kb2,-0.203325261956104,-0.00102883500263574,-2.46177592478602,0.013906009845065,0.0296944926385886,-4.28448407968669,Subexpresso,FALSE
Normal,akap9,-0.214132397492212,0.00146636794939378,-2.42862072077713,0.0152410132718072,0.0324037195213639,-4.36499900863494,Subexpresso,FALSE
Normal,apaf1,-0.211539650199558,0.00157859778597786,-2.42394727143584,0.0154379878898645,0.0326804159227003,-4.37626050148658,Subexpresso,FALSE
Normal,src,-0.203588296877271,-0.000882920400632577,-2.42196171436639,0.0155223507410854,0.0327173685878912,-4.3810385198794,Subexpresso,FALSE
Normal,mapk9,-0.205195982190411,0.000887875593041647,-2.41348578334257,0.0158870606781292,0.0333423719811381,-4.40139110558237,Subexpresso,FALSE
Normal,bche,0.212163503049734,0.000508803373748023,2.40850129824311,0.0161050407860336,0.0336168137399875,-4.41332682720899,Superexpresso,FALSE
Normal,hsd17b7,-0.202151199516439,0.00170548234053769,-2.4073600190641,0.0161553194864971,0.0336168137399875,-4.41605625309044,Subexpresso,FALSE
Normal,folr3,-0.206518869711545,0.000657406431207168,-2.38022128825471,0.0173922748919446,0.0360373831447496,-4.48058085923623,Subexpresso,FALSE
Normal,jak1,0.197267713518108,0.000967316816025303,2.32639426477464,0.020093597509522,0.0414589416968618,-4.60640646351158,Superexpresso,FALSE
Normal,tgfbr1,-0.201525077671874,-0.00200875065893516,-2.31076017963666,0.0209439302663876,0.0430318567237963,-4.64241605574895,Subexpresso,FALSE
Normal,maml3,0.200953325985686,0.00063974696889826,2.29594906060134,0.0217782799724488,0.0445497966165638,-4.67630730923863,Superexpresso,FALSE
Normal,mlst8,-0.192803406794781,-0.000751027938850817,-2.29443933597371,0.0218649308547552,0.0445497966165638,-4.67974973060042,Subexpresso,FALSE
Normal,prkce,0.196826304799089,-0.000406431207169215,2.28351532538354,0.0225009089369679,0.0456553712455489,-4.70459115179189,Superexpresso,FALSE
Normal,ush2a,-0.201787981568138,-0.00291254612546126,-2.28139156308976,0.0226264021013888,0.0456967079278858,-4.7094069351546,Subexpresso,FALSE
Normal,zfp36l1,0.198290177442522,0.0000929362150764346,2.28001311493335,0.0227081800132438,0.0456967079278858,-4.71253027925002,Superexpresso,FALSE
Normal,ptk2,-0.1944656445275,0.00087011070110701,-2.27171868425963,0.0232057027574482,0.0465065108540664,-4.73128448456011,Subexpresso,FALSE
Normal,nt5e,-0.18545854279625,-0.000529994728518714,-2.26746087043471,0.023464436904549,0.0468331005972428,-4.74087916191737,Subexpresso,FALSE
Normal,cyp3a4,-0.199278941731808,0.000708012651555089,-2.26522168845346,0.0236019993101841,0.0469161693604879,-4.74592708268852,Subexpresso,FALSE
Normal,maml2,0.182830429181633,0.000188033737480231,2.26034154227797,0.0239027931443092,0.0473217240792194,-4.75688470526589,Superexpresso,FALSE
Normal,agtr2,-0.197091651455145,-0.000415129151291514,-2.24268627267027,0.0250224776985487,0.0491626319229901,-4.79639284923244,Subexpresso,FALSE
Normal,mapk12,-0.195180325281124,0.00169504480759094,-2.24251219093265,0.0250337328196821,0.0491626319229901,-4.79678073325795,Subexpresso,FALSE
Normal,dlec1,0.192262901055334,-0.00213995782814971,2.20970226628253,0.0272348923331446,0.0532714494036309,-4.86935184216119,Superexpresso,FALSE
Normal,stmn2,0.190655995278937,-0.00139167105956774,2.19904298769464,0.0279850904381611,0.054520753881517,-4.89269962042853,Superexpresso,FALSE
Normal,jak2,-0.180906975974987,0.00145872430152873,-2.19499039229287,0.0282746203444915,0.0547673127360535,-4.90154190472443,Subexpresso,FALSE
Normal,ncoa3,-0.181249801111139,-0.000854454401686875,-2.19414556877193,0.0283356444217209,0.0547673127360535,-4.90338823130142,Subexpresso,FALSE
Normal,twist1,0.186106184772735,0.000371217712177123,2.19055860471178,0.0285948971742387,0.0550508059771761,-4.91120325165916,Superexpresso,FALSE
Normal,smad6,0.192398934983502,-0.00192156035846073,2.18851411460159,0.0287435438134568,0.0551126195727345,-4.91565144465848,Superexpresso,FALSE
Normal,ugt2b15,0.191526476335631,0.00202967843964154,2.18702247860869,0.0288524143366463,0.0551126195727345,-4.91889418558231,Superexpresso,FALSE
Normal,fam20c,0.176296352492298,-0.00339293621507644,2.14304465037177,0.032225304275904,0.0613158513265254,-5.01350521006748,Superexpresso,FALSE
Normal,numb,0.182789362837471,-0.0000413284132841339,2.12885583880289,0.0333839197928147,0.0632741735607999,-5.04362918189146,Superexpresso,FALSE
Normal,mmp10,0.184623928107115,-0.000686030574591461,2.11865314857007,0.0342385834054473,0.0646435030319062,-5.06516320136033,Superexpresso,FALSE
Normal,pik3r2,0.179798428445876,-0.000326410121244069,2.11567305459112,0.0344917254275882,0.0648709759003486,-5.07143361582232,Superexpresso,FALSE
Normal,ppp2cb,-0.184410862973986,0.00114554559831313,-2.10672257173659,0.0352616589371718,0.0660649472041265,-5.09021348934109,Subexpresso,FALSE
Normal,birc6,-0.184610764049302,-0.000623563521349499,-2.1009090805088,0.0357695683217449,0.0666854463551131,-5.10236886973099,Subexpresso,FALSE
Normal,map2k3,-0.172797873043947,-0.00124781233526621,-2.09927076792296,0.0359134632951669,0.0666854463551131,-5.10578451482494,Subexpresso,FALSE
Normal,wfdc2,0.18108726185816,-0.000420769636267791,2.09827262353257,0.0360019587684046,0.0666854463551131,-5.10787039244761,Superexpresso,FALSE
Normal,aff2,0.183037053749473,0.00114338429098577,2.08844759268171,0.0368793649774382,0.0678305981517743,-5.12831180507087,Superexpresso,FALSE
Normal,sox9,0.173600103204841,0.000939377965208224,2.08824489000147,0.0368976259884907,0.0678305981517743,-5.1287322131964,Superexpresso,FALSE
Normal,dnah11,-0.179925033343905,-0.000943911439114392,-2.07242785287693,0.0383490516401214,0.0702347799701099,-5.16143670292753,Subexpresso,FALSE
Normal,tnk2,0.179067604983735,-0.0027983131259884,2.06183036497229,0.0393484313952505,0.0717962050458116,-5.18321011619581,Superexpresso,FALSE
Normal,ahnak2,0.179792551456935,-0.00161813389562467,2.05999565240568,0.0395236791763891,0.0718478777593095,-5.18696839574545,Superexpresso,FALSE
Normal,stat5a,0.171304267462772,-0.00190131787032156,2.03632172910752,0.0418450767705956,0.0757860834845232,-5.23516386509664,Superexpresso,FALSE
Normal,usp9x,-0.176773636709358,0.00228824459673168,-2.01667923168637,0.0438578711756198,0.0791383727117272,-5.27473097750842,Subexpresso,FALSE
Normal,myo3a,-0.175716084876877,0.00114765419082762,-2.00324494530932,0.0452811176459744,0.0814061269444172,-5.30157251923541,Subexpresso,FALSE
Normal,bmpr2,0.171795122920201,0.000494254085397997,1.99115925555341,0.0465945927143758,0.0829607198310434,-5.32556688082394,Superexpresso,FALSE
Normal,ccnd1,0.15651268365469,-0.00148086452293094,1.9906614271782,0.0466482797189505,0.0829607198310434,-5.32654427812102,Superexpresso,FALSE
Normal,gldc,-0.173285418253711,0.00111797575118608,-1.99061216970608,0.0466548015409754,0.0829607198310434,-5.32664961752578,Subexpresso,FALSE
Normal,hey2,0.170074182717702,-0.000544491302055876,1.98612216062957,0.0471514237001748,0.0832836442077198,-5.33552458881551,Superexpresso,FALSE
Normal,srd5a2,-0.173783342427202,-0.00413463363205061,-1.98589170009882,0.0471770336309578,0.0832836442077198,-5.3359795794385,Subexpresso,FALSE
Normal,siah1,0.169861198174468,0.00144876120189773,1.97099327119861,0.0488576430801786,0.0859402426841991,-5.36528144868067,Superexpresso,FALSE
Normal,tulp4,-0.169414400230679,0.000264259356879282,-1.96810440764345,0.0491892747106722,0.0862134599767695,-5.37093775086794,Subexpresso,FALSE
Normal,bmp6,0.163149821048561,0.00126531365313653,1.96476843198371,0.0495745111161355,0.0865783426278224,-5.37745873330039,Superexpresso,FALSE
Normal,nr1i2,-0.17080127617353,-0.00249335793357934,-1.94529219398129,0.0518750115526373,0.0902735966165111,-5.41531298947716,Subexpresso,FALSE
Normal,cdk6,-0.141517473738312,0.0000848708487084863,-1.94286165744603,0.0521671357544804,0.0904600332763861,-5.42000380345399,Subexpresso,FALSE
Normal,tubb4a,-0.165231875822126,0.000296415392725357,-1.90687045559076,0.0566756442545113,0.0976919430285812,-5.4888872634889,Subexpresso,FALSE
Normal,kmt2d,-0.168362151631048,-0.00133700579862941,-1.90639538603388,0.0567372429859245,0.0976919430285812,-5.48978782710715,Subexpresso,FALSE
Normal,dtwd2,-0.162049742585045,0.00186705324196099,-1.8837488262673,0.0597389795434458,0.102499512269281,-5.53245828502986,Subexpresso,FALSE
Normal,smad5,-0.164110852474067,-0.000584290985767,-1.87352890686817,0.061136146101936,0.104529984069394,-5.5515481635814,Subexpresso,FALSE
Normal,st7,-0.157471760195045,0.00129567738534528,-1.84484793925378,0.0652023991065629,0.111042032113713,-5.60456878967496,Subexpresso,FALSE
Normal,ncor1,0.157569314636379,0.000651713231418029,1.84349917855325,0.0653989882387515,0.111042032113713,-5.6070420855886,Superexpresso,FALSE
Normal,ctbp2,0.158736723819833,-0.0000110701107011072,1.83742799850847,0.0662899604911444,0.112165365675327,-5.61815281578327,Superexpresso,FALSE
Normal,hras,-0.153828477554332,-0.00134312071692145,-1.82583772054723,0.0680186718678956,0.114693553597934,-5.63926248135588,Subexpresso,FALSE
Normal,nf1,-0.157334262614087,0.000254348972061148,-1.80575955331556,0.07110108490234,0.119479142670943,-5.67551623366881,Subexpresso,FALSE
Normal,arid2,-0.146099309022072,0.00103679493937797,-1.74981156685146,0.0802989666575201,0.134354632247875,-5.77442929413931,Subexpresso,FALSE
Normal,kdm6a,0.151907070027668,0.00355492883500264,1.74863177464403,0.0805028778090536,0.134354632247875,-5.77648169191547,Superexpresso,FALSE
Normal,foxp1,0.147456513059463,-0.00315898787559304,1.74069924410507,0.0818848610104713,0.135891308466079,-5.79024549456882,Superexpresso,FALSE
Normal,srd5a1,-0.132365045154166,0.00115487612018977,-1.74015339017583,0.0819794192177779,0.135891308466079,-5.79118715326258,Subexpresso,FALSE
Normal,men1,-0.151792774154709,-0.00000943595150237092,-1.73737772325952,0.0824692184947748,0.136241377851165,-5.79599016093055,Subexpresso,FALSE
Normal,myo1a,-0.151640485418525,0.000912335266209806,-1.72216492501293,0.08518898939386,0.139904611479909,-5.8221613338021,Subexpresso,FALSE
Normal,or6a2,-0.152096851468922,0.00169715340010543,-1.72127899160015,0.085349588488522,0.139904611479909,-5.82367836790691,Subexpresso,FALSE
Normal,prkacg,-0.151524527042234,0.000257828149710069,-1.72020312945681,0.0855449464877151,0.139904611479909,-5.82551958120629,Subexpresso,FALSE
Normal,kdr,0.150431337756089,0.00148365840801265,1.7138197833227,0.086711503263325,0.14133975031922,-5.83642032765164,Superexpresso,FALSE
Normal,fas,-0.140875790969162,-0.0000353716394306821,-1.70569768407192,0.0882140659012094,0.143311223341167,-5.8502312589317,Subexpresso,FALSE
Normal,slco1b3,-0.146524676197279,-0.00081180811808118,-1.66833332881845,0.0954007749698242,0.154473440265709,-5.91292685617694,Subexpresso,FALSE
Normal,smad9,0.143672689702262,-0.000617606747496046,1.64481337458274,0.100160100006724,0.161644517832634,-5.9516815818574,Superexpresso,FALSE
Normal,sik2,0.14162147205806,-0.00155519240906695,1.62836656488709,0.103599317733721,0.166315827179235,-5.97845556210256,Superexpresso,FALSE
Normal,ttyh1,0.118990697082547,-0.000492830785450711,1.62772152708603,0.103734820633265,0.166315827179235,-5.97949840200844,Superexpresso,FALSE
Normal,hsd3b2,0.143071291440447,0.00131576172904586,1.61970845042565,0.105447206504356,0.16850877117853,-5.99244239502297,Superexpresso,FALSE
Normal,utrn,0.141460766245291,0.000909330521876647,1.61505089581682,0.106452033770393,0.1693033875315,-5.99993571864278,Superexpresso,FALSE
Normal,rbpjl,-0.142554904052242,0.00129235635213495,-1.61419781740972,0.106636898486098,0.1693033875315,-6.00130586473637,Subexpresso,FALSE
Normal,cdkn1b,-0.138252805975268,0.00248265682656827,-1.60987298824474,0.107578023094014,0.170244832663342,-6.0082409486011,Subexpresso,FALSE
Normal,mmp17,-0.140557046945935,-0.00187480231945177,-1.58987801226256,0.112014971232017,0.176694583653085,-6.04006265455003,Subexpresso,FALSE
Normal,ryr2,-0.139091163861256,-0.00159620453347391,-1.58607148493069,0.112875793530149,0.177479945454157,-6.04607573385933,Subexpresso,FALSE
Normal,kmt2c,-0.136453288876375,0.00008539799683711,-1.58103990076141,0.114021651318928,0.178669700178078,-6.05400194104069,Subexpresso,FALSE
Normal,alk,-0.135928798755354,0.00052509225092251,-1.5795477337395,0.114363223222369,0.178669700178078,-6.05634770758275,Subexpresso,FALSE
Normal,ncoa2,-0.136533222840831,0.00213347390616763,-1.56776024205704,0.117089901621634,0.182347012398022,-6.07480060446734,Subexpresso,FALSE
Normal,csf1,-0.135737245729199,-0.000404059040590405,-1.55621684380998,0.11980936570068,0.185989777230579,-6.09273774167186,Subexpresso,FALSE
Normal,apc,0.136501662981465,-0.00371729045861887,1.55325989933834,0.120513885207158,0.186491423627533,-6.09731122242008,Superexpresso,FALSE
Normal,hsd3b7,-0.132759133138105,-0.00127316816025303,-1.52711954900493,0.126884024232291,0.195729614667477,-6.13736481121249,Subexpresso,FALSE
Normal,flt3,0.130982353393594,0.00130237216657881,1.51120538098658,0.130888728787311,0.201272290493695,-6.16141716211741,Superexpresso,FALSE
Normal,spaca1,-0.13318223382584,0.00184364786505008,-1.5070537650623,0.131949426138826,0.202267302137573,-6.16765048288565,Subexpresso,FALSE
Normal,cyp19a1,0.129416693517567,-0.00207480231945177,1.47377551173475,0.140694055467184,0.214998103510791,-6.21699684779729,Superexpresso,FALSE
Normal,maml1,-0.129030080253644,-0.00121660516605166,-1.46562824407609,0.142901429389607,0.217690962528093,-6.22891041249512,Subexpresso,FALSE
Normal,akt3,-0.126795300833097,-0.00439135477069056,-1.4419771591174,0.149460051749979,0.226975047533352,-6.2631214930382,Subexpresso,FALSE
Normal,ctbp1,0.126876668177584,-0.00268007380073801,1.43953348049175,0.150150595229153,0.227317774201412,-6.26662459317503,Superexpresso,FALSE
Normal,inha,-0.12335737452238,-0.00279109119662625,-1.42645627935961,0.15388744056015,0.232256044549116,-6.28527045053011,Subexpresso,FALSE
Normal,syne1,0.123099965472863,-0.00220595677385345,1.42291523772525,0.154911374302072,0.23308203702681,-6.29029015371171,Superexpresso,FALSE
Normal,bmf,-0.122637205888619,-0.000562361623616236,-1.40286504198914,0.160807015297778,0.241210522946667,-6.31847800408717,Subexpresso,FALSE
Normal,atm,-0.122663246020697,-0.000784132841328415,-1.38889857967588,0.165012961656874,0.246543615650434,-6.33787703679272,Subexpresso,FALSE
Normal,inhba,0.122494995262684,0.00161375856615709,1.38772287095507,0.165370768779841,0.246543615650434,-6.33950122322742,Superexpresso,FALSE
Normal,nrarp,-0.119136888816414,0.0021719557195572,-1.38277758928405,0.166882181544749,0.248040689286876,-6.34631786560514,Subexpresso,FALSE
Normal,cyp3a5,0.119426073110272,-0.000755824986821299,1.36921968806359,0.171079113144475,0.253508140386813,-6.36488167432788,Superexpresso,FALSE
Normal,erbb4,-0.118479173870072,-0.000410542962572483,-1.35008142836877,0.177137427929355,0.261692453950013,-6.39077547310232,Subexpresso,FALSE
Normal,mmp2,0.112488871176145,-0.000575645756457564,1.34382237030546,0.179153071441766,0.263873047997059,-6.39916493951697,Superexpresso,FALSE
Normal,mmp19,-0.116386986910733,0.00236215076436479,-1.33553967335113,0.181846572016216,0.267035957104894,-6.41020701114169,Subexpresso,FALSE
Normal,arl11,0.117609522202106,-0.0000923036373220864,1.33185506441495,0.183054408650187,0.268004807874076,-6.41509724297988,Superexpresso,FALSE
Normal,map2k2,0.11390010023609,-0.00166752767527675,1.32110155698679,0.186613481482326,0.272399977447335,-6.42929223273336,Superexpresso,FALSE
Normal,bcl2l1,0.107552594517068,-0.000354981549815498,1.31772077285012,0.187742386547935,0.273232223279584,-6.43373143957479,Superexpresso,FALSE
Normal,notch3,0.111653931262497,-0.00155313653136532,1.30625527820856,0.191610848408231,0.277010683996432,-6.44870102785495,Superexpresso,FALSE
Normal,folr2,0.100952225827935,-0.00136831839746969,1.30607781363825,0.191669960987054,0.277010683996432,-6.44893219768753,Superexpresso,FALSE
Normal,gdf11,-0.113173493106304,-0.00114127569847127,-1.30373922670066,0.192467442505925,0.277010683996432,-6.45196860478639,Subexpresso,FALSE
Normal,hes4,0.112139870064442,0.0000697944122298378,1.30333722412139,0.192604565559892,0.277010683996432,-6.4524900997383,Superexpresso,FALSE
Normal,map3k3,0.112116314318852,-0.00138481813389562,1.30037618002234,0.193616791891045,0.27764988631883,-6.45632634600176,Superexpresso,FALSE
Normal,adam10,-0.11310733201651,0.00247933579335793,-1.29456106916361,0.195616041540413,0.279696620799011,-6.46383488918425,Subexpresso,FALSE
Normal,bap1,0.112588634944823,-0.00268144438587243,1.29125057368854,0.1967609412559,0.279749125923547,-6.4680944340666,Superexpresso,FALSE
Normal,prkg1,0.113649765320995,-0.00356441750131787,1.29114673761504,0.196796931120041,0.279749125923547,-6.46822786163173,Superexpresso,FALSE
Normal,abcb11,-0.113626136633182,0.000993147074327887,-1.28649424808778,0.198414450668165,0.281230917034008,-6.47419523712311,Subexpresso,FALSE
Normal,arrdc1,-0.105100845521252,0.000835424354243542,-1.28122060259822,0.200259144366596,0.283025206922733,-6.48093356539927,Subexpresso,FALSE
Normal,cyp2c8,0.110838238856698,0.000873906167633106,1.26873316568967,0.204678864568026,0.288437938829293,-6.49677818126328,Superexpresso,FALSE
Normal,cyp3a43,0.109580336042245,-0.0016244069583553,1.23851613688184,0.215665138064992,0.303046702625807,-6.53447837685283,Superexpresso,FALSE
Normal,agmo,-0.109005314377054,-0.000210964681075381,-1.23189476809416,0.218128279036219,0.305455493621177,-6.54261831295554,Subexpresso,FALSE
Normal,mdm2,-0.106915262486982,0.00177227200843437,-1.23055619255465,0.218628676415975,0.305455493621177,-6.54425858758142,Subexpresso,FALSE
Normal,akt2,-0.10684226990587,-0.000782076963626779,-1.22465463522233,0.220844685085822,0.307672509991359,-6.5514690544436,Subexpresso,FALSE
Normal,sgcd,0.104537880058132,-0.00130047443331576,1.22292237518226,0.221498190090525,0.307706292483712,-6.55357894237586,Superexpresso,FALSE
Normal,itch,0.105761158616894,0.000795202952029521,1.20379575371291,0.228806136846823,0.316958076255231,-6.57667686199553,Superexpresso,FALSE
Normal,arid1b,0.104210976781135,-0.00110927780706378,1.18038838689121,0.237981364942067,0.32777105530005,-6.6044495800573,Superexpresso,FALSE
Normal,cdkn2b,-0.103148435727355,0.000840221402214023,-1.17960287184102,0.238293716875926,0.32777105530005,-6.60537214512132,Subexpresso,FALSE
Normal,pde4dip,-0.0994201255177954,-0.000512598840274116,-1.17823104359013,0.238839904512279,0.32777105530005,-6.60698184750885,Subexpresso,FALSE
Normal,hsd17b12,-0.102223363709615,0.00238402741170269,-1.17709476218246,0.239292979022736,0.32777105530005,-6.60831374300032,Subexpresso,FALSE
Normal,hes5,0.101991450205958,-0.000814232999472852,1.15922578665281,0.246497832340683,0.335981606485517,-6.62909012958154,Superexpresso,FALSE
Normal,smad1,0.0995415915279072,0.000501739588824459,1.15882454396214,0.24666134300266,0.335981606485517,-6.62955301385222,Superexpresso,FALSE
Normal,mlh1,0.0958349039323725,0.000213178703215604,1.13847665983573,0.255053208541139,0.346447274935046,-6.65281702744296,Superexpresso,FALSE
Normal,ackr3,-0.0973637655745956,-0.000173537163943068,-1.13528114820733,0.25638893861945,0.346685583764743,-6.6564331050193,Subexpresso,FALSE
Normal,hist1h2bc,-0.0983523034190221,0.00130311017395888,-1.13466609832922,0.256646587572264,0.346685583764743,-6.65712793755511,Subexpresso,FALSE
Normal,acvr1c,0.0994752440204914,-0.00238350026357406,1.1327949382416,0.257431536369513,0.346787937423394,-6.65923950723425,Superexpresso,FALSE
Normal,eif5a2,-0.0965795182852697,-0.000389351607801792,-1.12016149103889,0.262774865855976,0.353013487372451,-6.67340503451035,Subexpresso,FALSE
Normal,tp53bp1,0.0913266953244011,-0.00110511333684765,1.11425368376245,0.265299278989401,0.355428349111827,-6.67997520345423,Superexpresso,FALSE
Normal,met,0.0907085131985741,0.000148339483394834,1.10923256351556,0.267458155677243,0.357341634224513,-6.68553179138893,Superexpresso,FALSE
Normal,map4,0.0954418950487217,-0.00232904586188719,1.09948953765167,0.27168241682294,0.361996462742282,-6.69624167038404,Superexpresso,FALSE
Normal,dnah5,-0.0932932331885526,-0.00212208750658935,-1.09244867649583,0.27476303050703,0.365106309559613,-6.70392282405756,Subexpresso,FALSE
Normal,thada,-0.0938527238400893,-0.00116389035318925,-1.085318840209,0.27790681111106,0.367908203781304,-6.71165081667742,Subexpresso,FALSE
Normal,ldlrap1,0.0922324331234157,-0.0010248286768582,1.08425869137797,0.278376350509371,0.367908203781304,-6.71279559004094,Superexpresso,FALSE
Normal,itgav,-0.092826510129178,0.0019598840274117,-1.07153474339634,0.284053939449251,0.374399936363029,-6.72644801073321,Subexpresso,FALSE
Normal,cxcr1,0.0937572746277658,-0.00340300474433316,1.06981388965889,0.284827786188854,0.3744107189418,-6.72828207795138,Superexpresso,FALSE
Normal,dph1,-0.0939757000751464,-0.000105376910911969,-1.06537841731413,0.286828938147357,0.376030430976026,-6.73299578041167,Subexpresso,FALSE
Normal,csf1r,0.0844834177752972,-0.00278481813389563,1.05743490172202,0.290435472586161,0.379740497579232,-6.74138967696884,Superexpresso,FALSE
Normal,chd1,-0.0881323624072934,0.000139694254085399,-1.04866724725455,0.294453683651396,0.383967603481421,-6.75057951959711,Subexpresso,FALSE
Normal,dtx4,0.091073763689205,0.000265471797575121,1.04452158824709,0.296366066777071,0.385433528335073,-6.75489865312622,Superexpresso,FALSE
Normal,tubb1,-0.0905034559686882,-0.00253510806536637,-1.04122165547046,0.297894250061984,0.386393337613555,-6.75832445482691,Subexpresso,FALSE
Normal,shbg,-0.0910761405167144,0.00152688455455983,-1.03684701632,0.299928232921344,0.387611204875577,-6.7628492621914,Subexpresso,FALSE
Normal,frmd3,0.0816265858892132,0.0000823932525039538,1.03579335730209,0.300418500302338,0.387611204875577,-6.76393724090457,Superexpresso,FALSE
Normal,magea8,-0.0911459436250757,0.000565840801265155,-1.0322773720534,0.302062757055099,0.388707074210378,-6.76755544626136,Subexpresso,FALSE
Normal,nf2,-0.0882860331162557,0.00063468634686347,-1.00556580607493,0.314741978834684,0.403960177559476,-6.79464967253581,Subexpresso,FALSE
Normal,mapk4,-0.0836023330922104,-0.00221043753294676,-0.984564616678291,0.32495301094924,0.41597388050832,-6.81545345035146,Subexpresso,FALSE
Normal,acvr2b,0.0842449946490678,-0.00117564575645757,0.965691493849575,0.334311353829778,0.426836167161257,-6.83377492672475,Superexpresso,FALSE
Normal,atr,-0.0820501019806612,0.000367738534528202,-0.960076477513442,0.337128824168995,0.429312487027705,-6.83915743927544,Subexpresso,FALSE
Normal,map3k5,-0.0775619534906338,0.000280917237743806,-0.947250959840209,0.343621021949823,0.436086876292192,-6.85133471976751,Subexpresso,FALSE
Normal,gps2,0.0834761689378406,-0.00188845545598313,0.94605254486906,0.344232176377886,0.436086876292192,-6.85246370316771,Superexpresso,FALSE
Normal,rb1,-0.0799159215872679,0.00199636267791249,-0.939946701571328,0.347354540905431,0.43890535013632,-6.85819595441762,Subexpresso,FALSE
Normal,izumo1r,-0.082445686348026,0.00164217185028993,-0.933221935063281,0.350814202861028,0.442134394842894,-6.86446634617022,Subexpresso,FALSE
Normal,rpgr,0.0761876336566242,0.000180811808118079,0.926637189270794,0.354222542807203,0.445009789513916,-6.87056301526359,Superexpresso,FALSE
Normal,hsd3b1,0.0818675767421738,0.000124512387981023,0.925303703210101,0.354915783047908,0.445009789513916,-6.87179189612823,Superexpresso,FALSE
Normal,akt1,0.0766425814388171,0.000387822878228783,0.921120423941054,0.357094809915884,0.446596833884572,-6.87563693972868,Superexpresso,FALSE
Normal,tp53,-0.0798296424629512,0.000108381655245125,-0.9080972824581,0.363932506508411,0.453987233884217,-6.88749539162989,Subexpresso,FALSE
Normal,rad50,0.0798059918723503,-0.00114027411702688,0.904017068313117,0.36609151826719,0.455207742510643,-6.8911760117238,Superexpresso,FALSE
Normal,tert,-0.079523790354339,0.000994570374275171,-0.902732854758325,0.366772700509598,0.455207742510643,-6.89233102972608,Subexpresso,FALSE
Normal,hes7,-0.0780615643486515,0.00141623616236162,-0.883379959255375,0.377133569934708,0.466881811893853,-6.90953830796097,Subexpresso,FALSE
Normal,nbn,-0.0777566693315444,0.00149119662625198,-0.879345617417802,0.379315949958804,0.468397726085493,-6.91307843732495,Subexpresso,FALSE
Normal,nrg3,-0.074559881947176,0.000247021613073273,-0.844373443770128,0.398558305712605,0.490919424416785,-6.94308788067438,Subexpresso,FALSE
Normal,ncstn,-0.0707590846748963,0.000556510279388507,-0.8204622878608,0.412047064239453,0.50625883018365,-6.96290549305111,Subexpresso,FALSE
Normal,afdn,-0.0692265725114043,-0.000179704797047972,-0.801006124089285,0.423220005643152,0.518683164810781,-6.97861102282333,Subexpresso,FALSE
Normal,bmpr1a,-0.0695116776097921,0.00227796520822351,-0.795108268587056,0.426641658532779,0.521569427556322,-6.98329753058163,Subexpresso,FALSE
Normal,mmp24,-0.068251354399115,0.0000135477069056416,-0.77257633844806,0.439861330560939,0.536389502853614,-7.00088296089593,Subexpresso,FALSE
Normal,cyp17a1,-0.0673828176353291,-0.00383025830258302,-0.763450809724783,0.44528156722785,0.541648473568206,-7.00786139584043,Subexpresso,FALSE
Normal,clk3,0.0667355798568913,-0.000661096468107539,0.755255833112296,0.450181395993424,0.546249882483336,-7.01405759693595,Superexpresso,FALSE
Normal,klrg1,0.0571476546318979,-0.000292936215076435,0.746734827694422,0.455307714888386,0.551102654902032,-7.02043024056077,Superexpresso,FALSE
Normal,gpr32,0.0639733261553552,-0.00137453874538745,0.723547075282429,0.469425575929803,0.566787917604132,-7.03740290813835,Superexpresso,FALSE
Normal,ran,0.0597146690051346,0.00129478123352662,0.702401720537322,0.482507627874575,0.58114834982923,-7.05241485999261,Superexpresso,FALSE
Normal,fanca,-0.0617534389974612,-0.000121244069583552,-0.699448745072596,0.484350201742026,0.581934271871869,-7.05447588564438,Subexpresso,FALSE
Normal,clrn2,-0.0601743599190629,0.00100342646283606,-0.680448494148782,0.496296602984041,0.594826075635284,-7.06752951111279,Subexpresso,FALSE
Normal,bbc3,-0.0592550076430285,-0.00036151818661044,-0.672757626879053,0.501176572812406,0.599206220306275,-7.07271116252454,Subexpresso,FALSE
Normal,itgb3,0.0583963669447816,0.00129077490774908,0.662979383274634,0.507417555943723,0.604510129686282,-7.07921415433452,Superexpresso,FALSE
Normal,bcas3,0.0566918253228218,0.000837585661570902,0.661937091694989,0.508085201024666,0.604510129686282,-7.07990171440231,Superexpresso,FALSE
Normal,thsd7a,-0.057551674556589,-0.00246399578281497,-0.655687991812202,0.512097744715403,0.607805332926777,-7.08400133105839,Subexpresso,FALSE
Normal,wwox,-0.0569121836695852,-0.00144554559831313,-0.650260881499389,0.515595863064594,0.610475489197546,-7.08753015805157,Subexpresso,FALSE
Normal,inhbc,-0.0572443327989143,0.00114243542435424,-0.64639828340675,0.518093092257896,0.610788015508374,-7.09002384637835,Subexpresso,FALSE
Normal,stat2,0.055422251118368,-0.00148181338956247,0.645989215120903,0.518357927271933,0.610788015508374,-7.09028707066598,Superexpresso,FALSE
Normal,cyp11b2,0.0567321551318683,0.0000000527148128642228,0.64198532749615,0.520953777571408,0.612265488138499,-7.09285466942763,Superexpresso,FALSE
Normal,mapk14,-0.0562362489891022,0.000262414338429099,-0.640196077481613,0.522115968412585,0.612265488138499,-7.09399691448365,Subexpresso,FALSE
Normal,notch1,-0.0469152606965671,-0.00146784396415393,-0.63216985131651,0.527345108209435,0.616918081134961,-7.09908223552356,Subexpresso,FALSE
Normal,mmp21,0.0547964966538381,0.00136541908276226,0.619253191418855,0.535817704930857,0.625333789286847,-7.10712976532787,Superexpresso,FALSE
Normal,ddc,-0.0503458303030018,-0.000641170268845545,-0.593098993403707,0.553179679482045,0.643765113664571,-7.12291743852693,Subexpresso,FALSE
Normal,bmp10,0.052225110970262,-0.00157680548234054,0.591509619142144,0.554243584566022,0.643765113664571,-7.12385489804061,Superexpresso,FALSE
Normal,zfyve9,0.0518532316558864,0.0000653136531365327,0.58705371203204,0.557231638414502,0.645702064418701,-7.12646971482518,Superexpresso,FALSE
Normal,tgfb2,-0.0505819912176173,-0.00180242488139167,-0.583640411304673,0.559525836150115,0.646827739662899,-7.12845933958192,Subexpresso,FALSE
Normal,dll4,0.0511391725555197,0.000306167633104902,0.57925128787877,0.562482641558479,0.648712291797397,-7.13100072894253,Superexpresso,FALSE
Normal,mmp23b,0.050520849103978,-0.000454454401686873,0.572225029179409,0.567231655070272,0.652650069010266,-7.13502914834468,Superexpresso,FALSE
Normal,asxl2,-0.0500263771875072,0.00125134422772799,-0.569024622205904,0.569401147913189,0.653608359928519,-7.13684777116271,Subexpresso,FALSE
Normal,mtor,0.0494424935440585,0.0000563521349499213,0.564812306248962,0.572262621119945,0.65409856365594,-7.13922586613349,Superexpresso,FALSE
Normal,e2f6,-0.049887041486252,0.000406642066420664,-0.564458250416241,0.572503446308267,0.65409856365594,-7.13942494628432,Subexpresso,FALSE
Normal,mapk7,-0.0469222213717207,-0.000935898787559304,-0.543350770956952,0.586946804529582,0.669037266701551,-7.15106786808841,Subexpresso,FALSE
Normal,smad4,-0.0446557809664978,0.00131855561412757,-0.54020966940239,0.589110431074564,0.669941862315028,-7.15276270677386,Subexpresso,FALSE
Normal,hes2,0.0460893146036863,0.000095835529783869,0.530078898963933,0.59611406636349,0.676333592695468,-7.1581615294286,Superexpresso,FALSE
Normal,bmp3,-0.0464985453078101,-0.00032377438060095,-0.527145524755214,0.598149008798842,0.677071447459801,-7.15970572092098,Subexpresso,FALSE
Normal,cdh1,0.0445457908966427,0.000776489193463362,0.518885246639136,0.603896218862903,0.681998270263186,-7.16400808209722,Superexpresso,FALSE
Normal,bmp2,0.0405882998240845,-0.000930996309963099,0.506199443106843,0.61277012787321,0.690425328410137,-7.17048360895249,Superexpresso,FALSE
Normal,smad7,-0.0432076323209935,0.000640959409594098,-0.500557110263106,0.616736054580017,0.69329639238995,-7.17331169421387,Subexpresso,FALSE
Normal,casp8,-0.0424148508038032,0.00094190827622562,-0.486930600670305,0.626359053897233,0.702291384733011,-7.18001193368831,Subexpresso,FALSE
Normal,terc,0.0422830901074092,0.00120948866631523,0.485165764545861,0.627610092286965,0.702291384733011,-7.18086619217383,Superexpresso,FALSE
Normal,mmp16,-0.0418717601266942,-0.0014904586188719,-0.474719916232572,0.635036685479818,0.708979313241167,-7.18585894495602,Subexpresso,FALSE
Normal,casp6,-0.0407166965606103,0.00131497100685293,-0.47094217784858,0.637731637528211,0.710366220390194,-7.18763782280302,Subexpresso,FALSE
Normal,dtx2,-0.0374260941554145,-0.00198608328940433,-0.456035431156976,0.648412151865217,0.720621686959298,-7.19451867944354,Subexpresso,FALSE
Normal,smad2,0.0394620195986129,0.000572377438060095,0.445576012066877,0.655950124931741,0.726734559012069,-7.19921431563347,Superexpresso,FALSE
Normal,hsd17b14,-0.039116902601149,0.00107754348972061,-0.444282453303816,0.656884816121339,0.726734559012069,-7.19978749528078,Subexpresso,FALSE
Normal,map3k10,-0.0372656520703571,-0.00109583552978387,-0.422572277014673,0.672651235380809,0.742497639054663,-7.20915870029736,Subexpresso,FALSE
Normal,psen1,0.0361886471229293,-0.00106910911966263,0.416424994619594,0.677142203950587,0.745771481378012,-7.21172691899973,Superexpresso,FALSE
Normal,mmp26,0.03619022582802,0.000684132841328412,0.409064555526134,0.682534594831137,0.750021161511069,-7.21475247209011,Superexpresso,FALSE
Normal,npnt,0.0306782939771907,-0.000692040063257776,0.404901126157595,0.685591667365866,0.751691312425804,-7.21644029009031,Superexpresso,FALSE
Normal,sf3b1,-0.035006277334064,0.00241649973642594,-0.40021696200112,0.689038009075826,0.753395252331348,-7.21831793278497,Subexpresso,FALSE
Normal,tgfb1,-0.0352563915329063,0.000892988929889299,-0.398602604293475,0.690227143240172,0.753395252331348,-7.21896008831154,Subexpresso,FALSE
Normal,sik1,0.0334113628203221,0.00135229309435952,0.38835480416925,0.697793411852432,0.759957635625477,-7.22297591183106,Superexpresso,FALSE
Normal,hsd17b3,0.0323208598716712,-0.00299694254085398,0.369432336036166,0.711843276805956,0.773536360795806,-7.23011627198795,Superexpresso,FALSE
Normal,ugt2b17,-0.032429179423118,0.000271481286241435,-0.366610224128159,0.713947240004266,0.774102439827242,-7.23115063740617,Subexpresso,FALSE
Normal,hsd17b1,-0.0294718075330099,-0.00263410648392198,-0.337292597527203,0.735930527136758,0.796172627809457,-7.24142703128636,Subexpresso,FALSE
Normal,map2k4,0.0268076097671603,0.000395624670532419,0.322127609649469,0.747388525091321,0.805533952355461,-7.24640678502865,Superexpresso,FALSE
Normal,notch2,-0.0279180775786721,0.00296225619399051,-0.321481276455346,0.747878147994641,0.805533952355461,-7.24661392110563,Subexpresso,FALSE
Normal,gdf2,-0.0282136056044774,0.00317364259356879,-0.318930937324066,0.749811053933853,0.805840890931108,-7.24742724083507,Subexpresso,FALSE
Normal,serpini1,0.0252941044399653,0.000374960463890352,0.303402991100421,0.761613241026543,0.816729988732411,-7.25223943276967,Superexpresso,FALSE
Normal,setd1a,-0.0237954122334466,-0.000964470216130734,-0.273221001233733,0.784710585946173,0.839657497872382,-7.26090602005726,Subexpresso,FALSE
Normal,ptprd,-0.0223761222645501,0.000121613073273589,-0.255705315091707,0.798203790087197,0.852230684176068,-7.26551954579478,Subexpresso,FALSE
Normal,erbb2,-0.0188834011081627,0.00156700052714813,-0.245833872112384,0.805834997136965,0.858503951198205,-7.26798512174224,Subexpresso,FALSE
Normal,ctcf,-0.0208191152137147,0.00166905640484976,-0.236773124714997,0.812856224064078,0.864101507755074,-7.2701625669339,Subexpresso,FALSE
Normal,casp10,0.019882416104637,-0.000844438587243016,0.230052082430749,0.818074024020178,0.867761817236154,-7.27172501220794,Superexpresso,FALSE
Normal,asxl1,0.0194866561947172,-0.000919820769636268,0.223055245428182,0.823514512228123,0.870177412900904,-7.27330377686526,Superexpresso,FALSE
Normal,hdac9,0.0193907375269173,-0.00259583552978387,0.22059470288113,0.82542977491766,0.870177412900904,-7.2738473854622,Superexpresso,FALSE
Normal,rps6ka1,0.0188606829100517,-0.00171845018450185,0.219801248106987,0.826047614855201,0.870177412900904,-7.27402139804325,Superexpresso,FALSE
Normal,bad,0.0183327858676817,-0.000105851344227728,0.217975963549158,0.827469319016197,0.870177412900904,-7.27441932100955,Superexpresso,FALSE
Normal,rab25,0.0166743441760297,0.00161918819188192,0.210869087681283,0.833010003030752,0.874124230648149,-7.27593713945546,Superexpresso,FALSE
Normal,star,0.017193248534539,-0.00333879810226674,0.195130629675192,0.845309829697368,0.885131706042854,-7.27911908434604,Superexpresso,FALSE
Normal,casp7,-0.0165265832549017,0.000251133368476542,-0.18856040859441,0.850455844433114,0.888617324632036,-7.28037447604267,Subexpresso,FALSE
Normal,akr1c1,-0.0153730835771478,0.00048255139694254,-0.17363612562649,0.862168412500347,0.898934656103774,-7.2830663592485,Subexpresso,FALSE
Normal,tg,-0.015119202735881,0.00105867158671587,-0.170909067178592,0.864311966408062,0.899252237390515,-7.28353426648,Subexpresso,FALSE
Normal,bmp5,0.0145324288346313,0.000747654190827622,0.16629186277301,0.867943505790278,0.900858904375293,-7.28430959765079,Superexpresso,FALSE
Normal,lipi,-0.0145269123443997,-0.000106167633104902,-0.16426228816294,0.869540701155702,0.900858904375293,-7.28464369055403,Subexpresso,FALSE
Normal,cdkn1a,-0.0139821339960129,-0.00122551396942541,-0.159341465726403,0.873415394167478,0.901925909646859,-7.28543668673845,Subexpresso,FALSE
Normal,ctnna3,-0.0140097376451389,-0.00090980495519241,-0.158270012719634,0.874259470700637,0.901925909646859,-7.28560615538974,Subexpresso,FALSE
Normal,nek1,0.0130118862332506,0.00000537691091196668,0.151881177497578,0.879295451264046,0.905211527722355,-7.28659292425885,Superexpresso,FALSE
Normal,gh1,-0.0130195339444966,0.000215972588297312,-0.147783733735184,0.882527836358663,0.906630487351651,-7.28720438634428,Subexpresso,FALSE
Normal,rps6kb1,0.0111015352215134,0.00115672113863996,0.131919753520204,0.895060581506339,0.917577828839832,-7.28941407596705,Superexpresso,FALSE
Normal,map3k13,-0.0109387734236991,0.00046178176067475,-0.127098046617944,0.89887513894348,0.919560550090715,-7.29003602135594,Subexpresso,FALSE
Normal,prr16,0.0101048390823547,0.0000431734317343175,0.115976041034986,0.907682776838224,0.926632312889127,-7.29138232810832,Superexpresso,FALSE
Normal,bmpr1b,-0.00749090551425399,-0.00129114391143911,-0.0953662977435208,0.924033035777298,0.941358655198122,-7.29355145885835,Subexpresso,FALSE
Normal,ros1,-0.00640277895825594,-0.00071987348444913,-0.0733754592001812,0.941514433103166,0.957173716813821,-7.29539938207774,Subexpresso,FALSE
Normal,hdac1,0.0059324708127615,0.00078845545598313,0.0676080077065295,0.946104208483595,0.958954162675665,-7.29580430881815,Superexpresso,FALSE
Normal,fbxw7,0.00562665236256552,-0.0011462836056932,0.0655201012575317,0.947766227493074,0.958954162675665,-7.29594273085481,Superexpresso,FALSE
Normal,stk11,0.00543553620490261,-0.00352783342119136,0.061908202324694,0.950641910725518,0.958954162675665,-7.29617193686654,Superexpresso,FALSE
Normal,pdpk1,0.00526304419550089,0.00203010015814444,0.0613204074553414,0.951109956846007,0.958954162675665,-7.29620800817624,Superexpresso,FALSE
Normal,cyp3a7,-0.00373822348923046,-0.000611860832894043,-0.042454951726043,0.966140116161212,0.97210394403875,-7.29718296712412,Subexpresso,FALSE
Normal,numbl,-0.00342509531608241,-0.00175260938323669,-0.0389481756186958,0.96893546193833,0.972914663014052,-7.29732512605553,Subexpresso,FALSE
Normal,cxcr2,0.00202752009824449,0.00129947285187138,0.022940825426052,0.981699685517576,0.983711365201014,-7.29781847939575,Superexpresso,FALSE
Normal,casp9,0.00137745372394929,0.000120137058513443,0.0159342706903157,0.987288364605083,0.987288364605083,-7.2979541236126,Superexpresso,FALSE
